script_text,prompt_img_nano,prompt_video_veo3
通院の日の朝、探し物をして焦ったり、待ち時間でぐったり疲れてしまったりしていませんか？,"Generate a retro-clean 2D illustration (illustrated lifestyle handbook, retro-clean 2D, warm domestic scenes, senior-friendly). Clean flat outlines, minimal detail, object clarity, flat soft colors, warm earth tones, low saturation. Practical domestic scene focus, minimal clutter. A visibly senior Japanese character (65-75) looking stressed while rummaging through a bag in a Japanese entryway (genkan). The human characters MUST explicitly show aging features: silver-gray hair, facial wrinkles, relaxed mature posture, and weathered hands. DO NOT make them look younger than 60.  No photorealistic rendering, no lip sync, no direct-to-camera speech, no mouth-open speaking pose, no cluttered composition. No other readable text. (Line 0)","Solution demo beat 0. Smooth lateral follow. The subject continues their everyday task naturally focusing on the messy bag and stressed expression. Soft lighting remains stable. Preserve the warm, calm editorial mood of the image exactly. (Silent video, no audio). No lip sync, no direct-to-camera speech, no mouth-open speaking pose, no new readable text. [Context 0]"
「あれ、保険証はどこにしまったかしら」と、玄関先で慌ててしまう方もいらっしゃるかもしれません。,"Generate a retro-clean 2D illustration (illustrated lifestyle handbook, retro-clean 2D, warm domestic scenes, senior-friendly). Clean flat outlines, minimal detail, object clarity, flat soft colors, warm earth tones, low saturation. Practical domestic scene focus, minimal clutter. Close-up of weathered hands holding multiple disorganized cards and papers at the genkan. The human characters MUST explicitly show aging features: silver-gray hair, facial wrinkles, relaxed mature posture, and weathered hands. DO NOT make them look younger than 60.  No photorealistic rendering, no lip sync, no direct-to-camera speech, no mouth-open speaking pose, no cluttered composition. No other readable text. (Line 1)","Danger reveal beat 1. Slow macro drift over the object. The object remains perfectly still focusing on disorganized cards and papers. Soft lighting remains stable. Preserve the warm, calm editorial mood of the image exactly. (Silent video, no audio). No lip sync, no direct-to-camera speech, no mouth-open speaking pose, no new readable text. [Context 1]"
予約の時間に遅れないようにと、つい足早になってしまうこともありますね。,"Generate a retro-clean 2D illustration (illustrated lifestyle handbook, retro-clean 2D, warm domestic scenes, senior-friendly). Clean flat outlines, minimal detail, object clarity, flat soft colors, warm earth tones, low saturation. Practical domestic scene focus, minimal clutter. Senior person putting on shoes hurriedly at the genkan, slightly off balance. The human characters MUST explicitly show aging features: silver-gray hair, facial wrinkles, relaxed mature posture, and weathered hands. DO NOT make them look younger than 60.  No photorealistic rendering, no lip sync, no direct-to-camera speech, no mouth-open speaking pose, no cluttered composition. No other readable text. (Line 2)","Danger reveal beat 2. Smooth lateral follow. The subject continues their everyday task naturally focusing on rushed footwear action. Soft lighting remains stable. Preserve the warm, calm editorial mood of the image exactly. (Silent video, no audio). No lip sync, no direct-to-camera speech, no mouth-open speaking pose, no new readable text. [Context 2]"
実は、出かける前のバタバタは、思いのほか体力を奪うものです。,"Generate a retro-clean 2D illustration (illustrated lifestyle handbook, retro-clean 2D, warm domestic scenes, senior-friendly). Clean flat outlines, minimal detail, object clarity, flat soft colors, warm earth tones, low saturation. Practical domestic scene focus, minimal clutter. Split composition showing a messy bag vs a clock, implying feeling overwhelmed. The human characters MUST explicitly show aging features: silver-gray hair, facial wrinkles, relaxed mature posture, and weathered hands. DO NOT make them look younger than 60.  No photorealistic rendering, no lip sync, no direct-to-camera speech, no mouth-open speaking pose, no cluttered composition. No other readable text. (Line 3)","Near miss beat 3. Gentle slow push forward. The subject performs a subtle, calm micro-movement focusing on messy bag vs clock. Soft lighting remains stable. Preserve the warm, calm editorial mood of the image exactly. (Silent video, no audio). No lip sync, no direct-to-camera speech, no mouth-open speaking pose, no new readable text. [Context 3]"
病院に着く頃には、すでにとても疲れているという声もよく耳にします。,"Generate a retro-clean 2D illustration (illustrated lifestyle handbook, retro-clean 2D, warm domestic scenes, senior-friendly). Clean flat outlines, minimal detail, object clarity, flat soft colors, warm earth tones, low saturation. Practical domestic scene focus, minimal clutter. A senior Japanese person (65-75) doing the action described: 病院に着く頃には、すでにとても疲れているという声もよく耳にし... in a clean domestic or clinic setting. The human characters MUST explicitly show aging features: silver-gray hair, facial wrinkles, relaxed mature posture, and weathered hands. DO NOT make them look younger than 60.  No photorealistic rendering, no lip sync, no direct-to-camera speech, no mouth-open speaking pose, no cluttered composition. No other readable text. (Line 4)","Detail beat 4. Smooth lateral follow. The subject continues their everyday task naturally focusing on the subject action. Soft lighting remains stable. Preserve the warm, calm editorial mood of the image exactly. (Silent video, no audio). No lip sync, no direct-to-camera speech, no mouth-open speaking pose, no new readable text. [Context 4]"
そこで今日は、通院の疲れを和らげ、安全に出かけるための準備ポイントを一緒に確認していきます。,"Generate a retro-clean 2D illustration (illustrated lifestyle handbook, retro-clean 2D, warm domestic scenes, senior-friendly). Clean flat outlines, minimal detail, object clarity, flat soft colors, warm earth tones, low saturation. Practical domestic scene focus, minimal clutter. A calm, reassuring senior Japanese female host (65-75) sitting comfortably in a warm Japanese living room, gently gesturing to explain a helpful tip about: そこで今日は、通院の疲れを和らげ、安全に... The human characters MUST explicitly show aging features: silver-gray hair, facial wrinkles, relaxed mature posture, and weathered hands. DO NOT make them look younger than 60.  No photorealistic rendering, no lip sync, no direct-to-camera speech, no mouth-open speaking pose, no cluttered composition. No other readable text. (Line 5) The character MUST appear the SAME age as the reference. NO youth reduction.","Expert emphasis beat 5. Slow, reassuring push toward the host. The host gives a subtle nod and gentle hand gesture focusing on the host explaining. Soft lighting remains stable. Preserve the warm, calm editorial mood of the image exactly. (Silent video, no audio). No lip sync, no direct-to-camera speech, no mouth-open speaking pose, no new readable text. [Context 5]"
大がかりな準備は必要ありません。,"Generate a retro-clean 2D illustration (illustrated lifestyle handbook, retro-clean 2D, warm domestic scenes, senior-friendly). Clean flat outlines, minimal detail, object clarity, flat soft colors, warm earth tones, low saturation. Practical domestic scene focus, minimal clutter. A senior Japanese person (65-75) doing the action described: 大がかりな準備は必要ありません。... in a clean domestic or clinic setting. The human characters MUST explicitly show aging features: silver-gray hair, facial wrinkles, relaxed mature posture, and weathered hands. DO NOT make them look younger than 60.  No photorealistic rendering, no lip sync, no direct-to-camera speech, no mouth-open speaking pose, no cluttered composition. No other readable text. (Line 6)","Solution demo beat 6. Smooth lateral follow. The subject continues their everyday task naturally focusing on the subject action. Soft lighting remains stable. Preserve the warm, calm editorial mood of the image exactly. (Silent video, no audio). No lip sync, no direct-to-camera speech, no mouth-open speaking pose, no new readable text. [Context 6]"
お家の中を見直してみましょう。,"Generate a retro-clean 2D illustration (illustrated lifestyle handbook, retro-clean 2D, warm domestic scenes, senior-friendly). Clean flat outlines, minimal detail, object clarity, flat soft colors, warm earth tones, low saturation. Practical domestic scene focus, minimal clutter. A senior Japanese person (65-75) doing the action described: お家の中を見直してみましょう。... in a clean domestic or clinic setting. The human characters MUST explicitly show aging features: silver-gray hair, facial wrinkles, relaxed mature posture, and weathered hands. DO NOT make them look younger than 60.  No photorealistic rendering, no lip sync, no direct-to-camera speech, no mouth-open speaking pose, no cluttered composition. No other readable text. (Line 7)","Observation beat 7. Smooth lateral follow. The subject continues their everyday task naturally focusing on the subject action. Soft lighting remains stable. Preserve the warm, calm editorial mood of the image exactly. (Silent video, no audio). No lip sync, no direct-to-camera speech, no mouth-open speaking pose, no new readable text. [Context 7]"
前日の夜と、当日の朝にできる、ちょっとした工夫ばかりです。,"Generate a retro-clean 2D illustration (illustrated lifestyle handbook, retro-clean 2D, warm domestic scenes, senior-friendly). Clean flat outlines, minimal detail, object clarity, flat soft colors, warm earth tones, low saturation. Practical domestic scene focus, minimal clutter. A senior Japanese person (65-75) doing the action described: 前日の夜と、当日の朝にできる、ちょっとした工夫ばかりです。... in a clean domestic or clinic setting. The human characters MUST explicitly show aging features: silver-gray hair, facial wrinkles, relaxed mature posture, and weathered hands. DO NOT make them look younger than 60.  No photorealistic rendering, no lip sync, no direct-to-camera speech, no mouth-open speaking pose, no cluttered composition. No other readable text. (Line 8)","Focus beat 8. Smooth lateral follow. The subject continues their everyday task naturally focusing on the subject action. Soft lighting remains stable. Preserve the warm, calm editorial mood of the image exactly. (Silent video, no audio). No lip sync, no direct-to-camera speech, no mouth-open speaking pose, no new readable text. [Context 8]"
これらを意識するだけで、通院の日の負担は少し軽くなることがあります。,"Generate a retro-clean 2D illustration (illustrated lifestyle handbook, retro-clean 2D, warm domestic scenes, senior-friendly). Clean flat outlines, minimal detail, object clarity, flat soft colors, warm earth tones, low saturation. Practical domestic scene focus, minimal clutter. A senior Japanese person (65-75) doing the action described: これらを意識するだけで、通院の日の負担は少し軽くなることがあ... in a clean domestic or clinic setting. The human characters MUST explicitly show aging features: silver-gray hair, facial wrinkles, relaxed mature posture, and weathered hands. DO NOT make them look younger than 60.  No photorealistic rendering, no lip sync, no direct-to-camera speech, no mouth-open speaking pose, no cluttered composition. No other readable text. (Line 9)","Attention beat 9. Smooth lateral follow. The subject continues their everyday task naturally focusing on the subject action. Soft lighting remains stable. Preserve the warm, calm editorial mood of the image exactly. (Silent video, no audio). No lip sync, no direct-to-camera speech, no mouth-open speaking pose, no new readable text. [Context 9]"
無理のない範囲で、ご自身の生活に取り入れやすいものから試してみてください。,"Generate a retro-clean 2D illustration (illustrated lifestyle handbook, retro-clean 2D, warm domestic scenes, senior-friendly). Clean flat outlines, minimal detail, object clarity, flat soft colors, warm earth tones, low saturation. Practical domestic scene focus, minimal clutter. A senior Japanese person (65-75) doing the action described: 無理のない範囲で、ご自身の生活に取り入れやすいものから試して... in a clean domestic or clinic setting. The human characters MUST explicitly show aging features: silver-gray hair, facial wrinkles, relaxed mature posture, and weathered hands. DO NOT make them look younger than 60.  No photorealistic rendering, no lip sync, no direct-to-camera speech, no mouth-open speaking pose, no cluttered composition. No other readable text. (Line 10)","Detail beat 10. Smooth lateral follow. The subject continues their everyday task naturally focusing on the subject action. Soft lighting remains stable. Preserve the warm, calm editorial mood of the image exactly. (Silent video, no audio). No lip sync, no direct-to-camera speech, no mouth-open speaking pose, no new readable text. [Context 10]"
それでは、ひとつずつ確認してみましょう。,"Generate a retro-clean 2D illustration (illustrated lifestyle handbook, retro-clean 2D, warm domestic scenes, senior-friendly). Clean flat outlines, minimal detail, object clarity, flat soft colors, warm earth tones, low saturation. Practical domestic scene focus, minimal clutter. A calm, reassuring senior Japanese female host (65-75) sitting comfortably in a warm Japanese living room, gently gesturing to explain a helpful tip about: それでは、ひとつずつ確認してみましょう。... The human characters MUST explicitly show aging features: silver-gray hair, facial wrinkles, relaxed mature posture, and weathered hands. DO NOT make them look younger than 60.  No photorealistic rendering, no lip sync, no direct-to-camera speech, no mouth-open speaking pose, no cluttered composition. No other readable text. (Line 11) The character MUST appear the SAME age as the reference. NO youth reduction.","Expert emphasis beat 11. Slow, reassuring push toward the host. The host gives a subtle nod and gentle hand gesture focusing on the host explaining. Soft lighting remains stable. Preserve the warm, calm editorial mood of the image exactly. (Silent video, no audio). No lip sync, no direct-to-camera speech, no mouth-open speaking pose, no new readable text. [Context 11]"
そもそも、なぜ通院や外出の日に思わぬケガをしてしまうことが多いのでしょうか。,"Generate a retro-clean 2D illustration (illustrated lifestyle handbook, retro-clean 2D, warm domestic scenes, senior-friendly). Clean flat outlines, minimal detail, object clarity, flat soft colors, warm earth tones, low saturation. Practical domestic scene focus, minimal clutter. A clean, abstract or environment-focused scene supporting the narration: そもそも、なぜ通院や外出の日に思わぬケガをしてしまうことが多... The human characters MUST explicitly show aging features: silver-gray hair, facial wrinkles, relaxed mature posture, and weathered hands. DO NOT make them look younger than 60.  No photorealistic rendering, no lip sync, no direct-to-camera speech, no mouth-open speaking pose, no cluttered composition. No other readable text. (Line 12)","Solution demo beat 12. Calm breathing pan across the room. Background elements drift softly focusing on the surrounding environment. Dust motes or curtains shift very slightly in the air. Preserve the warm, calm editorial mood of the image exactly. (Silent video, no audio). No lip sync, no direct-to-camera speech, no mouth-open speaking pose, no new readable text. [Context 12]"
実は、年齢とともに少しずつ筋力やバランス感覚が変化しています。,"Generate a retro-clean 2D illustration (illustrated lifestyle handbook, retro-clean 2D, warm domestic scenes, senior-friendly). Clean flat outlines, minimal detail, object clarity, flat soft colors, warm earth tones, low saturation. Practical domestic scene focus, minimal clutter. A senior Japanese person (65-75) doing the action described: 実は、年齢とともに少しずつ筋力やバランス感覚が変化しています... in a clean domestic or clinic setting. The human characters MUST explicitly show aging features: silver-gray hair, facial wrinkles, relaxed mature posture, and weathered hands. DO NOT make them look younger than 60.  No photorealistic rendering, no lip sync, no direct-to-camera speech, no mouth-open speaking pose, no cluttered composition. No other readable text. (Line 13)","Observation beat 13. Smooth lateral follow. The subject continues their everyday task naturally focusing on the subject action. Soft lighting remains stable. Preserve the warm, calm editorial mood of the image exactly. (Silent video, no audio). No lip sync, no direct-to-camera speech, no mouth-open speaking pose, no new readable text. [Context 13]"
そのため、普段なら問題ない場所でも、ふらつきやすくなることがあります。,"Generate a retro-clean 2D illustration (illustrated lifestyle handbook, retro-clean 2D, warm domestic scenes, senior-friendly). Clean flat outlines, minimal detail, object clarity, flat soft colors, warm earth tones, low saturation. Practical domestic scene focus, minimal clutter. A senior Japanese person (65-75) doing the action described: そのため、普段なら問題ない場所でも、ふらつきやすくなることが... in a clean domestic or clinic setting. The human characters MUST explicitly show aging features: silver-gray hair, facial wrinkles, relaxed mature posture, and weathered hands. DO NOT make them look younger than 60.  No photorealistic rendering, no lip sync, no direct-to-camera speech, no mouth-open speaking pose, no cluttered composition. No other readable text. (Line 14)","Focus beat 14. Smooth lateral follow. The subject continues their everyday task naturally focusing on the subject action. Soft lighting remains stable. Preserve the warm, calm editorial mood of the image exactly. (Silent video, no audio). No lip sync, no direct-to-camera speech, no mouth-open speaking pose, no new readable text. [Context 14]"
それに加えて、「早く行かなくては」という焦りが重なると、注意力が散漫になりがちです。,"Generate a retro-clean 2D illustration (illustrated lifestyle handbook, retro-clean 2D, warm domestic scenes, senior-friendly). Clean flat outlines, minimal detail, object clarity, flat soft colors, warm earth tones, low saturation. Practical domestic scene focus, minimal clutter. A senior Japanese person (65-75) doing the action described: それに加えて、「早く行かなくては」という焦りが重なると、注意... in a clean domestic or clinic setting. The human characters MUST explicitly show aging features: silver-gray hair, facial wrinkles, relaxed mature posture, and weathered hands. DO NOT make them look younger than 60.  No photorealistic rendering, no lip sync, no direct-to-camera speech, no mouth-open speaking pose, no cluttered composition. No other readable text. (Line 15)","Attention beat 15. Smooth lateral follow. The subject continues their everyday task naturally focusing on the subject action. Soft lighting remains stable. Preserve the warm, calm editorial mood of the image exactly. (Silent video, no audio). No lip sync, no direct-to-camera speech, no mouth-open speaking pose, no new readable text. [Context 15]"
消費者庁などのデータでも、急いでいるときや焦っているときに、思わぬ事故が起きやすいことが報告されています。,"Generate a retro-clean 2D illustration (illustrated lifestyle handbook, retro-clean 2D, warm domestic scenes, senior-friendly). Clean flat outlines, minimal detail, object clarity, flat soft colors, warm earth tones, low saturation. Practical domestic scene focus, minimal clutter. A senior Japanese person (65-75) doing the action described: 消費者庁などのデータでも、急いでいるときや焦っているときに、... in a clean domestic or clinic setting. The human characters MUST explicitly show aging features: silver-gray hair, facial wrinkles, relaxed mature posture, and weathered hands. DO NOT make them look younger than 60.  No photorealistic rendering, no lip sync, no direct-to-camera speech, no mouth-open speaking pose, no cluttered composition. No other readable text. (Line 16)","Detail beat 16. Smooth lateral follow. The subject continues their everyday task naturally focusing on the subject action. Soft lighting remains stable. Preserve the warm, calm editorial mood of the image exactly. (Silent video, no audio). No lip sync, no direct-to-camera speech, no mouth-open speaking pose, no new readable text. [Context 16]"
例えば、玄関のちょっとした段差や、普段から歩き慣れているはずの道でも、つまずいてしまうことがあります。,"Generate a retro-clean 2D illustration (illustrated lifestyle handbook, retro-clean 2D, warm domestic scenes, senior-friendly). Clean flat outlines, minimal detail, object clarity, flat soft colors, warm earth tones, low saturation. Practical domestic scene focus, minimal clutter. A senior Japanese person (65-75) doing the action described: 例えば、玄関のちょっとした段差や、普段から歩き慣れているはず... in a clean domestic or clinic setting. The human characters MUST explicitly show aging features: silver-gray hair, facial wrinkles, relaxed mature posture, and weathered hands. DO NOT make them look younger than 60.  No photorealistic rendering, no lip sync, no direct-to-camera speech, no mouth-open speaking pose, no cluttered composition. No other readable text. (Line 17)","Context beat 17. Smooth lateral follow. The subject continues their everyday task naturally focusing on the subject action. Soft lighting remains stable. Preserve the warm, calm editorial mood of the image exactly. (Silent video, no audio). No lip sync, no direct-to-camera speech, no mouth-open speaking pose, no new readable text. [Context 17]"
また、普段飲んでいるお薬の影響で、立ち上がった瞬間にめまいを感じる方もいらっしゃいます。,"Generate a retro-clean 2D illustration (illustrated lifestyle handbook, retro-clean 2D, warm domestic scenes, senior-friendly). Clean flat outlines, minimal detail, object clarity, flat soft colors, warm earth tones, low saturation. Practical domestic scene focus, minimal clutter. A senior Japanese person (65-75) doing the action described: また、普段飲んでいるお薬の影響で、立ち上がった瞬間にめまいを... in a clean domestic or clinic setting. The human characters MUST explicitly show aging features: silver-gray hair, facial wrinkles, relaxed mature posture, and weathered hands. DO NOT make them look younger than 60.  No photorealistic rendering, no lip sync, no direct-to-camera speech, no mouth-open speaking pose, no cluttered composition. No other readable text. (Line 18)","Solution demo beat 18. Smooth lateral follow. The subject continues their everyday task naturally focusing on the subject action. Soft lighting remains stable. Preserve the warm, calm editorial mood of the image exactly. (Silent video, no audio). No lip sync, no direct-to-camera speech, no mouth-open speaking pose, no new readable text. [Context 18]"
病院へ向かう道のりは、ただでさえ緊張するものです。,"Generate a retro-clean 2D illustration (illustrated lifestyle handbook, retro-clean 2D, warm domestic scenes, senior-friendly). Clean flat outlines, minimal detail, object clarity, flat soft colors, warm earth tones, low saturation. Practical domestic scene focus, minimal clutter. A senior Japanese person (65-75) doing the action described: 病院へ向かう道のりは、ただでさえ緊張するものです。... in a clean domestic or clinic setting. The human characters MUST explicitly show aging features: silver-gray hair, facial wrinkles, relaxed mature posture, and weathered hands. DO NOT make them look younger than 60.  No photorealistic rendering, no lip sync, no direct-to-camera speech, no mouth-open speaking pose, no cluttered composition. No other readable text. (Line 19)","Observation beat 19. Smooth lateral follow. The subject continues their everyday task naturally focusing on the subject action. Soft lighting remains stable. Preserve the warm, calm editorial mood of the image exactly. (Silent video, no audio). No lip sync, no direct-to-camera speech, no mouth-open speaking pose, no new readable text. [Context 19]"
「まだ時間がある」と思っていても、出かける直前になって探し物が見つからないと、急に心拍数が上がってしまうこともありますよね。,"Generate a retro-clean 2D illustration (illustrated lifestyle handbook, retro-clean 2D, warm domestic scenes, senior-friendly). Clean flat outlines, minimal detail, object clarity, flat soft colors, warm earth tones, low saturation. Practical domestic scene focus, minimal clutter. A simple, clean metaphorical illustration representing the health concept: 「まだ時間がある」と思っていても、出かける直前になって探し物... without medical gore or panic. The human characters MUST explicitly show aging features: silver-gray hair, facial wrinkles, relaxed mature posture, and weathered hands. DO NOT make them look younger than 60.  No photorealistic rendering, no lip sync, no direct-to-camera speech, no mouth-open speaking pose, no cluttered composition. No other readable text. (Line 20)","Focus beat 20. Gentle slow push forward. The subject performs a subtle, calm micro-movement focusing on the visual metaphor. Soft lighting remains stable. Preserve the warm, calm editorial mood of the image exactly. (Silent video, no audio). No lip sync, no direct-to-camera speech, no mouth-open speaking pose, no new readable text. [Context 20]"
そうした心の焦りが、足元のつまずきにつながることも少なくありません。,"Generate a retro-clean 2D illustration (illustrated lifestyle handbook, retro-clean 2D, warm domestic scenes, senior-friendly). Clean flat outlines, minimal detail, object clarity, flat soft colors, warm earth tones, low saturation. Practical domestic scene focus, minimal clutter. A senior Japanese person (65-75) doing the action described: そうした心の焦りが、足元のつまずきにつながることも少なくあり... in a clean domestic or clinic setting. The human characters MUST explicitly show aging features: silver-gray hair, facial wrinkles, relaxed mature posture, and weathered hands. DO NOT make them look younger than 60.  No photorealistic rendering, no lip sync, no direct-to-camera speech, no mouth-open speaking pose, no cluttered composition. No other readable text. (Line 21)","Attention beat 21. Smooth lateral follow. The subject continues their everyday task naturally focusing on the subject action. Soft lighting remains stable. Preserve the warm, calm editorial mood of the image exactly. (Silent video, no audio). No lip sync, no direct-to-camera speech, no mouth-open speaking pose, no new readable text. [Context 21]"
だからこそ、当日の朝に焦らない工夫が大切になります。,"Generate a retro-clean 2D illustration (illustrated lifestyle handbook, retro-clean 2D, warm domestic scenes, senior-friendly). Clean flat outlines, minimal detail, object clarity, flat soft colors, warm earth tones, low saturation. Practical domestic scene focus, minimal clutter. A clean, abstract or environment-focused scene supporting the narration: だからこそ、当日の朝に焦らない工夫が大切になります。... The human characters MUST explicitly show aging features: silver-gray hair, facial wrinkles, relaxed mature posture, and weathered hands. DO NOT make them look younger than 60.  No photorealistic rendering, no lip sync, no direct-to-camera speech, no mouth-open speaking pose, no cluttered composition. No other readable text. (Line 22)","Detail beat 22. Calm breathing pan across the room. Background elements drift softly focusing on the surrounding environment. Dust motes or curtains shift very slightly in the air. Preserve the warm, calm editorial mood of the image exactly. (Silent video, no audio). No lip sync, no direct-to-camera speech, no mouth-open speaking pose, no new readable text. [Context 22]"
焦らず、落ち着いて出発できれば、転倒のリスクも自然と減らすことができます。,"Generate a retro-clean 2D illustration (illustrated lifestyle handbook, retro-clean 2D, warm domestic scenes, senior-friendly). Clean flat outlines, minimal detail, object clarity, flat soft colors, warm earth tones, low saturation. Practical domestic scene focus, minimal clutter. A simple, clean metaphorical illustration representing the health concept: 焦らず、落ち着いて出発できれば、転倒のリスクも自然と減らすこ... without medical gore or panic. The human characters MUST explicitly show aging features: silver-gray hair, facial wrinkles, relaxed mature posture, and weathered hands. DO NOT make them look younger than 60.  No photorealistic rendering, no lip sync, no direct-to-camera speech, no mouth-open speaking pose, no cluttered composition. No other readable text. (Line 23)","Context beat 23. Gentle slow push forward. The subject performs a subtle, calm micro-movement focusing on the visual metaphor. Soft lighting remains stable. Preserve the warm, calm editorial mood of the image exactly. (Silent video, no audio). No lip sync, no direct-to-camera speech, no mouth-open speaking pose, no new readable text. [Context 23]"
少しの工夫で、安心につなげることができるのです。,"Generate a retro-clean 2D illustration (illustrated lifestyle handbook, retro-clean 2D, warm domestic scenes, senior-friendly). Clean flat outlines, minimal detail, object clarity, flat soft colors, warm earth tones, low saturation. Practical domestic scene focus, minimal clutter. A calm, reassuring senior Japanese female host (65-75) sitting comfortably in a warm Japanese living room, gently gesturing to explain a helpful tip about: 少しの工夫で、安心につなげることができる... The human characters MUST explicitly show aging features: silver-gray hair, facial wrinkles, relaxed mature posture, and weathered hands. DO NOT make them look younger than 60.  No photorealistic rendering, no lip sync, no direct-to-camera speech, no mouth-open speaking pose, no cluttered composition. No other readable text. (Line 24) The character MUST appear the SAME age as the reference. NO youth reduction.","Expert emphasis beat 24. Slow, reassuring push toward the host. The host gives a subtle nod and gentle hand gesture focusing on the host explaining. Soft lighting remains stable. Preserve the warm, calm editorial mood of the image exactly. (Silent video, no audio). No lip sync, no direct-to-camera speech, no mouth-open speaking pose, no new readable text. [Context 24]"
ここからは、具体的にみっつの見直しポイントを見ていきましょう。,"Generate a retro-clean 2D illustration (illustrated lifestyle handbook, retro-clean 2D, warm domestic scenes, senior-friendly). Clean flat outlines, minimal detail, object clarity, flat soft colors, warm earth tones, low saturation. Practical domestic scene focus, minimal clutter. A senior Japanese person (65-75) doing the action described: ここからは、具体的にみっつの見直しポイントを見ていきましょう... in a clean domestic or clinic setting. The human characters MUST explicitly show aging features: silver-gray hair, facial wrinkles, relaxed mature posture, and weathered hands. DO NOT make them look younger than 60.  No photorealistic rendering, no lip sync, no direct-to-camera speech, no mouth-open speaking pose, no cluttered composition. No other readable text. (Line 25)","Observation beat 25. Smooth lateral follow. The subject continues their everyday task naturally focusing on the subject action. Soft lighting remains stable. Preserve the warm, calm editorial mood of the image exactly. (Silent video, no audio). No lip sync, no direct-to-camera speech, no mouth-open speaking pose, no new readable text. [Context 25]"
ひとつめのポイントは、持ち物の準備です。,"Generate a retro-clean 2D illustration (illustrated lifestyle handbook, retro-clean 2D, warm domestic scenes, senior-friendly). Clean flat outlines, minimal detail, object clarity, flat soft colors, warm earth tones, low saturation. Practical domestic scene focus, minimal clutter. A senior Japanese person (65-75) doing the action described: ひとつめのポイントは、持ち物の準備です。... in a clean domestic or clinic setting. The human characters MUST explicitly show aging features: silver-gray hair, facial wrinkles, relaxed mature posture, and weathered hands. DO NOT make them look younger than 60.  No photorealistic rendering, no lip sync, no direct-to-camera speech, no mouth-open speaking pose, no cluttered composition. No other readable text. (Line 26)","Focus beat 26. Smooth lateral follow. The subject continues their everyday task naturally focusing on the subject action. Soft lighting remains stable. Preserve the warm, calm editorial mood of the image exactly. (Silent video, no audio). No lip sync, no direct-to-camera speech, no mouth-open speaking pose, no new readable text. [Context 26]"
当日の朝、バッグの中をひっくり返していませんか？,"Generate a retro-clean 2D illustration (illustrated lifestyle handbook, retro-clean 2D, warm domestic scenes, senior-friendly). Clean flat outlines, minimal detail, object clarity, flat soft colors, warm earth tones, low saturation. Practical domestic scene focus, minimal clutter. Close-up focus on everyday items related to the narration: 当日の朝、バッグの中をひっくり返していませんか？... arranged neatly in a Japanese home or clinic. The human characters MUST explicitly show aging features: silver-gray hair, facial wrinkles, relaxed mature posture, and weathered hands. DO NOT make them look younger than 60.  No photorealistic rendering, no lip sync, no direct-to-camera speech, no mouth-open speaking pose, no cluttered composition. No other readable text. (Line 27)","Attention beat 27. Slow macro drift over the object. The object remains perfectly still focusing on the focused object. Soft lighting remains stable. Preserve the warm, calm editorial mood of the image exactly. (Silent video, no audio). No lip sync, no direct-to-camera speech, no mouth-open speaking pose, no new readable text. [Context 27]"
保険証や診察券、お薬手帳など、通院に必要なものは案外多いものです。,"Generate a retro-clean 2D illustration (illustrated lifestyle handbook, retro-clean 2D, warm domestic scenes, senior-friendly). Clean flat outlines, minimal detail, object clarity, flat soft colors, warm earth tones, low saturation. Practical domestic scene focus, minimal clutter. Close-up focus on everyday items related to the narration: 保険証や診察券、お薬手帳など、通院に必要なものは案外多いもの... arranged neatly in a Japanese home or clinic. The human characters MUST explicitly show aging features: silver-gray hair, facial wrinkles, relaxed mature posture, and weathered hands. DO NOT make them look younger than 60.  No photorealistic rendering, no lip sync, no direct-to-camera speech, no mouth-open speaking pose, no cluttered composition. No other readable text. (Line 28)","Detail beat 28. Slow macro drift over the object. The object remains perfectly still focusing on the focused object. Soft lighting remains stable. Preserve the warm, calm editorial mood of the image exactly. (Silent video, no audio). No lip sync, no direct-to-camera speech, no mouth-open speaking pose, no new readable text. [Context 28]"
これらを当日の朝になってから集めようとすると、どうしても慌ててしまいます。,"Generate a retro-clean 2D illustration (illustrated lifestyle handbook, retro-clean 2D, warm domestic scenes, senior-friendly). Clean flat outlines, minimal detail, object clarity, flat soft colors, warm earth tones, low saturation. Practical domestic scene focus, minimal clutter. A senior Japanese person (65-75) doing the action described: これらを当日の朝になってから集めようとすると、どうしても慌て... in a clean domestic or clinic setting. The human characters MUST explicitly show aging features: silver-gray hair, facial wrinkles, relaxed mature posture, and weathered hands. DO NOT make them look younger than 60.  No photorealistic rendering, no lip sync, no direct-to-camera speech, no mouth-open speaking pose, no cluttered composition. No other readable text. (Line 29)","Context beat 29. Smooth lateral follow. The subject continues their everyday task naturally focusing on the subject action. Soft lighting remains stable. Preserve the warm, calm editorial mood of the image exactly. (Silent video, no audio). No lip sync, no direct-to-camera speech, no mouth-open speaking pose, no new readable text. [Context 29]"
そこでおすすめしたいのが、前日のうちに、通院セットをひとつにまとめておくことです。,"Generate a retro-clean 2D illustration (illustrated lifestyle handbook, retro-clean 2D, warm domestic scenes, senior-friendly). Clean flat outlines, minimal detail, object clarity, flat soft colors, warm earth tones, low saturation. Practical domestic scene focus, minimal clutter. A senior Japanese person (65-75) doing the action described: そこでおすすめしたいのが、前日のうちに、通院セットをひとつに... in a clean domestic or clinic setting. The human characters MUST explicitly show aging features: silver-gray hair, facial wrinkles, relaxed mature posture, and weathered hands. DO NOT make them look younger than 60.  No photorealistic rendering, no lip sync, no direct-to-camera speech, no mouth-open speaking pose, no cluttered composition. No other readable text. (Line 30)","Solution demo beat 30. Smooth lateral follow. The subject continues their everyday task naturally focusing on the subject action. Soft lighting remains stable. Preserve the warm, calm editorial mood of the image exactly. (Silent video, no audio). No lip sync, no direct-to-camera speech, no mouth-open speaking pose, no new readable text. [Context 30]"
必要なものをすべて、一つのポーチや小さなバッグに入れておきましょう。,"Generate a retro-clean 2D illustration (illustrated lifestyle handbook, retro-clean 2D, warm domestic scenes, senior-friendly). Clean flat outlines, minimal detail, object clarity, flat soft colors, warm earth tones, low saturation. Practical domestic scene focus, minimal clutter. Close-up focus on everyday items related to the narration: 必要なものをすべて、一つのポーチや小さなバッグに入れておきま... arranged neatly in a Japanese home or clinic. The human characters MUST explicitly show aging features: silver-gray hair, facial wrinkles, relaxed mature posture, and weathered hands. DO NOT make them look younger than 60.  No photorealistic rendering, no lip sync, no direct-to-camera speech, no mouth-open speaking pose, no cluttered composition. No other readable text. (Line 31)","Observation beat 31. Slow macro drift over the object. The object remains perfectly still focusing on the focused object. Soft lighting remains stable. Preserve the warm, calm editorial mood of the image exactly. (Silent video, no audio). No lip sync, no direct-to-camera speech, no mouth-open speaking pose, no new readable text. [Context 31]"
複数の病院に通っている方も、お薬手帳は一冊にまとめておくことをおすすめします。,"Generate a retro-clean 2D illustration (illustrated lifestyle handbook, retro-clean 2D, warm domestic scenes, senior-friendly). Clean flat outlines, minimal detail, object clarity, flat soft colors, warm earth tones, low saturation. Practical domestic scene focus, minimal clutter. Close-up focus on everyday items related to the narration: 複数の病院に通っている方も、お薬手帳は一冊にまとめておくこと... arranged neatly in a Japanese home or clinic. The human characters MUST explicitly show aging features: silver-gray hair, facial wrinkles, relaxed mature posture, and weathered hands. DO NOT make them look younger than 60.  No photorealistic rendering, no lip sync, no direct-to-camera speech, no mouth-open speaking pose, no cluttered composition. No other readable text. (Line 32)","Focus beat 32. Slow macro drift over the object. The object remains perfectly still focusing on the focused object. Soft lighting remains stable. Preserve the warm, calm editorial mood of the image exactly. (Silent video, no audio). No lip sync, no direct-to-camera speech, no mouth-open speaking pose, no new readable text. [Context 32]"
飲み合わせのリスクを防ぐために、とても大切なことだからです。,"Generate a retro-clean 2D illustration (illustrated lifestyle handbook, retro-clean 2D, warm domestic scenes, senior-friendly). Clean flat outlines, minimal detail, object clarity, flat soft colors, warm earth tones, low saturation. Practical domestic scene focus, minimal clutter. A simple, clean metaphorical illustration representing the health concept: 飲み合わせのリスクを防ぐために、とても大切なことだからです。... without medical gore or panic. The human characters MUST explicitly show aging features: silver-gray hair, facial wrinkles, relaxed mature posture, and weathered hands. DO NOT make them look younger than 60.  No photorealistic rendering, no lip sync, no direct-to-camera speech, no mouth-open speaking pose, no cluttered composition. No other readable text. (Line 33)","Attention beat 33. Gentle slow push forward. The subject performs a subtle, calm micro-movement focusing on the visual metaphor. Soft lighting remains stable. Preserve the warm, calm editorial mood of the image exactly. (Silent video, no audio). No lip sync, no direct-to-camera speech, no mouth-open speaking pose, no new readable text. [Context 33]"
薬局ごとにお薬手帳を分けていると、いざというときに正しい情報が伝わらないことがあります。,"Generate a retro-clean 2D illustration (illustrated lifestyle handbook, retro-clean 2D, warm domestic scenes, senior-friendly). Clean flat outlines, minimal detail, object clarity, flat soft colors, warm earth tones, low saturation. Practical domestic scene focus, minimal clutter. Close-up focus on everyday items related to the narration: 薬局ごとにお薬手帳を分けていると、いざというときに正しい情報... arranged neatly in a Japanese home or clinic. The human characters MUST explicitly show aging features: silver-gray hair, facial wrinkles, relaxed mature posture, and weathered hands. DO NOT make them look younger than 60.  No photorealistic rendering, no lip sync, no direct-to-camera speech, no mouth-open speaking pose, no cluttered composition. No other readable text. (Line 34)","Detail beat 34. Slow macro drift over the object. The object remains perfectly still focusing on the focused object. Soft lighting remains stable. Preserve the warm, calm editorial mood of the image exactly. (Silent video, no audio). No lip sync, no direct-to-camera speech, no mouth-open speaking pose, no new readable text. [Context 34]"
全ての情報が一冊にまとまっていると、お医者さんも安心です。,"Generate a retro-clean 2D illustration (illustrated lifestyle handbook, retro-clean 2D, warm domestic scenes, senior-friendly). Clean flat outlines, minimal detail, object clarity, flat soft colors, warm earth tones, low saturation. Practical domestic scene focus, minimal clutter. A senior Japanese person (65-75) doing the action described: 全ての情報が一冊にまとまっていると、お医者さんも安心です。... in a clean domestic or clinic setting. The human characters MUST explicitly show aging features: silver-gray hair, facial wrinkles, relaxed mature posture, and weathered hands. DO NOT make them look younger than 60.  No photorealistic rendering, no lip sync, no direct-to-camera speech, no mouth-open speaking pose, no cluttered composition. No other readable text. (Line 35)","Context beat 35. Smooth lateral follow. The subject continues their everyday task naturally focusing on the subject action. Soft lighting remains stable. Preserve the warm, calm editorial mood of the image exactly. (Silent video, no audio). No lip sync, no direct-to-camera speech, no mouth-open speaking pose, no new readable text. [Context 35]"
また、診察のときに聞きたいことを、あらかじめメモに書いておくのも良い方法です。,"Generate a retro-clean 2D illustration (illustrated lifestyle handbook, retro-clean 2D, warm domestic scenes, senior-friendly). Clean flat outlines, minimal detail, object clarity, flat soft colors, warm earth tones, low saturation. Practical domestic scene focus, minimal clutter. A senior Japanese person (65-75) doing the action described: また、診察のときに聞きたいことを、あらかじめメモに書いておく... in a clean domestic or clinic setting. The human characters MUST explicitly show aging features: silver-gray hair, facial wrinkles, relaxed mature posture, and weathered hands. DO NOT make them look younger than 60.  No photorealistic rendering, no lip sync, no direct-to-camera speech, no mouth-open speaking pose, no cluttered composition. No other readable text. (Line 36)","Solution demo beat 36. Smooth lateral follow. The subject continues their everyday task naturally focusing on the subject action. Soft lighting remains stable. Preserve the warm, calm editorial mood of the image exactly. (Silent video, no audio). No lip sync, no direct-to-camera speech, no mouth-open speaking pose, no new readable text. [Context 36]"
病院の診察室に入ると、緊張してしまって、聞きたかったことを忘れてしまうのはよくあることです。,"Generate a retro-clean 2D illustration (illustrated lifestyle handbook, retro-clean 2D, warm domestic scenes, senior-friendly). Clean flat outlines, minimal detail, object clarity, flat soft colors, warm earth tones, low saturation. Practical domestic scene focus, minimal clutter. A senior Japanese person (65-75) doing the action described: 病院の診察室に入ると、緊張してしまって、聞きたかったことを忘... in a clean domestic or clinic setting. The human characters MUST explicitly show aging features: silver-gray hair, facial wrinkles, relaxed mature posture, and weathered hands. DO NOT make them look younger than 60.  No photorealistic rendering, no lip sync, no direct-to-camera speech, no mouth-open speaking pose, no cluttered composition. No other readable text. (Line 37)","Observation beat 37. Smooth lateral follow. The subject continues their everyday task naturally focusing on the subject action. Soft lighting remains stable. Preserve the warm, calm editorial mood of the image exactly. (Silent video, no audio). No lip sync, no direct-to-camera speech, no mouth-open speaking pose, no new readable text. [Context 37]"
「最近、夜中に目が覚めることが多い」「この薬を飲むと少し胃がもたれる気がする」など、どんな小さなことでも構いません。,"Generate a retro-clean 2D illustration (illustrated lifestyle handbook, retro-clean 2D, warm domestic scenes, senior-friendly). Clean flat outlines, minimal detail, object clarity, flat soft colors, warm earth tones, low saturation. Practical domestic scene focus, minimal clutter. A senior Japanese person (65-75) doing the action described: 「最近、夜中に目が覚めることが多い」「この薬を飲むと少し胃が... in a clean domestic or clinic setting. The human characters MUST explicitly show aging features: silver-gray hair, facial wrinkles, relaxed mature posture, and weathered hands. DO NOT make them look younger than 60.  No photorealistic rendering, no lip sync, no direct-to-camera speech, no mouth-open speaking pose, no cluttered composition. No other readable text. (Line 38)","Focus beat 38. Smooth lateral follow. The subject continues their everyday task naturally focusing on the subject action. Soft lighting remains stable. Preserve the warm, calm editorial mood of the image exactly. (Silent video, no audio). No lip sync, no direct-to-camera speech, no mouth-open speaking pose, no new readable text. [Context 38]"
メモ用紙に箇条書きにして、通院セットの中に一緒に入れておきましょう。,"Generate a retro-clean 2D illustration (illustrated lifestyle handbook, retro-clean 2D, warm domestic scenes, senior-friendly). Clean flat outlines, minimal detail, object clarity, flat soft colors, warm earth tones, low saturation. Practical domestic scene focus, minimal clutter. A senior Japanese person (65-75) doing the action described: メモ用紙に箇条書きにして、通院セットの中に一緒に入れておきま... in a clean domestic or clinic setting. The human characters MUST explicitly show aging features: silver-gray hair, facial wrinkles, relaxed mature posture, and weathered hands. DO NOT make them look younger than 60.  No photorealistic rendering, no lip sync, no direct-to-camera speech, no mouth-open speaking pose, no cluttered composition. No other readable text. (Line 39)","Attention beat 39. Smooth lateral follow. The subject continues their everyday task naturally focusing on the subject action. Soft lighting remains stable. Preserve the warm, calm editorial mood of the image exactly. (Silent video, no audio). No lip sync, no direct-to-camera speech, no mouth-open speaking pose, no new readable text. [Context 39]"
そうすれば、お医者さんにもスムーズに症状を伝えることができます。,"Generate a retro-clean 2D illustration (illustrated lifestyle handbook, retro-clean 2D, warm domestic scenes, senior-friendly). Clean flat outlines, minimal detail, object clarity, flat soft colors, warm earth tones, low saturation. Practical domestic scene focus, minimal clutter. A senior Japanese person (65-75) doing the action described: そうすれば、お医者さんにもスムーズに症状を伝えることができま... in a clean domestic or clinic setting. The human characters MUST explicitly show aging features: silver-gray hair, facial wrinkles, relaxed mature posture, and weathered hands. DO NOT make them look younger than 60.  No photorealistic rendering, no lip sync, no direct-to-camera speech, no mouth-open speaking pose, no cluttered composition. No other readable text. (Line 40)","Detail beat 40. Smooth lateral follow. The subject continues their everyday task naturally focusing on the subject action. Soft lighting remains stable. Preserve the warm, calm editorial mood of the image exactly. (Silent video, no audio). No lip sync, no direct-to-camera speech, no mouth-open speaking pose, no new readable text. [Context 40]"
また、マイナンバーカードを保険証として使う場合も、念のため従来の健康保険証を一緒に持っていくと安心です。,"Generate a retro-clean 2D illustration (illustrated lifestyle handbook, retro-clean 2D, warm domestic scenes, senior-friendly). Clean flat outlines, minimal detail, object clarity, flat soft colors, warm earth tones, low saturation. Practical domestic scene focus, minimal clutter. Close-up focus on everyday items related to the narration: また、マイナンバーカードを保険証として使う場合も、念のため従... arranged neatly in a Japanese home or clinic. The human characters MUST explicitly show aging features: silver-gray hair, facial wrinkles, relaxed mature posture, and weathered hands. DO NOT make them look younger than 60.  No photorealistic rendering, no lip sync, no direct-to-camera speech, no mouth-open speaking pose, no cluttered composition. No other readable text. (Line 41)","Context beat 41. Slow macro drift over the object. The object remains perfectly still focusing on the focused object. Soft lighting remains stable. Preserve the warm, calm editorial mood of the image exactly. (Silent video, no audio). No lip sync, no direct-to-camera speech, no mouth-open speaking pose, no new readable text. [Context 41]"
医療機関によっては、まだ対応していないことや、機械の調子が悪いことも考えられるからです。,"Generate a retro-clean 2D illustration (illustrated lifestyle handbook, retro-clean 2D, warm domestic scenes, senior-friendly). Clean flat outlines, minimal detail, object clarity, flat soft colors, warm earth tones, low saturation. Practical domestic scene focus, minimal clutter. A senior Japanese person (65-75) doing the action described: 医療機関によっては、まだ対応していないことや、機械の調子が悪... in a clean domestic or clinic setting. The human characters MUST explicitly show aging features: silver-gray hair, facial wrinkles, relaxed mature posture, and weathered hands. DO NOT make them look younger than 60.  No photorealistic rendering, no lip sync, no direct-to-camera speech, no mouth-open speaking pose, no cluttered composition. No other readable text. (Line 42)","Solution demo beat 42. Smooth lateral follow. The subject continues their everyday task naturally focusing on the subject action. Soft lighting remains stable. Preserve the warm, calm editorial mood of the image exactly. (Silent video, no audio). No lip sync, no direct-to-camera speech, no mouth-open speaking pose, no new readable text. [Context 42]"
診察券は、どの病院のものかパッと見てわかるように、輪ゴムで束ねたり、専用のケースに入れたりするのも良いですね。,"Generate a retro-clean 2D illustration (illustrated lifestyle handbook, retro-clean 2D, warm domestic scenes, senior-friendly). Clean flat outlines, minimal detail, object clarity, flat soft colors, warm earth tones, low saturation. Practical domestic scene focus, minimal clutter. Close-up focus on everyday items related to the narration: 診察券は、どの病院のものかパッと見てわかるように、輪ゴムで束... arranged neatly in a Japanese home or clinic. The human characters MUST explicitly show aging features: silver-gray hair, facial wrinkles, relaxed mature posture, and weathered hands. DO NOT make them look younger than 60.  No photorealistic rendering, no lip sync, no direct-to-camera speech, no mouth-open speaking pose, no cluttered composition. No other readable text. (Line 43)","Observation beat 43. Slow macro drift over the object. The object remains perfectly still focusing on the focused object. Soft lighting remains stable. Preserve the warm, calm editorial mood of the image exactly. (Silent video, no audio). No lip sync, no direct-to-camera speech, no mouth-open speaking pose, no new readable text. [Context 43]"
前日の夜、テレビを見終わった後など、ゆったりした時間に通院セットを作ってみてください。,"Generate a retro-clean 2D illustration (illustrated lifestyle handbook, retro-clean 2D, warm domestic scenes, senior-friendly). Clean flat outlines, minimal detail, object clarity, flat soft colors, warm earth tones, low saturation. Practical domestic scene focus, minimal clutter. A senior Japanese person (65-75) doing the action described: 前日の夜、テレビを見終わった後など、ゆったりした時間に通院セ... in a clean domestic or clinic setting. The human characters MUST explicitly show aging features: silver-gray hair, facial wrinkles, relaxed mature posture, and weathered hands. DO NOT make them look younger than 60.  No photorealistic rendering, no lip sync, no direct-to-camera speech, no mouth-open speaking pose, no cluttered composition. No other readable text. (Line 44)","Focus beat 44. Smooth lateral follow. The subject continues their everyday task naturally focusing on the subject action. Soft lighting remains stable. Preserve the warm, calm editorial mood of the image exactly. (Silent video, no audio). No lip sync, no direct-to-camera speech, no mouth-open speaking pose, no new readable text. [Context 44]"
持ち物の準備が終わっているだけで、当日の朝の気持ちは驚くほど軽くなります。,"Generate a retro-clean 2D illustration (illustrated lifestyle handbook, retro-clean 2D, warm domestic scenes, senior-friendly). Clean flat outlines, minimal detail, object clarity, flat soft colors, warm earth tones, low saturation. Practical domestic scene focus, minimal clutter. A senior Japanese person (65-75) doing the action described: 持ち物の準備が終わっているだけで、当日の朝の気持ちは驚くほど... in a clean domestic or clinic setting. The human characters MUST explicitly show aging features: silver-gray hair, facial wrinkles, relaxed mature posture, and weathered hands. DO NOT make them look younger than 60.  No photorealistic rendering, no lip sync, no direct-to-camera speech, no mouth-open speaking pose, no cluttered composition. No other readable text. (Line 45)","Attention beat 45. Smooth lateral follow. The subject continues their everyday task naturally focusing on the subject action. Soft lighting remains stable. Preserve the warm, calm editorial mood of the image exactly. (Silent video, no audio). No lip sync, no direct-to-camera speech, no mouth-open speaking pose, no new readable text. [Context 45]"
玄関先にそのバッグを置いておけば、あとはそれを持って出かけるだけです。,"Generate a retro-clean 2D illustration (illustrated lifestyle handbook, retro-clean 2D, warm domestic scenes, senior-friendly). Clean flat outlines, minimal detail, object clarity, flat soft colors, warm earth tones, low saturation. Practical domestic scene focus, minimal clutter. Close-up focus on everyday items related to the narration: 玄関先にそのバッグを置いておけば、あとはそれを持って出かける... arranged neatly in a Japanese home or clinic. The human characters MUST explicitly show aging features: silver-gray hair, facial wrinkles, relaxed mature posture, and weathered hands. DO NOT make them look younger than 60.  No photorealistic rendering, no lip sync, no direct-to-camera speech, no mouth-open speaking pose, no cluttered composition. No other readable text. (Line 46)","Detail beat 46. Slow macro drift over the object. The object remains perfectly still focusing on the focused object. Soft lighting remains stable. Preserve the warm, calm editorial mood of the image exactly. (Silent video, no audio). No lip sync, no direct-to-camera speech, no mouth-open speaking pose, no new readable text. [Context 46]"
ふたつめは、当日の服装と靴です。,"Generate a retro-clean 2D illustration (illustrated lifestyle handbook, retro-clean 2D, warm domestic scenes, senior-friendly). Clean flat outlines, minimal detail, object clarity, flat soft colors, warm earth tones, low saturation. Practical domestic scene focus, minimal clutter. Close-up focus on everyday items related to the narration: ふたつめは、当日の服装と靴です。... arranged neatly in a Japanese home or clinic. The human characters MUST explicitly show aging features: silver-gray hair, facial wrinkles, relaxed mature posture, and weathered hands. DO NOT make them look younger than 60.  No photorealistic rendering, no lip sync, no direct-to-camera speech, no mouth-open speaking pose, no cluttered composition. No other readable text. (Line 47)","Context beat 47. Slow macro drift over the object. The object remains perfectly still focusing on the focused object. Soft lighting remains stable. Preserve the warm, calm editorial mood of the image exactly. (Silent video, no audio). No lip sync, no direct-to-camera speech, no mouth-open speaking pose, no new readable text. [Context 47]"
診察室で慌てて服を脱いだ経験はありませんか？,"Generate a retro-clean 2D illustration (illustrated lifestyle handbook, retro-clean 2D, warm domestic scenes, senior-friendly). Clean flat outlines, minimal detail, object clarity, flat soft colors, warm earth tones, low saturation. Practical domestic scene focus, minimal clutter. Close-up focus on everyday items related to the narration: 診察室で慌てて服を脱いだ経験はありませんか？... arranged neatly in a Japanese home or clinic. The human characters MUST explicitly show aging features: silver-gray hair, facial wrinkles, relaxed mature posture, and weathered hands. DO NOT make them look younger than 60.  No photorealistic rendering, no lip sync, no direct-to-camera speech, no mouth-open speaking pose, no cluttered composition. No other readable text. (Line 48)","Solution demo beat 48. Slow macro drift over the object. The object remains perfectly still focusing on the focused object. Soft lighting remains stable. Preserve the warm, calm editorial mood of the image exactly. (Silent video, no audio). No lip sync, no direct-to-camera speech, no mouth-open speaking pose, no new readable text. [Context 48]"
病院では、血圧を測るために袖をまくり上げたり、注射や検査のために服を脱いだりすることがあります。,"Generate a retro-clean 2D illustration (illustrated lifestyle handbook, retro-clean 2D, warm domestic scenes, senior-friendly). Clean flat outlines, minimal detail, object clarity, flat soft colors, warm earth tones, low saturation. Practical domestic scene focus, minimal clutter. Close-up focus on everyday items related to the narration: 病院では、血圧を測るために袖をまくり上げたり、注射や検査のた... arranged neatly in a Japanese home or clinic. The human characters MUST explicitly show aging features: silver-gray hair, facial wrinkles, relaxed mature posture, and weathered hands. DO NOT make them look younger than 60.  No photorealistic rendering, no lip sync, no direct-to-camera speech, no mouth-open speaking pose, no cluttered composition. No other readable text. (Line 49)","Observation beat 49. Slow macro drift over the object. The object remains perfectly still focusing on the focused object. Soft lighting remains stable. Preserve the warm, calm editorial mood of the image exactly. (Silent video, no audio). No lip sync, no direct-to-camera speech, no mouth-open speaking pose, no new readable text. [Context 49]"
そのため、なるべく着脱しやすい服や、ゆったりとした服装を選ぶことが大切です。,"Generate a retro-clean 2D illustration (illustrated lifestyle handbook, retro-clean 2D, warm domestic scenes, senior-friendly). Clean flat outlines, minimal detail, object clarity, flat soft colors, warm earth tones, low saturation. Practical domestic scene focus, minimal clutter. Close-up focus on everyday items related to the narration: そのため、なるべく着脱しやすい服や、ゆったりとした服装を選ぶ... arranged neatly in a Japanese home or clinic. The human characters MUST explicitly show aging features: silver-gray hair, facial wrinkles, relaxed mature posture, and weathered hands. DO NOT make them look younger than 60.  No photorealistic rendering, no lip sync, no direct-to-camera speech, no mouth-open speaking pose, no cluttered composition. No other readable text. (Line 50)","Focus beat 50. Slow macro drift over the object. The object remains perfectly still focusing on the focused object. Soft lighting remains stable. Preserve the warm, calm editorial mood of the image exactly. (Silent video, no audio). No lip sync, no direct-to-camera speech, no mouth-open speaking pose, no new readable text. [Context 50]"
ピタッとした服や、たくさんのボタンが付いている服は、着替えるときに時間がかかり、気持ちを焦らせてしまいます。,"Generate a retro-clean 2D illustration (illustrated lifestyle handbook, retro-clean 2D, warm domestic scenes, senior-friendly). Clean flat outlines, minimal detail, object clarity, flat soft colors, warm earth tones, low saturation. Practical domestic scene focus, minimal clutter. Close-up focus on everyday items related to the narration: ピタッとした服や、たくさんのボタンが付いている服は、着替える... arranged neatly in a Japanese home or clinic. The human characters MUST explicitly show aging features: silver-gray hair, facial wrinkles, relaxed mature posture, and weathered hands. DO NOT make them look younger than 60.  No photorealistic rendering, no lip sync, no direct-to-camera speech, no mouth-open speaking pose, no cluttered composition. No other readable text. (Line 51)","Attention beat 51. Slow macro drift over the object. The object remains perfectly still focusing on the focused object. Soft lighting remains stable. Preserve the warm, calm editorial mood of the image exactly. (Silent video, no audio). No lip sync, no direct-to-camera speech, no mouth-open speaking pose, no new readable text. [Context 51]"
カーディガンのように、簡単に羽織れて、すぐに脱げるものがとても便利です。,"Generate a retro-clean 2D illustration (illustrated lifestyle handbook, retro-clean 2D, warm domestic scenes, senior-friendly). Clean flat outlines, minimal detail, object clarity, flat soft colors, warm earth tones, low saturation. Practical domestic scene focus, minimal clutter. Close-up focus on everyday items related to the narration: カーディガンのように、簡単に羽織れて、すぐに脱げるものがとて... arranged neatly in a Japanese home or clinic. The human characters MUST explicitly show aging features: silver-gray hair, facial wrinkles, relaxed mature posture, and weathered hands. DO NOT make them look younger than 60.  No photorealistic rendering, no lip sync, no direct-to-camera speech, no mouth-open speaking pose, no cluttered composition. No other readable text. (Line 52)","Detail beat 52. Slow macro drift over the object. The object remains perfectly still focusing on the focused object. Soft lighting remains stable. Preserve the warm, calm editorial mood of the image exactly. (Silent video, no audio). No lip sync, no direct-to-camera speech, no mouth-open speaking pose, no new readable text. [Context 52]"
また、裾が長すぎるズボンや、長く垂れ下がるストールは、足元にからまって転倒の原因になることがあります。,"Generate a retro-clean 2D illustration (illustrated lifestyle handbook, retro-clean 2D, warm domestic scenes, senior-friendly). Clean flat outlines, minimal detail, object clarity, flat soft colors, warm earth tones, low saturation. Practical domestic scene focus, minimal clutter. A senior Japanese person (65-75) doing the action described: また、裾が長すぎるズボンや、長く垂れ下がるストールは、足元に... in a clean domestic or clinic setting. The human characters MUST explicitly show aging features: silver-gray hair, facial wrinkles, relaxed mature posture, and weathered hands. DO NOT make them look younger than 60.  No photorealistic rendering, no lip sync, no direct-to-camera speech, no mouth-open speaking pose, no cluttered composition. No other readable text. (Line 53)","Context beat 53. Smooth lateral follow. The subject continues their everyday task naturally focusing on the subject action. Soft lighting remains stable. Preserve the warm, calm editorial mood of the image exactly. (Silent video, no audio). No lip sync, no direct-to-camera speech, no mouth-open speaking pose, no new readable text. [Context 53]"
安全に歩くためにも、体に合ったサイズのものを選ぶようにしましょう。,"Generate a retro-clean 2D illustration (illustrated lifestyle handbook, retro-clean 2D, warm domestic scenes, senior-friendly). Clean flat outlines, minimal detail, object clarity, flat soft colors, warm earth tones, low saturation. Practical domestic scene focus, minimal clutter. A senior Japanese person (65-75) doing the action described: 安全に歩くためにも、体に合ったサイズのものを選ぶようにしまし... in a clean domestic or clinic setting. The human characters MUST explicitly show aging features: silver-gray hair, facial wrinkles, relaxed mature posture, and weathered hands. DO NOT make them look younger than 60.  No photorealistic rendering, no lip sync, no direct-to-camera speech, no mouth-open speaking pose, no cluttered composition. No other readable text. (Line 54)","Solution demo beat 54. Smooth lateral follow. The subject continues their everyday task naturally focusing on the subject action. Soft lighting remains stable. Preserve the warm, calm editorial mood of the image exactly. (Silent video, no audio). No lip sync, no direct-to-camera speech, no mouth-open speaking pose, no new readable text. [Context 54]"
次に、靴の見直しです。,"Generate a retro-clean 2D illustration (illustrated lifestyle handbook, retro-clean 2D, warm domestic scenes, senior-friendly). Clean flat outlines, minimal detail, object clarity, flat soft colors, warm earth tones, low saturation. Practical domestic scene focus, minimal clutter. Close-up focus on everyday items related to the narration: 次に、靴の見直しです。... arranged neatly in a Japanese home or clinic. The human characters MUST explicitly show aging features: silver-gray hair, facial wrinkles, relaxed mature posture, and weathered hands. DO NOT make them look younger than 60.  No photorealistic rendering, no lip sync, no direct-to-camera speech, no mouth-open speaking pose, no cluttered composition. No other readable text. (Line 55)","Observation beat 55. Slow macro drift over the object. The object remains perfectly still focusing on the focused object. Soft lighting remains stable. Preserve the warm, calm editorial mood of the image exactly. (Silent video, no audio). No lip sync, no direct-to-camera speech, no mouth-open speaking pose, no new readable text. [Context 55]"
つっかけや、かかとのないサンダルは脱ぎ履きは楽ですが、歩いている途中に脱げやすく、転倒の危険が高まります。,"Generate a retro-clean 2D illustration (illustrated lifestyle handbook, retro-clean 2D, warm domestic scenes, senior-friendly). Clean flat outlines, minimal detail, object clarity, flat soft colors, warm earth tones, low saturation. Practical domestic scene focus, minimal clutter. A senior Japanese person (65-75) doing the action described: つっかけや、かかとのないサンダルは脱ぎ履きは楽ですが、歩いて... in a clean domestic or clinic setting. The human characters MUST explicitly show aging features: silver-gray hair, facial wrinkles, relaxed mature posture, and weathered hands. DO NOT make them look younger than 60.  No photorealistic rendering, no lip sync, no direct-to-camera speech, no mouth-open speaking pose, no cluttered composition. No other readable text. (Line 56)","Focus beat 56. Smooth lateral follow. The subject continues their everyday task naturally focusing on the subject action. Soft lighting remains stable. Preserve the warm, calm editorial mood of the image exactly. (Silent video, no audio). No lip sync, no direct-to-camera speech, no mouth-open speaking pose, no new readable text. [Context 56]"
通院の日は、かかとをしっかり固定できる靴を選ぶのが安心です。,"Generate a retro-clean 2D illustration (illustrated lifestyle handbook, retro-clean 2D, warm domestic scenes, senior-friendly). Clean flat outlines, minimal detail, object clarity, flat soft colors, warm earth tones, low saturation. Practical domestic scene focus, minimal clutter. Close-up focus on everyday items related to the narration: 通院の日は、かかとをしっかり固定できる靴を選ぶのが安心です。... arranged neatly in a Japanese home or clinic. The human characters MUST explicitly show aging features: silver-gray hair, facial wrinkles, relaxed mature posture, and weathered hands. DO NOT make them look younger than 60.  No photorealistic rendering, no lip sync, no direct-to-camera speech, no mouth-open speaking pose, no cluttered composition. No other readable text. (Line 57)","Attention beat 57. Slow macro drift over the object. The object remains perfectly still focusing on the focused object. Soft lighting remains stable. Preserve the warm, calm editorial mood of the image exactly. (Silent video, no audio). No lip sync, no direct-to-camera speech, no mouth-open speaking pose, no new readable text. [Context 57]"
特に、つま先が少しだけ反り上がっているデザインの靴は、ちょっとした段差でのつまずきを防ぐ効果が期待できます。,"Generate a retro-clean 2D illustration (illustrated lifestyle handbook, retro-clean 2D, warm domestic scenes, senior-friendly). Clean flat outlines, minimal detail, object clarity, flat soft colors, warm earth tones, low saturation. Practical domestic scene focus, minimal clutter. Close-up focus on everyday items related to the narration: 特に、つま先が少しだけ反り上がっているデザインの靴は、ちょっ... arranged neatly in a Japanese home or clinic. The human characters MUST explicitly show aging features: silver-gray hair, facial wrinkles, relaxed mature posture, and weathered hands. DO NOT make them look younger than 60.  No photorealistic rendering, no lip sync, no direct-to-camera speech, no mouth-open speaking pose, no cluttered composition. No other readable text. (Line 58)","Detail beat 58. Slow macro drift over the object. The object remains perfectly still focusing on the focused object. Soft lighting remains stable. Preserve the warm, calm editorial mood of the image exactly. (Silent video, no audio). No lip sync, no direct-to-camera speech, no mouth-open speaking pose, no new readable text. [Context 58]"
面ファスナー、いわゆるマジックテープで留めるタイプの靴なら、座ったままでも簡単に脱ぎ履きができておすすめです。,"Generate a retro-clean 2D illustration (illustrated lifestyle handbook, retro-clean 2D, warm domestic scenes, senior-friendly). Clean flat outlines, minimal detail, object clarity, flat soft colors, warm earth tones, low saturation. Practical domestic scene focus, minimal clutter. Close-up focus on everyday items related to the narration: 面ファスナー、いわゆるマジックテープで留めるタイプの靴なら、... arranged neatly in a Japanese home or clinic. The human characters MUST explicitly show aging features: silver-gray hair, facial wrinkles, relaxed mature posture, and weathered hands. DO NOT make them look younger than 60.  No photorealistic rendering, no lip sync, no direct-to-camera speech, no mouth-open speaking pose, no cluttered composition. No other readable text. (Line 59)","Context beat 59. Slow macro drift over the object. The object remains perfectly still focusing on the focused object. Soft lighting remains stable. Preserve the warm, calm editorial mood of the image exactly. (Silent video, no audio). No lip sync, no direct-to-camera speech, no mouth-open speaking pose, no new readable text. [Context 59]"
もちろん、足の形には個人差があるため、ご自身に合うものを選んでください。,"Generate a retro-clean 2D illustration (illustrated lifestyle handbook, retro-clean 2D, warm domestic scenes, senior-friendly). Clean flat outlines, minimal detail, object clarity, flat soft colors, warm earth tones, low saturation. Practical domestic scene focus, minimal clutter. A senior Japanese person (65-75) doing the action described: もちろん、足の形には個人差があるため、ご自身に合うものを選ん... in a clean domestic or clinic setting. The human characters MUST explicitly show aging features: silver-gray hair, facial wrinkles, relaxed mature posture, and weathered hands. DO NOT make them look younger than 60.  No photorealistic rendering, no lip sync, no direct-to-camera speech, no mouth-open speaking pose, no cluttered composition. No other readable text. (Line 60)","Solution demo beat 60. Smooth lateral follow. The subject continues their everyday task naturally focusing on the subject action. Soft lighting remains stable. Preserve the warm, calm editorial mood of the image exactly. (Silent video, no audio). No lip sync, no direct-to-camera speech, no mouth-open speaking pose, no new readable text. [Context 60]"
履き慣れた靴の中で、一番歩きやすく、足にしっかりフィットするものを選ぶのが一番です。,"Generate a retro-clean 2D illustration (illustrated lifestyle handbook, retro-clean 2D, warm domestic scenes, senior-friendly). Clean flat outlines, minimal detail, object clarity, flat soft colors, warm earth tones, low saturation. Practical domestic scene focus, minimal clutter. Close-up focus on everyday items related to the narration: 履き慣れた靴の中で、一番歩きやすく、足にしっかりフィットする... arranged neatly in a Japanese home or clinic. The human characters MUST explicitly show aging features: silver-gray hair, facial wrinkles, relaxed mature posture, and weathered hands. DO NOT make them look younger than 60.  No photorealistic rendering, no lip sync, no direct-to-camera speech, no mouth-open speaking pose, no cluttered composition. No other readable text. (Line 61)","Observation beat 61. Slow macro drift over the object. The object remains perfectly still focusing on the focused object. Soft lighting remains stable. Preserve the warm, calm editorial mood of the image exactly. (Silent video, no audio). No lip sync, no direct-to-camera speech, no mouth-open speaking pose, no new readable text. [Context 61]"
そして、持ち歩くバッグは、リュックサックや斜め掛けできるショルダーバッグがおすすめです。,"Generate a retro-clean 2D illustration (illustrated lifestyle handbook, retro-clean 2D, warm domestic scenes, senior-friendly). Clean flat outlines, minimal detail, object clarity, flat soft colors, warm earth tones, low saturation. Practical domestic scene focus, minimal clutter. Close-up focus on everyday items related to the narration: そして、持ち歩くバッグは、リュックサックや斜め掛けできるショ... arranged neatly in a Japanese home or clinic. The human characters MUST explicitly show aging features: silver-gray hair, facial wrinkles, relaxed mature posture, and weathered hands. DO NOT make them look younger than 60.  No photorealistic rendering, no lip sync, no direct-to-camera speech, no mouth-open speaking pose, no cluttered composition. No other readable text. (Line 62)","Focus beat 62. Slow macro drift over the object. The object remains perfectly still focusing on the focused object. Soft lighting remains stable. Preserve the warm, calm editorial mood of the image exactly. (Silent video, no audio). No lip sync, no direct-to-camera speech, no mouth-open speaking pose, no new readable text. [Context 62]"
両手が自由に使える状態にしておくことで、万が一バランスを崩したときでも、すぐにとっさの対応ができます。,"Generate a retro-clean 2D illustration (illustrated lifestyle handbook, retro-clean 2D, warm domestic scenes, senior-friendly). Clean flat outlines, minimal detail, object clarity, flat soft colors, warm earth tones, low saturation. Practical domestic scene focus, minimal clutter. A senior Japanese person (65-75) doing the action described: 両手が自由に使える状態にしておくことで、万が一バランスを崩し... in a clean domestic or clinic setting. The human characters MUST explicitly show aging features: silver-gray hair, facial wrinkles, relaxed mature posture, and weathered hands. DO NOT make them look younger than 60.  No photorealistic rendering, no lip sync, no direct-to-camera speech, no mouth-open speaking pose, no cluttered composition. No other readable text. (Line 63)","Attention beat 63. Smooth lateral follow. The subject continues their everyday task naturally focusing on the subject action. Soft lighting remains stable. Preserve the warm, calm editorial mood of the image exactly. (Silent video, no audio). No lip sync, no direct-to-camera speech, no mouth-open speaking pose, no new readable text. [Context 63]"
手すりをしっかり握るためにも、両手は空けておきたいですね。,"Generate a retro-clean 2D illustration (illustrated lifestyle handbook, retro-clean 2D, warm domestic scenes, senior-friendly). Clean flat outlines, minimal detail, object clarity, flat soft colors, warm earth tones, low saturation. Practical domestic scene focus, minimal clutter. A clean, abstract or environment-focused scene supporting the narration: 手すりをしっかり握るためにも、両手は空けておきたいですね。... The human characters MUST explicitly show aging features: silver-gray hair, facial wrinkles, relaxed mature posture, and weathered hands. DO NOT make them look younger than 60.  No photorealistic rendering, no lip sync, no direct-to-camera speech, no mouth-open speaking pose, no cluttered composition. No other readable text. (Line 64)","Detail beat 64. Calm breathing pan across the room. Background elements drift softly focusing on the surrounding environment. Dust motes or curtains shift very slightly in the air. Preserve the warm, calm editorial mood of the image exactly. (Silent video, no audio). No lip sync, no direct-to-camera speech, no mouth-open speaking pose, no new readable text. [Context 64]"
みっつめのポイントは、病院の待合室での過ごし方です。,"Generate a retro-clean 2D illustration (illustrated lifestyle handbook, retro-clean 2D, warm domestic scenes, senior-friendly). Clean flat outlines, minimal detail, object clarity, flat soft colors, warm earth tones, low saturation. Practical domestic scene focus, minimal clutter. A senior Japanese person (65-75) doing the action described: みっつめのポイントは、病院の待合室での過ごし方です。... in a clean domestic or clinic setting. The human characters MUST explicitly show aging features: silver-gray hair, facial wrinkles, relaxed mature posture, and weathered hands. DO NOT make them look younger than 60.  No photorealistic rendering, no lip sync, no direct-to-camera speech, no mouth-open speaking pose, no cluttered composition. No other readable text. (Line 65)","Context beat 65. Smooth lateral follow. The subject continues their everyday task naturally focusing on the subject action. Soft lighting remains stable. Preserve the warm, calm editorial mood of the image exactly. (Silent video, no audio). No lip sync, no direct-to-camera speech, no mouth-open speaking pose, no new readable text. [Context 65]"
予約をしていても、病院での待ち時間は長くなりがちです。,"Generate a retro-clean 2D illustration (illustrated lifestyle handbook, retro-clean 2D, warm domestic scenes, senior-friendly). Clean flat outlines, minimal detail, object clarity, flat soft colors, warm earth tones, low saturation. Practical domestic scene focus, minimal clutter. A senior Japanese person (65-75) doing the action described: 予約をしていても、病院での待ち時間は長くなりがちです。... in a clean domestic or clinic setting. The human characters MUST explicitly show aging features: silver-gray hair, facial wrinkles, relaxed mature posture, and weathered hands. DO NOT make them look younger than 60.  No photorealistic rendering, no lip sync, no direct-to-camera speech, no mouth-open speaking pose, no cluttered composition. No other readable text. (Line 66)","Solution demo beat 66. Smooth lateral follow. The subject continues their everyday task naturally focusing on the subject action. Soft lighting remains stable. Preserve the warm, calm editorial mood of the image exactly. (Silent video, no audio). No lip sync, no direct-to-camera speech, no mouth-open speaking pose, no new readable text. [Context 66]"
待合室でじっと座り続けていると、足の血流が滞りやすくなります。,"Generate a retro-clean 2D illustration (illustrated lifestyle handbook, retro-clean 2D, warm domestic scenes, senior-friendly). Clean flat outlines, minimal detail, object clarity, flat soft colors, warm earth tones, low saturation. Practical domestic scene focus, minimal clutter. A simple, clean metaphorical illustration representing the health concept: 待合室でじっと座り続けていると、足の血流が滞りやすくなります... without medical gore or panic. The human characters MUST explicitly show aging features: silver-gray hair, facial wrinkles, relaxed mature posture, and weathered hands. DO NOT make them look younger than 60.  No photorealistic rendering, no lip sync, no direct-to-camera speech, no mouth-open speaking pose, no cluttered composition. No other readable text. (Line 67)","Observation beat 67. Gentle slow push forward. The subject performs a subtle, calm micro-movement focusing on the visual metaphor. Soft lighting remains stable. Preserve the warm, calm editorial mood of the image exactly. (Silent video, no audio). No lip sync, no direct-to-camera speech, no mouth-open speaking pose, no new readable text. [Context 67]"
長時間同じ姿勢でいることは、エコノミークラス症候群と呼ばれる、静脈に血栓ができるリスクを高めることにもつながります。,"Generate a retro-clean 2D illustration (illustrated lifestyle handbook, retro-clean 2D, warm domestic scenes, senior-friendly). Clean flat outlines, minimal detail, object clarity, flat soft colors, warm earth tones, low saturation. Practical domestic scene focus, minimal clutter. A simple, clean metaphorical illustration representing the health concept: 長時間同じ姿勢でいることは、エコノミークラス症候群と呼ばれる... without medical gore or panic. The human characters MUST explicitly show aging features: silver-gray hair, facial wrinkles, relaxed mature posture, and weathered hands. DO NOT make them look younger than 60.  No photorealistic rendering, no lip sync, no direct-to-camera speech, no mouth-open speaking pose, no cluttered composition. No other readable text. (Line 68)","Focus beat 68. Gentle slow push forward. The subject performs a subtle, calm micro-movement focusing on the visual metaphor. Soft lighting remains stable. Preserve the warm, calm editorial mood of the image exactly. (Silent video, no audio). No lip sync, no direct-to-camera speech, no mouth-open speaking pose, no new readable text. [Context 68]"
そうならないために、座ったままできる簡単な運動を取り入れてみましょう。,"Generate a retro-clean 2D illustration (illustrated lifestyle handbook, retro-clean 2D, warm domestic scenes, senior-friendly). Clean flat outlines, minimal detail, object clarity, flat soft colors, warm earth tones, low saturation. Practical domestic scene focus, minimal clutter. A senior Japanese person (65-75) doing the action described: そうならないために、座ったままできる簡単な運動を取り入れてみ... in a clean domestic or clinic setting. The human characters MUST explicitly show aging features: silver-gray hair, facial wrinkles, relaxed mature posture, and weathered hands. DO NOT make them look younger than 60.  No photorealistic rendering, no lip sync, no direct-to-camera speech, no mouth-open speaking pose, no cluttered composition. No other readable text. (Line 69)","Attention beat 69. Smooth lateral follow. The subject continues their everyday task naturally focusing on the subject action. Soft lighting remains stable. Preserve the warm, calm editorial mood of the image exactly. (Silent video, no audio). No lip sync, no direct-to-camera speech, no mouth-open speaking pose, no new readable text. [Context 69]"
例えば、椅子に座った状態で、かかとをゆっくり上げ下げするだけでも効果的です。,"Generate a retro-clean 2D illustration (illustrated lifestyle handbook, retro-clean 2D, warm domestic scenes, senior-friendly). Clean flat outlines, minimal detail, object clarity, flat soft colors, warm earth tones, low saturation. Practical domestic scene focus, minimal clutter. A senior Japanese person (65-75) doing the action described: 例えば、椅子に座った状態で、かかとをゆっくり上げ下げするだけ... in a clean domestic or clinic setting. The human characters MUST explicitly show aging features: silver-gray hair, facial wrinkles, relaxed mature posture, and weathered hands. DO NOT make them look younger than 60.  No photorealistic rendering, no lip sync, no direct-to-camera speech, no mouth-open speaking pose, no cluttered composition. No other readable text. (Line 70)","Detail beat 70. Smooth lateral follow. The subject continues their everyday task naturally focusing on the subject action. Soft lighting remains stable. Preserve the warm, calm editorial mood of the image exactly. (Silent video, no audio). No lip sync, no direct-to-camera speech, no mouth-open speaking pose, no new readable text. [Context 70]"
つま先を床につけたまま、かかとを少し上げて、ゆっくり下ろします。,"Generate a retro-clean 2D illustration (illustrated lifestyle handbook, retro-clean 2D, warm domestic scenes, senior-friendly). Clean flat outlines, minimal detail, object clarity, flat soft colors, warm earth tones, low saturation. Practical domestic scene focus, minimal clutter. A senior Japanese person (65-75) doing the action described: つま先を床につけたまま、かかとを少し上げて、ゆっくり下ろしま... in a clean domestic or clinic setting. The human characters MUST explicitly show aging features: silver-gray hair, facial wrinkles, relaxed mature posture, and weathered hands. DO NOT make them look younger than 60.  No photorealistic rendering, no lip sync, no direct-to-camera speech, no mouth-open speaking pose, no cluttered composition. No other readable text. (Line 71)","Context beat 71. Smooth lateral follow. The subject continues their everyday task naturally focusing on the subject action. Soft lighting remains stable. Preserve the warm, calm editorial mood of the image exactly. (Silent video, no audio). No lip sync, no direct-to-camera speech, no mouth-open speaking pose, no new readable text. [Context 71]"
これを数回繰り返すだけで、ふくらはぎの筋肉が動き、血流を促すことができます。,"Generate a retro-clean 2D illustration (illustrated lifestyle handbook, retro-clean 2D, warm domestic scenes, senior-friendly). Clean flat outlines, minimal detail, object clarity, flat soft colors, warm earth tones, low saturation. Practical domestic scene focus, minimal clutter. A simple, clean metaphorical illustration representing the health concept: これを数回繰り返すだけで、ふくらはぎの筋肉が動き、血流を促す... without medical gore or panic. The human characters MUST explicitly show aging features: silver-gray hair, facial wrinkles, relaxed mature posture, and weathered hands. DO NOT make them look younger than 60.  No photorealistic rendering, no lip sync, no direct-to-camera speech, no mouth-open speaking pose, no cluttered composition. No other readable text. (Line 72)","Solution demo beat 72. Gentle slow push forward. The subject performs a subtle, calm micro-movement focusing on the visual metaphor. Soft lighting remains stable. Preserve the warm, calm editorial mood of the image exactly. (Silent video, no audio). No lip sync, no direct-to-camera speech, no mouth-open speaking pose, no new readable text. [Context 72]"
足首をゆっくり回すのも良いですね。,"Generate a retro-clean 2D illustration (illustrated lifestyle handbook, retro-clean 2D, warm domestic scenes, senior-friendly). Clean flat outlines, minimal detail, object clarity, flat soft colors, warm earth tones, low saturation. Practical domestic scene focus, minimal clutter. A senior Japanese person (65-75) doing the action described: 足首をゆっくり回すのも良いですね。... in a clean domestic or clinic setting. The human characters MUST explicitly show aging features: silver-gray hair, facial wrinkles, relaxed mature posture, and weathered hands. DO NOT make them look younger than 60.  No photorealistic rendering, no lip sync, no direct-to-camera speech, no mouth-open speaking pose, no cluttered composition. No other readable text. (Line 73)","Observation beat 73. Smooth lateral follow. The subject continues their everyday task naturally focusing on the subject action. Soft lighting remains stable. Preserve the warm, calm editorial mood of the image exactly. (Silent video, no audio). No lip sync, no direct-to-camera speech, no mouth-open speaking pose, no new readable text. [Context 73]"
また、高齢になると喉の渇きを感じにくくなるため、無自覚のうちに脱水気味になることがあります。,"Generate a retro-clean 2D illustration (illustrated lifestyle handbook, retro-clean 2D, warm domestic scenes, senior-friendly). Clean flat outlines, minimal detail, object clarity, flat soft colors, warm earth tones, low saturation. Practical domestic scene focus, minimal clutter. A simple, clean metaphorical illustration representing the health concept: また、高齢になると喉の渇きを感じにくくなるため、無自覚のうち... without medical gore or panic. The human characters MUST explicitly show aging features: silver-gray hair, facial wrinkles, relaxed mature posture, and weathered hands. DO NOT make them look younger than 60.  No photorealistic rendering, no lip sync, no direct-to-camera speech, no mouth-open speaking pose, no cluttered composition. No other readable text. (Line 74)","Focus beat 74. Gentle slow push forward. The subject performs a subtle, calm micro-movement focusing on the visual metaphor. Soft lighting remains stable. Preserve the warm, calm editorial mood of the image exactly. (Silent video, no audio). No lip sync, no direct-to-camera speech, no mouth-open speaking pose, no new readable text. [Context 74]"
脱水もまた、血液のめぐりを悪くする原因の一つです。,"Generate a retro-clean 2D illustration (illustrated lifestyle handbook, retro-clean 2D, warm domestic scenes, senior-friendly). Clean flat outlines, minimal detail, object clarity, flat soft colors, warm earth tones, low saturation. Practical domestic scene focus, minimal clutter. A simple, clean metaphorical illustration representing the health concept: 脱水もまた、血液のめぐりを悪くする原因の一つです。... without medical gore or panic. The human characters MUST explicitly show aging features: silver-gray hair, facial wrinkles, relaxed mature posture, and weathered hands. DO NOT make them look younger than 60.  No photorealistic rendering, no lip sync, no direct-to-camera speech, no mouth-open speaking pose, no cluttered composition. No other readable text. (Line 75)","Attention beat 75. Gentle slow push forward. The subject performs a subtle, calm micro-movement focusing on the visual metaphor. Soft lighting remains stable. Preserve the warm, calm editorial mood of the image exactly. (Silent video, no audio). No lip sync, no direct-to-camera speech, no mouth-open speaking pose, no new readable text. [Context 75]"
待合室では、カフェインを含まないお水や麦茶などを、少しずつこまめに飲むようにしましょう。,"Generate a retro-clean 2D illustration (illustrated lifestyle handbook, retro-clean 2D, warm domestic scenes, senior-friendly). Clean flat outlines, minimal detail, object clarity, flat soft colors, warm earth tones, low saturation. Practical domestic scene focus, minimal clutter. A senior Japanese person (65-75) doing the action described: 待合室では、カフェインを含まないお水や麦茶などを、少しずつこ... in a clean domestic or clinic setting. The human characters MUST explicitly show aging features: silver-gray hair, facial wrinkles, relaxed mature posture, and weathered hands. DO NOT make them look younger than 60.  No photorealistic rendering, no lip sync, no direct-to-camera speech, no mouth-open speaking pose, no cluttered composition. No other readable text. (Line 76)","Detail beat 76. Smooth lateral follow. The subject continues their everyday task naturally focusing on the subject action. Soft lighting remains stable. Preserve the warm, calm editorial mood of the image exactly. (Silent video, no audio). No lip sync, no direct-to-camera speech, no mouth-open speaking pose, no new readable text. [Context 76]"
小さな水筒やペットボトルを持参しておくと安心です。,"Generate a retro-clean 2D illustration (illustrated lifestyle handbook, retro-clean 2D, warm domestic scenes, senior-friendly). Clean flat outlines, minimal detail, object clarity, flat soft colors, warm earth tones, low saturation. Practical domestic scene focus, minimal clutter. Close-up focus on everyday items related to the narration: 小さな水筒やペットボトルを持参しておくと安心です。... arranged neatly in a Japanese home or clinic. The human characters MUST explicitly show aging features: silver-gray hair, facial wrinkles, relaxed mature posture, and weathered hands. DO NOT make them look younger than 60.  No photorealistic rendering, no lip sync, no direct-to-camera speech, no mouth-open speaking pose, no cluttered composition. No other readable text. (Line 77)","Context beat 77. Slow macro drift over the object. The object remains perfectly still focusing on the focused object. Soft lighting remains stable. Preserve the warm, calm editorial mood of the image exactly. (Silent video, no audio). No lip sync, no direct-to-camera speech, no mouth-open speaking pose, no new readable text. [Context 77]"
ただし、持病などで水分制限の指示を受けている場合は、主治医の指示に従ってください。,"Generate a retro-clean 2D illustration (illustrated lifestyle handbook, retro-clean 2D, warm domestic scenes, senior-friendly). Clean flat outlines, minimal detail, object clarity, flat soft colors, warm earth tones, low saturation. Practical domestic scene focus, minimal clutter. A senior Japanese person (65-75) doing the action described: ただし、持病などで水分制限の指示を受けている場合は、主治医の... in a clean domestic or clinic setting. The human characters MUST explicitly show aging features: silver-gray hair, facial wrinkles, relaxed mature posture, and weathered hands. DO NOT make them look younger than 60.  No photorealistic rendering, no lip sync, no direct-to-camera speech, no mouth-open speaking pose, no cluttered composition. No other readable text. (Line 78)","Solution demo beat 78. Smooth lateral follow. The subject continues their everyday task naturally focusing on the subject action. Soft lighting remains stable. Preserve the warm, calm editorial mood of the image exactly. (Silent video, no audio). No lip sync, no direct-to-camera speech, no mouth-open speaking pose, no new readable text. [Context 78]"
飲む量や種類について、あらかじめ確認しておくとよいでしょう。,"Generate a retro-clean 2D illustration (illustrated lifestyle handbook, retro-clean 2D, warm domestic scenes, senior-friendly). Clean flat outlines, minimal detail, object clarity, flat soft colors, warm earth tones, low saturation. Practical domestic scene focus, minimal clutter. A senior Japanese person (65-75) doing the action described: 飲む量や種類について、あらかじめ確認しておくとよいでしょう。... in a clean domestic or clinic setting. The human characters MUST explicitly show aging features: silver-gray hair, facial wrinkles, relaxed mature posture, and weathered hands. DO NOT make them look younger than 60.  No photorealistic rendering, no lip sync, no direct-to-camera speech, no mouth-open speaking pose, no cluttered composition. No other readable text. (Line 79)","Observation beat 79. Smooth lateral follow. The subject continues their everyday task naturally focusing on the subject action. Soft lighting remains stable. Preserve the warm, calm editorial mood of the image exactly. (Silent video, no audio). No lip sync, no direct-to-camera speech, no mouth-open speaking pose, no new readable text. [Context 79]"
さらに、病院の待合室は、冷暖房が効きすぎていて、温度調節が難しいことがよくあります。,"Generate a retro-clean 2D illustration (illustrated lifestyle handbook, retro-clean 2D, warm domestic scenes, senior-friendly). Clean flat outlines, minimal detail, object clarity, flat soft colors, warm earth tones, low saturation. Practical domestic scene focus, minimal clutter. A senior Japanese person (65-75) doing the action described: さらに、病院の待合室は、冷暖房が効きすぎていて、温度調節が難... in a clean domestic or clinic setting. The human characters MUST explicitly show aging features: silver-gray hair, facial wrinkles, relaxed mature posture, and weathered hands. DO NOT make them look younger than 60.  No photorealistic rendering, no lip sync, no direct-to-camera speech, no mouth-open speaking pose, no cluttered composition. No other readable text. (Line 80)","Focus beat 80. Smooth lateral follow. The subject continues their everyday task naturally focusing on the subject action. Soft lighting remains stable. Preserve the warm, calm editorial mood of the image exactly. (Silent video, no audio). No lip sync, no direct-to-camera speech, no mouth-open speaking pose, no new readable text. [Context 80]"
夏でも冷房で体が冷えてしまったり、冬は暖房で乾燥したりと、体力を奪われる原因になります。,"Generate a retro-clean 2D illustration (illustrated lifestyle handbook, retro-clean 2D, warm domestic scenes, senior-friendly). Clean flat outlines, minimal detail, object clarity, flat soft colors, warm earth tones, low saturation. Practical domestic scene focus, minimal clutter. A senior Japanese person (65-75) doing the action described: 夏でも冷房で体が冷えてしまったり、冬は暖房で乾燥したりと、体... in a clean domestic or clinic setting. The human characters MUST explicitly show aging features: silver-gray hair, facial wrinkles, relaxed mature posture, and weathered hands. DO NOT make them look younger than 60.  No photorealistic rendering, no lip sync, no direct-to-camera speech, no mouth-open speaking pose, no cluttered composition. No other readable text. (Line 81)","Attention beat 81. Smooth lateral follow. The subject continues their everyday task naturally focusing on the subject action. Soft lighting remains stable. Preserve the warm, calm editorial mood of the image exactly. (Silent video, no audio). No lip sync, no direct-to-camera speech, no mouth-open speaking pose, no new readable text. [Context 81]"
簡単に羽織れる薄手のカーディガンや、首元を温める小さなスカーフを一枚持っていくと、とても重宝します。,"Generate a retro-clean 2D illustration (illustrated lifestyle handbook, retro-clean 2D, warm domestic scenes, senior-friendly). Clean flat outlines, minimal detail, object clarity, flat soft colors, warm earth tones, low saturation. Practical domestic scene focus, minimal clutter. Close-up focus on everyday items related to the narration: 簡単に羽織れる薄手のカーディガンや、首元を温める小さなスカー... arranged neatly in a Japanese home or clinic. The human characters MUST explicitly show aging features: silver-gray hair, facial wrinkles, relaxed mature posture, and weathered hands. DO NOT make them look younger than 60.  No photorealistic rendering, no lip sync, no direct-to-camera speech, no mouth-open speaking pose, no cluttered composition. No other readable text. (Line 82)","Detail beat 82. Slow macro drift over the object. The object remains perfectly still focusing on the focused object. Soft lighting remains stable. Preserve the warm, calm editorial mood of the image exactly. (Silent video, no audio). No lip sync, no direct-to-camera speech, no mouth-open speaking pose, no new readable text. [Context 82]"
待ち時間を少しでも快適に過ごす工夫が、通院の疲労を和らげてくれます。,"Generate a retro-clean 2D illustration (illustrated lifestyle handbook, retro-clean 2D, warm domestic scenes, senior-friendly). Clean flat outlines, minimal detail, object clarity, flat soft colors, warm earth tones, low saturation. Practical domestic scene focus, minimal clutter. A senior Japanese person (65-75) doing the action described: 待ち時間を少しでも快適に過ごす工夫が、通院の疲労を和らげてく... in a clean domestic or clinic setting. The human characters MUST explicitly show aging features: silver-gray hair, facial wrinkles, relaxed mature posture, and weathered hands. DO NOT make them look younger than 60.  No photorealistic rendering, no lip sync, no direct-to-camera speech, no mouth-open speaking pose, no cluttered composition. No other readable text. (Line 83)","Context beat 83. Smooth lateral follow. The subject continues their everyday task naturally focusing on the subject action. Soft lighting remains stable. Preserve the warm, calm editorial mood of the image exactly. (Silent video, no audio). No lip sync, no direct-to-camera speech, no mouth-open speaking pose, no new readable text. [Context 83]"
ここで、準備をしなかった朝と、準備をしておいた朝を比べてみましょう。,"Generate a retro-clean 2D illustration (illustrated lifestyle handbook, retro-clean 2D, warm domestic scenes, senior-friendly). Clean flat outlines, minimal detail, object clarity, flat soft colors, warm earth tones, low saturation. Practical domestic scene focus, minimal clutter. Split composition comparing the situation described: ここで、準備をしなかった朝と、準備をしておいた朝を比べてみま... highlighting the contrast. The human characters MUST explicitly show aging features: silver-gray hair, facial wrinkles, relaxed mature posture, and weathered hands. DO NOT make them look younger than 60.  No photorealistic rendering, no lip sync, no direct-to-camera speech, no mouth-open speaking pose, no cluttered composition. No other readable text. (Line 84)","Contrast beat 84. Slow pan to reveal the contrast. Both sides of the comparison hold steady focusing on the contrasted items. Soft lighting remains stable. Preserve the warm, calm editorial mood of the image exactly. (Silent video, no audio). No lip sync, no direct-to-camera speech, no mouth-open speaking pose, no new readable text. [Context 84]"
準備をしていないと、「診察券がない」「鍵が見当たらない」と、慌ただしく探し物をして出遅れてしまいます。,"Generate a retro-clean 2D illustration (illustrated lifestyle handbook, retro-clean 2D, warm domestic scenes, senior-friendly). Clean flat outlines, minimal detail, object clarity, flat soft colors, warm earth tones, low saturation. Practical domestic scene focus, minimal clutter. Close-up focus on everyday items related to the narration: 準備をしていないと、「診察券がない」「鍵が見当たらない」と、... arranged neatly in a Japanese home or clinic. The human characters MUST explicitly show aging features: silver-gray hair, facial wrinkles, relaxed mature posture, and weathered hands. DO NOT make them look younger than 60.  No photorealistic rendering, no lip sync, no direct-to-camera speech, no mouth-open speaking pose, no cluttered composition. No other readable text. (Line 85)","Observation beat 85. Slow macro drift over the object. The object remains perfectly still focusing on the focused object. Soft lighting remains stable. Preserve the warm, calm editorial mood of the image exactly. (Silent video, no audio). No lip sync, no direct-to-camera speech, no mouth-open speaking pose, no new readable text. [Context 85]"
焦る気持ちのまま急ぎ足で歩くと、足元の段差に気付かず、つまずいてしまうかもしれません。,"Generate a retro-clean 2D illustration (illustrated lifestyle handbook, retro-clean 2D, warm domestic scenes, senior-friendly). Clean flat outlines, minimal detail, object clarity, flat soft colors, warm earth tones, low saturation. Practical domestic scene focus, minimal clutter. A senior Japanese person (65-75) doing the action described: 焦る気持ちのまま急ぎ足で歩くと、足元の段差に気付かず、つまず... in a clean domestic or clinic setting. The human characters MUST explicitly show aging features: silver-gray hair, facial wrinkles, relaxed mature posture, and weathered hands. DO NOT make them look younger than 60.  No photorealistic rendering, no lip sync, no direct-to-camera speech, no mouth-open speaking pose, no cluttered composition. No other readable text. (Line 86)","Focus beat 86. Smooth lateral follow. The subject continues their everyday task naturally focusing on the subject action. Soft lighting remains stable. Preserve the warm, calm editorial mood of the image exactly. (Silent video, no audio). No lip sync, no direct-to-camera speech, no mouth-open speaking pose, no new readable text. [Context 86]"
一方、前日の夜に準備を整えておいた朝はどうでしょうか。,"Generate a retro-clean 2D illustration (illustrated lifestyle handbook, retro-clean 2D, warm domestic scenes, senior-friendly). Clean flat outlines, minimal detail, object clarity, flat soft colors, warm earth tones, low saturation. Practical domestic scene focus, minimal clutter. Split composition comparing the situation described: 一方、前日の夜に準備を整えておいた朝はどうでしょうか。... highlighting the contrast. The human characters MUST explicitly show aging features: silver-gray hair, facial wrinkles, relaxed mature posture, and weathered hands. DO NOT make them look younger than 60.  No photorealistic rendering, no lip sync, no direct-to-camera speech, no mouth-open speaking pose, no cluttered composition. No other readable text. (Line 87)","Contrast beat 87. Slow pan to reveal the contrast. Both sides of the comparison hold steady focusing on the contrasted items. Soft lighting remains stable. Preserve the warm, calm editorial mood of the image exactly. (Silent video, no audio). No lip sync, no direct-to-camera speech, no mouth-open speaking pose, no new readable text. [Context 87]"
玄関には、必要なものがすべて入った通院セットがきちんと置かれています。,"Generate a retro-clean 2D illustration (illustrated lifestyle handbook, retro-clean 2D, warm domestic scenes, senior-friendly). Clean flat outlines, minimal detail, object clarity, flat soft colors, warm earth tones, low saturation. Practical domestic scene focus, minimal clutter. A senior Japanese person (65-75) doing the action described: 玄関には、必要なものがすべて入った通院セットがきちんと置かれ... in a clean domestic or clinic setting. The human characters MUST explicitly show aging features: silver-gray hair, facial wrinkles, relaxed mature posture, and weathered hands. DO NOT make them look younger than 60.  No photorealistic rendering, no lip sync, no direct-to-camera speech, no mouth-open speaking pose, no cluttered composition. No other readable text. (Line 88)","Detail beat 88. Smooth lateral follow. The subject continues their everyday task naturally focusing on the subject action. Soft lighting remains stable. Preserve the warm, calm editorial mood of the image exactly. (Silent video, no audio). No lip sync, no direct-to-camera speech, no mouth-open speaking pose, no new readable text. [Context 88]"
ゆったりとした気持ちで足に合う靴を履き、一口お水を飲んでから、落ち着いて出発することができます。,"Generate a retro-clean 2D illustration (illustrated lifestyle handbook, retro-clean 2D, warm domestic scenes, senior-friendly). Clean flat outlines, minimal detail, object clarity, flat soft colors, warm earth tones, low saturation. Practical domestic scene focus, minimal clutter. Close-up focus on everyday items related to the narration: ゆったりとした気持ちで足に合う靴を履き、一口お水を飲んでから... arranged neatly in a Japanese home or clinic. The human characters MUST explicitly show aging features: silver-gray hair, facial wrinkles, relaxed mature posture, and weathered hands. DO NOT make them look younger than 60.  No photorealistic rendering, no lip sync, no direct-to-camera speech, no mouth-open speaking pose, no cluttered composition. No other readable text. (Line 89)","Context beat 89. Slow macro drift over the object. The object remains perfectly still focusing on the focused object. Soft lighting remains stable. Preserve the warm, calm editorial mood of the image exactly. (Silent video, no audio). No lip sync, no direct-to-camera speech, no mouth-open speaking pose, no new readable text. [Context 89]"
戸締まりを確認する余裕も生まれるでしょう。,"Generate a retro-clean 2D illustration (illustrated lifestyle handbook, retro-clean 2D, warm domestic scenes, senior-friendly). Clean flat outlines, minimal detail, object clarity, flat soft colors, warm earth tones, low saturation. Practical domestic scene focus, minimal clutter. A senior Japanese person (65-75) doing the action described: 戸締まりを確認する余裕も生まれるでしょう。... in a clean domestic or clinic setting. The human characters MUST explicitly show aging features: silver-gray hair, facial wrinkles, relaxed mature posture, and weathered hands. DO NOT make them look younger than 60.  No photorealistic rendering, no lip sync, no direct-to-camera speech, no mouth-open speaking pose, no cluttered composition. No other readable text. (Line 90)","Solution demo beat 90. Smooth lateral follow. The subject continues their everyday task naturally focusing on the subject action. Soft lighting remains stable. Preserve the warm, calm editorial mood of the image exactly. (Silent video, no audio). No lip sync, no direct-to-camera speech, no mouth-open speaking pose, no new readable text. [Context 90]"
決して大掛かりなことではなく、前日のちょっとした見直しが、当日の安心につながります。,"Generate a retro-clean 2D illustration (illustrated lifestyle handbook, retro-clean 2D, warm domestic scenes, senior-friendly). Clean flat outlines, minimal detail, object clarity, flat soft colors, warm earth tones, low saturation. Practical domestic scene focus, minimal clutter. A senior Japanese person (65-75) doing the action described: 決して大掛かりなことではなく、前日のちょっとした見直しが、当... in a clean domestic or clinic setting. The human characters MUST explicitly show aging features: silver-gray hair, facial wrinkles, relaxed mature posture, and weathered hands. DO NOT make them look younger than 60.  No photorealistic rendering, no lip sync, no direct-to-camera speech, no mouth-open speaking pose, no cluttered composition. No other readable text. (Line 91)","Observation beat 91. Smooth lateral follow. The subject continues their everyday task naturally focusing on the subject action. Soft lighting remains stable. Preserve the warm, calm editorial mood of the image exactly. (Silent video, no audio). No lip sync, no direct-to-camera speech, no mouth-open speaking pose, no new readable text. [Context 91]"
朝の心のゆとりは、そのまま一日の疲れにくさへと直結するのです。,"Generate a retro-clean 2D illustration (illustrated lifestyle handbook, retro-clean 2D, warm domestic scenes, senior-friendly). Clean flat outlines, minimal detail, object clarity, flat soft colors, warm earth tones, low saturation. Practical domestic scene focus, minimal clutter. A senior Japanese person (65-75) doing the action described: 朝の心のゆとりは、そのまま一日の疲れにくさへと直結するのです... in a clean domestic or clinic setting. The human characters MUST explicitly show aging features: silver-gray hair, facial wrinkles, relaxed mature posture, and weathered hands. DO NOT make them look younger than 60.  No photorealistic rendering, no lip sync, no direct-to-camera speech, no mouth-open speaking pose, no cluttered composition. No other readable text. (Line 92)","Focus beat 92. Smooth lateral follow. The subject continues their everyday task naturally focusing on the subject action. Soft lighting remains stable. Preserve the warm, calm editorial mood of the image exactly. (Silent video, no audio). No lip sync, no direct-to-camera speech, no mouth-open speaking pose, no new readable text. [Context 92]"
それでも、やはり一人での通院が負担になってきたと感じたら、無理をする必要はありません。,"Generate a retro-clean 2D illustration (illustrated lifestyle handbook, retro-clean 2D, warm domestic scenes, senior-friendly). Clean flat outlines, minimal detail, object clarity, flat soft colors, warm earth tones, low saturation. Practical domestic scene focus, minimal clutter. A senior Japanese person (65-75) doing the action described: それでも、やはり一人での通院が負担になってきたと感じたら、無... in a clean domestic or clinic setting. The human characters MUST explicitly show aging features: silver-gray hair, facial wrinkles, relaxed mature posture, and weathered hands. DO NOT make them look younger than 60.  No photorealistic rendering, no lip sync, no direct-to-camera speech, no mouth-open speaking pose, no cluttered composition. No other readable text. (Line 93)","Attention beat 93. Smooth lateral follow. The subject continues their everyday task naturally focusing on the subject action. Soft lighting remains stable. Preserve the warm, calm editorial mood of the image exactly. (Silent video, no audio). No lip sync, no direct-to-camera speech, no mouth-open speaking pose, no new readable text. [Context 93]"
「病院に行くだけでへとへとになってしまう」と感じるのは、決して珍しいことではありません。,"Generate a retro-clean 2D illustration (illustrated lifestyle handbook, retro-clean 2D, warm domestic scenes, senior-friendly). Clean flat outlines, minimal detail, object clarity, flat soft colors, warm earth tones, low saturation. Practical domestic scene focus, minimal clutter. A senior Japanese person (65-75) doing the action described: 「病院に行くだけでへとへとになってしまう」と感じるのは、決し... in a clean domestic or clinic setting. The human characters MUST explicitly show aging features: silver-gray hair, facial wrinkles, relaxed mature posture, and weathered hands. DO NOT make them look younger than 60.  No photorealistic rendering, no lip sync, no direct-to-camera speech, no mouth-open speaking pose, no cluttered composition. No other readable text. (Line 94)","Detail beat 94. Smooth lateral follow. The subject continues their everyday task naturally focusing on the subject action. Soft lighting remains stable. Preserve the warm, calm editorial mood of the image exactly. (Silent video, no audio). No lip sync, no direct-to-camera speech, no mouth-open speaking pose, no new readable text. [Context 94]"
そんなときは、移動支援のサービスを活用することも考えてみましょう。,"Generate a retro-clean 2D illustration (illustrated lifestyle handbook, retro-clean 2D, warm domestic scenes, senior-friendly). Clean flat outlines, minimal detail, object clarity, flat soft colors, warm earth tones, low saturation. Practical domestic scene focus, minimal clutter. A senior Japanese person (65-75) doing the action described: そんなときは、移動支援のサービスを活用することも考えてみまし... in a clean domestic or clinic setting. The human characters MUST explicitly show aging features: silver-gray hair, facial wrinkles, relaxed mature posture, and weathered hands. DO NOT make them look younger than 60.  No photorealistic rendering, no lip sync, no direct-to-camera speech, no mouth-open speaking pose, no cluttered composition. No other readable text. (Line 95)","Context beat 95. Smooth lateral follow. The subject continues their everyday task naturally focusing on the subject action. Soft lighting remains stable. Preserve the warm, calm editorial mood of the image exactly. (Silent video, no audio). No lip sync, no direct-to-camera speech, no mouth-open speaking pose, no new readable text. [Context 95]"
例えば、要介護認定を受けている方であれば、介護保険を利用した介護タクシーを使える場合があります。,"Generate a retro-clean 2D illustration (illustrated lifestyle handbook, retro-clean 2D, warm domestic scenes, senior-friendly). Clean flat outlines, minimal detail, object clarity, flat soft colors, warm earth tones, low saturation. Practical domestic scene focus, minimal clutter. A senior Japanese person (65-75) doing the action described: 例えば、要介護認定を受けている方であれば、介護保険を利用した... in a clean domestic or clinic setting. The human characters MUST explicitly show aging features: silver-gray hair, facial wrinkles, relaxed mature posture, and weathered hands. DO NOT make them look younger than 60.  No photorealistic rendering, no lip sync, no direct-to-camera speech, no mouth-open speaking pose, no cluttered composition. No other readable text. (Line 96)","Solution demo beat 96. Smooth lateral follow. The subject continues their everyday task naturally focusing on the subject action. Soft lighting remains stable. Preserve the warm, calm editorial mood of the image exactly. (Silent video, no audio). No lip sync, no direct-to-camera speech, no mouth-open speaking pose, no new readable text. [Context 96]"
運転手さんが乗り降りのサポートをしてくれるため、体への負担が大きく減ります。,"Generate a retro-clean 2D illustration (illustrated lifestyle handbook, retro-clean 2D, warm domestic scenes, senior-friendly). Clean flat outlines, minimal detail, object clarity, flat soft colors, warm earth tones, low saturation. Practical domestic scene focus, minimal clutter. A senior Japanese person (65-75) doing the action described: 運転手さんが乗り降りのサポートをしてくれるため、体への負担が... in a clean domestic or clinic setting. The human characters MUST explicitly show aging features: silver-gray hair, facial wrinkles, relaxed mature posture, and weathered hands. DO NOT make them look younger than 60.  No photorealistic rendering, no lip sync, no direct-to-camera speech, no mouth-open speaking pose, no cluttered composition. No other readable text. (Line 97)","Observation beat 97. Smooth lateral follow. The subject continues their everyday task naturally focusing on the subject action. Soft lighting remains stable. Preserve the warm, calm editorial mood of the image exactly. (Silent video, no audio). No lip sync, no direct-to-camera speech, no mouth-open speaking pose, no new readable text. [Context 97]"
また、お住まいの地域によっては、自治体やボランティアによる独自の送迎サービスが用意されていることもあります。,"Generate a retro-clean 2D illustration (illustrated lifestyle handbook, retro-clean 2D, warm domestic scenes, senior-friendly). Clean flat outlines, minimal detail, object clarity, flat soft colors, warm earth tones, low saturation. Practical domestic scene focus, minimal clutter. A senior Japanese person (65-75) doing the action described: また、お住まいの地域によっては、自治体やボランティアによる独... in a clean domestic or clinic setting. The human characters MUST explicitly show aging features: silver-gray hair, facial wrinkles, relaxed mature posture, and weathered hands. DO NOT make them look younger than 60.  No photorealistic rendering, no lip sync, no direct-to-camera speech, no mouth-open speaking pose, no cluttered composition. No other readable text. (Line 98)","Focus beat 98. Smooth lateral follow. The subject continues their everyday task naturally focusing on the subject action. Soft lighting remains stable. Preserve the warm, calm editorial mood of the image exactly. (Silent video, no audio). No lip sync, no direct-to-camera speech, no mouth-open speaking pose, no new readable text. [Context 98]"
もちろん、自治体によって条件や制度が異なります。,"Generate a retro-clean 2D illustration (illustrated lifestyle handbook, retro-clean 2D, warm domestic scenes, senior-friendly). Clean flat outlines, minimal detail, object clarity, flat soft colors, warm earth tones, low saturation. Practical domestic scene focus, minimal clutter. A senior Japanese person (65-75) doing the action described: もちろん、自治体によって条件や制度が異なります。... in a clean domestic or clinic setting. The human characters MUST explicitly show aging features: silver-gray hair, facial wrinkles, relaxed mature posture, and weathered hands. DO NOT make them look younger than 60.  No photorealistic rendering, no lip sync, no direct-to-camera speech, no mouth-open speaking pose, no cluttered composition. No other readable text. (Line 99)","Attention beat 99. Smooth lateral follow. The subject continues their everyday task naturally focusing on the subject action. Soft lighting remains stable. Preserve the warm, calm editorial mood of the image exactly. (Silent video, no audio). No lip sync, no direct-to-camera speech, no mouth-open speaking pose, no new readable text. [Context 99]"
ですので、通院の移動に不安を感じたら、まずは担当のケアマネジャーや、お近くの地域包括支援センターにご相談ください。,"Generate a retro-clean 2D illustration (illustrated lifestyle handbook, retro-clean 2D, warm domestic scenes, senior-friendly). Clean flat outlines, minimal detail, object clarity, flat soft colors, warm earth tones, low saturation. Practical domestic scene focus, minimal clutter. A senior Japanese person (65-75) doing the action described: ですので、通院の移動に不安を感じたら、まずは担当のケアマネジ... in a clean domestic or clinic setting. The human characters MUST explicitly show aging features: silver-gray hair, facial wrinkles, relaxed mature posture, and weathered hands. DO NOT make them look younger than 60.  No photorealistic rendering, no lip sync, no direct-to-camera speech, no mouth-open speaking pose, no cluttered composition. No other readable text. (Line 100)","Detail beat 100. Smooth lateral follow. The subject continues their everyday task naturally focusing on the subject action. Soft lighting remains stable. Preserve the warm, calm editorial mood of the image exactly. (Silent video, no audio). No lip sync, no direct-to-camera speech, no mouth-open speaking pose, no new readable text. [Context 100]"
専門家と一緒に、一番安心できる通院の方法を見つけていきましょう。,"Generate a retro-clean 2D illustration (illustrated lifestyle handbook, retro-clean 2D, warm domestic scenes, senior-friendly). Clean flat outlines, minimal detail, object clarity, flat soft colors, warm earth tones, low saturation. Practical domestic scene focus, minimal clutter. A senior Japanese person (65-75) doing the action described: 専門家と一緒に、一番安心できる通院の方法を見つけていきましょ... in a clean domestic or clinic setting. The human characters MUST explicitly show aging features: silver-gray hair, facial wrinkles, relaxed mature posture, and weathered hands. DO NOT make them look younger than 60.  No photorealistic rendering, no lip sync, no direct-to-camera speech, no mouth-open speaking pose, no cluttered composition. No other readable text. (Line 101)","Context beat 101. Smooth lateral follow. The subject continues their everyday task naturally focusing on the subject action. Soft lighting remains stable. Preserve the warm, calm editorial mood of the image exactly. (Silent video, no audio). No lip sync, no direct-to-camera speech, no mouth-open speaking pose, no new readable text. [Context 101]"
いかがでしたか？今日からできる工夫はありましたでしょうか。,"Generate a retro-clean 2D illustration (illustrated lifestyle handbook, retro-clean 2D, warm domestic scenes, senior-friendly). Clean flat outlines, minimal detail, object clarity, flat soft colors, warm earth tones, low saturation. Practical domestic scene focus, minimal clutter. A senior Japanese person (65-75) doing the action described: いかがでしたか？今日からできる工夫はありましたでしょうか。... in a clean domestic or clinic setting. The human characters MUST explicitly show aging features: silver-gray hair, facial wrinkles, relaxed mature posture, and weathered hands. DO NOT make them look younger than 60.  No photorealistic rendering, no lip sync, no direct-to-camera speech, no mouth-open speaking pose, no cluttered composition. No other readable text. (Line 102)","Solution demo beat 102. Smooth lateral follow. The subject continues their everyday task naturally focusing on the subject action. Soft lighting remains stable. Preserve the warm, calm editorial mood of the image exactly. (Silent video, no audio). No lip sync, no direct-to-camera speech, no mouth-open speaking pose, no new readable text. [Context 102]"
本日の内容を振り返ってみましょう。,"Generate a retro-clean 2D illustration (illustrated lifestyle handbook, retro-clean 2D, warm domestic scenes, senior-friendly). Clean flat outlines, minimal detail, object clarity, flat soft colors, warm earth tones, low saturation. Practical domestic scene focus, minimal clutter. A senior Japanese person (65-75) doing the action described: 本日の内容を振り返ってみましょう。... in a clean domestic or clinic setting. The human characters MUST explicitly show aging features: silver-gray hair, facial wrinkles, relaxed mature posture, and weathered hands. DO NOT make them look younger than 60.  No photorealistic rendering, no lip sync, no direct-to-camera speech, no mouth-open speaking pose, no cluttered composition. No other readable text. (Line 103)","Observation beat 103. Smooth lateral follow. The subject continues their everyday task naturally focusing on the subject action. Soft lighting remains stable. Preserve the warm, calm editorial mood of the image exactly. (Silent video, no audio). No lip sync, no direct-to-camera speech, no mouth-open speaking pose, no new readable text. [Context 103]"
ひとつめは、前日までに持ち物をポーチにまとめる、通院セットの準備です。,"Generate a retro-clean 2D illustration (illustrated lifestyle handbook, retro-clean 2D, warm domestic scenes, senior-friendly). Clean flat outlines, minimal detail, object clarity, flat soft colors, warm earth tones, low saturation. Practical domestic scene focus, minimal clutter. Close-up focus on everyday items related to the narration: ひとつめは、前日までに持ち物をポーチにまとめる、通院セットの... arranged neatly in a Japanese home or clinic. The human characters MUST explicitly show aging features: silver-gray hair, facial wrinkles, relaxed mature posture, and weathered hands. DO NOT make them look younger than 60.  No photorealistic rendering, no lip sync, no direct-to-camera speech, no mouth-open speaking pose, no cluttered composition. No other readable text. (Line 104)","Focus beat 104. Slow macro drift over the object. The object remains perfectly still focusing on the focused object. Soft lighting remains stable. Preserve the warm, calm editorial mood of the image exactly. (Silent video, no audio). No lip sync, no direct-to-camera speech, no mouth-open speaking pose, no new readable text. [Context 104]"
ふたつめは、着脱しやすい服と、歩きやすく安定した靴を選ぶことです。,"Generate a retro-clean 2D illustration (illustrated lifestyle handbook, retro-clean 2D, warm domestic scenes, senior-friendly). Clean flat outlines, minimal detail, object clarity, flat soft colors, warm earth tones, low saturation. Practical domestic scene focus, minimal clutter. Close-up focus on everyday items related to the narration: ふたつめは、着脱しやすい服と、歩きやすく安定した靴を選ぶこと... arranged neatly in a Japanese home or clinic. The human characters MUST explicitly show aging features: silver-gray hair, facial wrinkles, relaxed mature posture, and weathered hands. DO NOT make them look younger than 60.  No photorealistic rendering, no lip sync, no direct-to-camera speech, no mouth-open speaking pose, no cluttered composition. No other readable text. (Line 105)","Attention beat 105. Slow macro drift over the object. The object remains perfectly still focusing on the focused object. Soft lighting remains stable. Preserve the warm, calm editorial mood of the image exactly. (Silent video, no audio). No lip sync, no direct-to-camera speech, no mouth-open speaking pose, no new readable text. [Context 105]"
みっつめは、待合室での水分補給や、座ったままの軽い運動を取り入れることでした。,"Generate a retro-clean 2D illustration (illustrated lifestyle handbook, retro-clean 2D, warm domestic scenes, senior-friendly). Clean flat outlines, minimal detail, object clarity, flat soft colors, warm earth tones, low saturation. Practical domestic scene focus, minimal clutter. A senior Japanese person (65-75) doing the action described: みっつめは、待合室での水分補給や、座ったままの軽い運動を取り... in a clean domestic or clinic setting. The human characters MUST explicitly show aging features: silver-gray hair, facial wrinkles, relaxed mature posture, and weathered hands. DO NOT make them look younger than 60.  No photorealistic rendering, no lip sync, no direct-to-camera speech, no mouth-open speaking pose, no cluttered composition. No other readable text. (Line 106)","Detail beat 106. Smooth lateral follow. The subject continues their everyday task naturally focusing on the subject action. Soft lighting remains stable. Preserve the warm, calm editorial mood of the image exactly. (Silent video, no audio). No lip sync, no direct-to-camera speech, no mouth-open speaking pose, no new readable text. [Context 106]"
全部を一度にやる必要はありません。,"Generate a retro-clean 2D illustration (illustrated lifestyle handbook, retro-clean 2D, warm domestic scenes, senior-friendly). Clean flat outlines, minimal detail, object clarity, flat soft colors, warm earth tones, low saturation. Practical domestic scene focus, minimal clutter. A senior Japanese person (65-75) doing the action described: 全部を一度にやる必要はありません。... in a clean domestic or clinic setting. The human characters MUST explicitly show aging features: silver-gray hair, facial wrinkles, relaxed mature posture, and weathered hands. DO NOT make them look younger than 60.  No photorealistic rendering, no lip sync, no direct-to-camera speech, no mouth-open speaking pose, no cluttered composition. No other readable text. (Line 107)","Context beat 107. Smooth lateral follow. The subject continues their everyday task naturally focusing on the subject action. Soft lighting remains stable. Preserve the warm, calm editorial mood of the image exactly. (Silent video, no audio). No lip sync, no direct-to-camera speech, no mouth-open speaking pose, no new readable text. [Context 107]"
次回病院に行くときに、ひとつだけでも試してみてください。,"Generate a retro-clean 2D illustration (illustrated lifestyle handbook, retro-clean 2D, warm domestic scenes, senior-friendly). Clean flat outlines, minimal detail, object clarity, flat soft colors, warm earth tones, low saturation. Practical domestic scene focus, minimal clutter. A senior Japanese person (65-75) doing the action described: 次回病院に行くときに、ひとつだけでも試してみてください。... in a clean domestic or clinic setting. The human characters MUST explicitly show aging features: silver-gray hair, facial wrinkles, relaxed mature posture, and weathered hands. DO NOT make them look younger than 60.  No photorealistic rendering, no lip sync, no direct-to-camera speech, no mouth-open speaking pose, no cluttered composition. No other readable text. (Line 108)","Solution demo beat 108. Smooth lateral follow. The subject continues their everyday task naturally focusing on the subject action. Soft lighting remains stable. Preserve the warm, calm editorial mood of the image exactly. (Silent video, no audio). No lip sync, no direct-to-camera speech, no mouth-open speaking pose, no new readable text. [Context 108]"
少しの工夫で疲れを和らげることができます。,"Generate a retro-clean 2D illustration (illustrated lifestyle handbook, retro-clean 2D, warm domestic scenes, senior-friendly). Clean flat outlines, minimal detail, object clarity, flat soft colors, warm earth tones, low saturation. Practical domestic scene focus, minimal clutter. A senior Japanese person (65-75) doing the action described: 少しの工夫で疲れを和らげることができます。... in a clean domestic or clinic setting. The human characters MUST explicitly show aging features: silver-gray hair, facial wrinkles, relaxed mature posture, and weathered hands. DO NOT make them look younger than 60.  No photorealistic rendering, no lip sync, no direct-to-camera speech, no mouth-open speaking pose, no cluttered composition. No other readable text. (Line 109)","Observation beat 109. Smooth lateral follow. The subject continues their everyday task naturally focusing on the subject action. Soft lighting remains stable. Preserve the warm, calm editorial mood of the image exactly. (Silent video, no audio). No lip sync, no direct-to-camera speech, no mouth-open speaking pose, no new readable text. [Context 109]"
無理せず安全第一でお出かけください。,"Generate a retro-clean 2D illustration (illustrated lifestyle handbook, retro-clean 2D, warm domestic scenes, senior-friendly). Clean flat outlines, minimal detail, object clarity, flat soft colors, warm earth tones, low saturation. Practical domestic scene focus, minimal clutter. A calm, reassuring senior Japanese female host (65-75) sitting comfortably in a warm Japanese living room, gently gesturing to explain a helpful tip about: 無理せず安全第一でお出かけください。... The human characters MUST explicitly show aging features: silver-gray hair, facial wrinkles, relaxed mature posture, and weathered hands. DO NOT make them look younger than 60.  No photorealistic rendering, no lip sync, no direct-to-camera speech, no mouth-open speaking pose, no cluttered composition. No other readable text. (Line 110) The character MUST appear the SAME age as the reference. NO youth reduction.","Expert emphasis beat 110. Slow, reassuring push toward the host. The host gives a subtle nod and gentle hand gesture focusing on the host explaining. Soft lighting remains stable. Preserve the warm, calm editorial mood of the image exactly. (Silent video, no audio). No lip sync, no direct-to-camera speech, no mouth-open speaking pose, no new readable text. [Context 110]"
これからも、皆様の安心な暮らしに役立つ情報をお届けしていきます。,"Generate a retro-clean 2D illustration (illustrated lifestyle handbook, retro-clean 2D, warm domestic scenes, senior-friendly). Clean flat outlines, minimal detail, object clarity, flat soft colors, warm earth tones, low saturation. Practical domestic scene focus, minimal clutter. A calm, reassuring senior Japanese female host (65-75) sitting comfortably in a warm Japanese living room, gently gesturing to explain a helpful tip about: これからも、皆様の安心な暮らしに役立つ情... The human characters MUST explicitly show aging features: silver-gray hair, facial wrinkles, relaxed mature posture, and weathered hands. DO NOT make them look younger than 60.  No photorealistic rendering, no lip sync, no direct-to-camera speech, no mouth-open speaking pose, no cluttered composition. No other readable text. (Line 111) The character MUST appear the SAME age as the reference. NO youth reduction.","Expert emphasis beat 111. Slow, reassuring push toward the host. The host gives a subtle nod and gentle hand gesture focusing on the host explaining. Soft lighting remains stable. Preserve the warm, calm editorial mood of the image exactly. (Silent video, no audio). No lip sync, no direct-to-camera speech, no mouth-open speaking pose, no new readable text. [Context 111]"
本日も最後までお付き合いいただき、ありがとうございました。,"Generate a retro-clean 2D illustration (illustrated lifestyle handbook, retro-clean 2D, warm domestic scenes, senior-friendly). Clean flat outlines, minimal detail, object clarity, flat soft colors, warm earth tones, low saturation. Practical domestic scene focus, minimal clutter. A senior Japanese person (65-75) doing the action described: 本日も最後までお付き合いいただき、ありがとうございました。... in a clean domestic or clinic setting. The human characters MUST explicitly show aging features: silver-gray hair, facial wrinkles, relaxed mature posture, and weathered hands. DO NOT make them look younger than 60.  No photorealistic rendering, no lip sync, no direct-to-camera speech, no mouth-open speaking pose, no cluttered composition. No other readable text. (Line 112)","Detail beat 112. Smooth lateral follow. The subject continues their everyday task naturally focusing on the subject action. Soft lighting remains stable. Preserve the warm, calm editorial mood of the image exactly. (Silent video, no audio). No lip sync, no direct-to-camera speech, no mouth-open speaking pose, no new readable text. [Context 112]"
