script_text,prompt_img_nano,prompt_video_veo3
通院の日の朝、バッグの中を何度も探して、出発前から疲れてしまうことはありませんか。,"Generate a still keyframe in retro-clean 2D illustrated lifestyle handbook style, warm domestic Japanese details, flat soft colors, clean outlines, minimal clutter, senior-friendly object clarity. Show a clearly senior Japanese person with gray hair, facial wrinkles, and mature posture gently searching an open clinic bag. Setting: ordinary Japanese genkan with low shoe bench, neatly placed walking shoes, soft morning light. The image supports this spoken line about: 通院の日の朝、バッグの中を何度も探して、出発前から疲れてしまうことはありませんか。 Keep the composition simple, practical, and reassuring, with Japanese domestic or clinic-adjacent details only. Use object clarity and warm soft colors. No readable text, no numbers, no logos, no photorealism, no hospital emergency, no panic, no youth reduction.","Motion beat 001 uses checklist focus on open clinic bag and scattered generic cards. Use a slow push-in toward open clinic bag and scattered generic cards; the senior's hands slowly move one pouch aside and pause near the open bag. Let soft morning light changes slightly. Preserve the original illustration style, senior age cues, composition, and all source-image details. Do not create any new readable text. (Silent video, no audio). No speech, no lip sync, no direct-to-camera performance, no singing, no chanting, no scene redesign, no character redesign, no panic."
診察券は入れたはずなのに、いざ玄関に立つと見当たらない。,"Generate a still keyframe in retro-clean 2D illustrated lifestyle handbook style, warm domestic Japanese details, flat soft colors, clean outlines, minimal clutter, senior-friendly object clarity. Show wrinkled senior hands opening a small card case with generic blank cards. Setting: genkan bench beside a modest clinic bag. The image supports this spoken line about: 診察券は入れたはずなのに、いざ玄関に立つと見当たらない。 Keep the composition simple, practical, and reassuring, with Japanese domestic or clinic-adjacent details only. Use object clarity and warm soft colors. No readable text, no numbers, no logos, no photorealism, no hospital emergency, no panic, no youth reduction.","Motion beat 002 uses contrast focus on card case and hands. Use a gentle left-to-right pan toward card case and hands; the hands gently slide the pouch closer to the camera. Let a curtain edge moves almost imperceptibly. Preserve the original illustration style, senior age cues, composition, and all source-image details. Do not create any new readable text. (Silent video, no audio). No speech, no lip sync, no direct-to-camera performance, no singing, no chanting, no scene redesign, no character redesign, no panic."
お薬手帳も、別の棚に置いたままだった。,"Generate a still keyframe in retro-clean 2D illustrated lifestyle handbook style, warm domestic Japanese details, flat soft colors, clean outlines, minimal clutter, senior-friendly object clarity. Show a medicine notebook-like booklet left on a shelf while the clinic bag waits near the door. Setting: compact Japanese apartment entryway with warm domestic shelves. The image supports this spoken line about: お薬手帳も、別の棚に置いたままだった。 Keep the composition simple, practical, and reassuring, with Japanese domestic or clinic-adjacent details only. Use object clarity and warm soft colors. No readable text, no numbers, no logos, no photorealism, no hospital emergency, no panic, no youth reduction.","Motion beat 003 uses solution_demo focus on forgotten booklet and waiting bag. Use a soft downward tilt toward forgotten booklet and waiting bag; the camera reveals the booklet left apart from the bag. Let subtle shadow movement keeps the frame calm. Preserve the original illustration style, senior age cues, composition, and all source-image details. Do not create any new readable text. (Silent video, no audio). No speech, no lip sync, no direct-to-camera performance, no singing, no chanting, no scene redesign, no character redesign, no panic."
そんな小さな探し物が重なると、予約の時間が気になって、つい足早になってしまいます。,"Generate a still keyframe in retro-clean 2D illustrated lifestyle handbook style, warm domestic Japanese details, flat soft colors, clean outlines, minimal clutter, senior-friendly object clarity. Show a calm domestic preparation scene with a senior-safe clinic bag and small pouches. Setting: warm Japanese living room with minimal clutter. The image supports this spoken line about: そんな小さな探し物が重なると、予約の時間が気になって、つい足早になってしまいます。 Keep the composition simple, practical, and reassuring, with Japanese domestic or clinic-adjacent details only. Use object clarity and warm soft colors. No readable text, no numbers, no logos, no photorealism, no hospital emergency, no panic, no youth reduction.","Motion beat 004 uses expert_emphasis focus on prepared items. Use a small parallax drift toward prepared items; the camera drifts across the prepared items and settles on the pouch. Let the background remains still and uncluttered. Preserve the original illustration style, senior age cues, composition, and all source-image details. Do not create any new readable text. (Silent video, no audio). No speech, no lip sync, no direct-to-camera performance, no singing, no chanting, no scene redesign, no character redesign, no panic."
通院は、診察を受けるだけでも体力を使います。,"Generate a still keyframe in retro-clean 2D illustrated lifestyle handbook style, warm domestic Japanese details, flat soft colors, clean outlines, minimal clutter, senior-friendly object clarity. Show a calm domestic preparation scene with a senior-safe clinic bag and small pouches. Setting: warm Japanese living room with minimal clutter. The image supports this spoken line about: 通院は、診察を受けるだけでも体力を使います。 Keep the composition simple, practical, and reassuring, with Japanese domestic or clinic-adjacent details only. Use object clarity and warm soft colors. No readable text, no numbers, no logos, no photorealism, no hospital emergency, no panic, no youth reduction.","Motion beat 005 uses checklist focus on prepared items. Use a steady close-up hold with slight settling toward prepared items; the camera drifts across the prepared items and settles on the pouch. Let soft morning light changes slightly. Preserve the original illustration style, senior age cues, composition, and all source-image details. Do not create any new readable text. (Silent video, no audio). No speech, no lip sync, no direct-to-camera performance, no singing, no chanting, no scene redesign, no character redesign, no panic."
できれば、家を出る前の焦りは少しでも減らしておきたいですね。,"Generate a still keyframe in retro-clean 2D illustrated lifestyle handbook style, warm domestic Japanese details, flat soft colors, clean outlines, minimal clutter, senior-friendly object clarity. Show a calm domestic preparation scene with a senior-safe clinic bag and small pouches. Setting: warm Japanese living room with minimal clutter. The image supports this spoken line about: できれば、家を出る前の焦りは少しでも減らしておきたいですね。 Keep the composition simple, practical, and reassuring, with Japanese domestic or clinic-adjacent details only. Use object clarity and warm soft colors. No readable text, no numbers, no logos, no photorealism, no hospital emergency, no panic, no youth reduction.","Motion beat 006 uses solution_demo focus on prepared items. Use a slow push-in toward prepared items; the camera drifts across the prepared items and settles on the pouch. Let a curtain edge moves almost imperceptibly. Preserve the original illustration style, senior age cues, composition, and all source-image details. Do not create any new readable text. (Silent video, no audio). No speech, no lip sync, no direct-to-camera performance, no singing, no chanting, no scene redesign, no character redesign, no panic."
そこで今日は、通院の日に持っていきたいものを、五つのまとまりで確認していきます。,"Generate a still keyframe in retro-clean 2D illustrated lifestyle handbook style, warm domestic Japanese details, flat soft colors, clean outlines, minimal clutter, senior-friendly object clarity. Show five small unlabeled pouches grouped neatly as a visual checklist without readable writing. Setting: Japanese dining table under soft light. The image supports this spoken line about: そこで今日は、通院の日に持っていきたいものを、五つのまとまりで確認していきます。 Keep the composition simple, practical, and reassuring, with Japanese domestic or clinic-adjacent details only. Use object clarity and warm soft colors. No readable text, no numbers, no logos, no photorealism, no hospital emergency, no panic, no youth reduction.","Motion beat 007 uses contrast focus on organized pouches. Use a gentle left-to-right pan toward organized pouches; the pouches settle into a neat row without showing any readable writing. Let subtle shadow movement keeps the frame calm. Preserve the original illustration style, senior age cues, composition, and all source-image details. Do not create any new readable text. (Silent video, no audio). No speech, no lip sync, no direct-to-camera performance, no singing, no chanting, no scene redesign, no character redesign, no panic."
難しい準備ではありません。,"Generate a still keyframe in retro-clean 2D illustrated lifestyle handbook style, warm domestic Japanese details, flat soft colors, clean outlines, minimal clutter, senior-friendly object clarity. Show a calm domestic preparation scene with a senior-safe clinic bag and small pouches. Setting: warm Japanese living room with minimal clutter. The image supports this spoken line about: 難しい準備ではありません。 Keep the composition simple, practical, and reassuring, with Japanese domestic or clinic-adjacent details only. Use object clarity and warm soft colors. No readable text, no numbers, no logos, no photorealism, no hospital emergency, no panic, no youth reduction.","Motion beat 008 uses checklist focus on prepared items. Use a soft downward tilt toward prepared items; the camera drifts across the prepared items and settles on the pouch. Let the background remains still and uncluttered. Preserve the original illustration style, senior age cues, composition, and all source-image details. Do not create any new readable text. (Silent video, no audio). No speech, no lip sync, no direct-to-camera performance, no singing, no chanting, no scene redesign, no character redesign, no panic."
前日の夜に、いつものバッグやポーチへまとめておくだけでも大丈夫です。,"Generate a still keyframe in retro-clean 2D illustrated lifestyle handbook style, warm domestic Japanese details, flat soft colors, clean outlines, minimal clutter, senior-friendly object clarity. Show a clearly senior Japanese person checking comfortable walking shoes and a hands-free shoulder bag. Setting: Japanese genkan with handrail and tidy floor. The image supports this spoken line about: 前日の夜に、いつものバッグやポーチへまとめておくだけでも大丈夫です。 Keep the composition simple, practical, and reassuring, with Japanese domestic or clinic-adjacent details only. Use object clarity and warm soft colors. No readable text, no numbers, no logos, no photorealism, no hospital emergency, no panic, no youth reduction.","Motion beat 009 uses expert_emphasis focus on shoes and hands-free bag. Use a small parallax drift toward shoes and hands-free bag; the shoe toe turns slightly while the bag strap is adjusted. Let soft morning light changes slightly. Preserve the original illustration style, senior age cues, composition, and all source-image details. Do not create any new readable text. (Silent video, no audio). No speech, no lip sync, no direct-to-camera performance, no singing, no chanting, no scene redesign, no character redesign, no panic."
受付で困らないもの、診察で伝えるもの、待ち時間を楽にするもの。,"Generate a still keyframe in retro-clean 2D illustrated lifestyle handbook style, warm domestic Japanese details, flat soft colors, clean outlines, minimal clutter, senior-friendly object clarity. Show wrinkled senior hands arranging generic blank reception cards and a small appointment paper into a clear pouch. Setting: Japanese dining table prepared the night before. The image supports this spoken line about: 受付で困らないもの、診察で伝えるもの、待ち時間を楽にするもの。 Keep the composition simple, practical, and reassuring, with Japanese domestic or clinic-adjacent details only. Use object clarity and warm soft colors. No readable text, no numbers, no logos, no photorealism, no hospital emergency, no panic, no youth reduction.","Motion beat 010 uses solution_demo focus on reception pouch. Use a steady close-up hold with slight settling toward reception pouch; the hands gently slide the pouch closer to the camera. Let a curtain edge moves almost imperceptibly. Preserve the original illustration style, senior age cues, composition, and all source-image details. Do not create any new readable text. (Silent video, no audio). No speech, no lip sync, no direct-to-camera performance, no singing, no chanting, no scene redesign, no character redesign, no panic."
そして、帰り道まで安全に過ごすためのものを、一緒に見直していきましょう。,"Generate a still keyframe in retro-clean 2D illustrated lifestyle handbook style, warm domestic Japanese details, flat soft colors, clean outlines, minimal clutter, senior-friendly object clarity. Show a clearly senior Japanese person checking comfortable walking shoes and a hands-free shoulder bag. Setting: Japanese genkan with handrail and tidy floor. The image supports this spoken line about: そして、帰り道まで安全に過ごすためのものを、一緒に見直していきましょう。 Keep the composition simple, practical, and reassuring, with Japanese domestic or clinic-adjacent details only. Use object clarity and warm soft colors. No readable text, no numbers, no logos, no photorealism, no hospital emergency, no panic, no youth reduction.","Motion beat 011 uses checklist focus on shoes and hands-free bag. Use a slow push-in toward shoes and hands-free bag; the shoe toe turns slightly while the bag strap is adjusted. Let subtle shadow movement keeps the frame calm. Preserve the original illustration style, senior age cues, composition, and all source-image details. Do not create any new readable text. (Silent video, no audio). No speech, no lip sync, no direct-to-camera performance, no singing, no chanting, no scene redesign, no character redesign, no panic."
全部を一度に完璧にそろえる必要はありません。,"Generate a still keyframe in retro-clean 2D illustrated lifestyle handbook style, warm domestic Japanese details, flat soft colors, clean outlines, minimal clutter, senior-friendly object clarity. Show a calm domestic preparation scene with a senior-safe clinic bag and small pouches. Setting: warm Japanese living room with minimal clutter. The image supports this spoken line about: 全部を一度に完璧にそろえる必要はありません。 Keep the composition simple, practical, and reassuring, with Japanese domestic or clinic-adjacent details only. Use object clarity and warm soft colors. No readable text, no numbers, no logos, no photorealism, no hospital emergency, no panic, no youth reduction.","Motion beat 012 uses contrast focus on prepared items. Use a gentle left-to-right pan toward prepared items; the camera drifts across the prepared items and settles on the pouch. Let the background remains still and uncluttered. Preserve the original illustration style, senior age cues, composition, and all source-image details. Do not create any new readable text. (Silent video, no audio). No speech, no lip sync, no direct-to-camera performance, no singing, no chanting, no scene redesign, no character redesign, no panic."
次の通院前に、ひとつだけでも整えてみてください。,"Generate a still keyframe in retro-clean 2D illustrated lifestyle handbook style, warm domestic Japanese details, flat soft colors, clean outlines, minimal clutter, senior-friendly object clarity. Show a calm domestic preparation scene with a senior-safe clinic bag and small pouches. Setting: warm Japanese living room with minimal clutter. The image supports this spoken line about: 次の通院前に、ひとつだけでも整えてみてください。 Keep the composition simple, practical, and reassuring, with Japanese domestic or clinic-adjacent details only. Use object clarity and warm soft colors. No readable text, no numbers, no logos, no photorealism, no hospital emergency, no panic, no youth reduction.","Motion beat 013 uses solution_demo focus on prepared items. Use a soft downward tilt toward prepared items; the camera drifts across the prepared items and settles on the pouch. Let soft morning light changes slightly. Preserve the original illustration style, senior age cues, composition, and all source-image details. Do not create any new readable text. (Silent video, no audio). No speech, no lip sync, no direct-to-camera performance, no singing, no chanting, no scene redesign, no character redesign, no panic."
まず、なぜ持ち物の準備が大切なのでしょうか。,"Generate a still keyframe in retro-clean 2D illustrated lifestyle handbook style, warm domestic Japanese details, flat soft colors, clean outlines, minimal clutter, senior-friendly object clarity. Show a calm domestic preparation scene with a senior-safe clinic bag and small pouches. Setting: warm Japanese living room with minimal clutter. The image supports this spoken line about: まず、なぜ持ち物の準備が大切なのでしょうか。 Keep the composition simple, practical, and reassuring, with Japanese domestic or clinic-adjacent details only. Use object clarity and warm soft colors. No readable text, no numbers, no logos, no photorealism, no hospital emergency, no panic, no youth reduction.","Motion beat 014 uses expert_emphasis focus on prepared items. Use a small parallax drift toward prepared items; the camera drifts across the prepared items and settles on the pouch. Let a curtain edge moves almost imperceptibly. Preserve the original illustration style, senior age cues, composition, and all source-image details. Do not create any new readable text. (Silent video, no audio). No speech, no lip sync, no direct-to-camera performance, no singing, no chanting, no scene redesign, no character redesign, no panic."
一番の理由は、当日の朝の焦りを減らすためです。,"Generate a still keyframe in retro-clean 2D illustrated lifestyle handbook style, warm domestic Japanese details, flat soft colors, clean outlines, minimal clutter, senior-friendly object clarity. Show a prepared clinic bag placed near the genkan beside stable walking shoes and house keys. Setting: ordinary Japanese apartment entryway. The image supports this spoken line about: 一番の理由は、当日の朝の焦りを減らすためです。 Keep the composition simple, practical, and reassuring, with Japanese domestic or clinic-adjacent details only. Use object clarity and warm soft colors. No readable text, no numbers, no logos, no photorealism, no hospital emergency, no panic, no youth reduction.","Motion beat 015 uses checklist focus on prepared bag near the door. Use a steady close-up hold with slight settling toward prepared bag near the door; the bag strap sways slightly and then becomes still. Let subtle shadow movement keeps the frame calm. Preserve the original illustration style, senior age cues, composition, and all source-image details. Do not create any new readable text. (Silent video, no audio). No speech, no lip sync, no direct-to-camera performance, no singing, no chanting, no scene redesign, no character redesign, no panic."
年齢を重ねると、朝の支度に思ったより時間がかかることがあります。,"Generate a still keyframe in retro-clean 2D illustrated lifestyle handbook style, warm domestic Japanese details, flat soft colors, clean outlines, minimal clutter, senior-friendly object clarity. Show a prepared clinic bag placed near the genkan beside stable walking shoes and house keys. Setting: ordinary Japanese apartment entryway. The image supports this spoken line about: 年齢を重ねると、朝の支度に思ったより時間がかかることがあります。 Keep the composition simple, practical, and reassuring, with Japanese domestic or clinic-adjacent details only. Use object clarity and warm soft colors. No readable text, no numbers, no logos, no photorealism, no hospital emergency, no panic, no youth reduction.","Motion beat 016 uses solution_demo focus on prepared bag near the door. Use a slow push-in toward prepared bag near the door; the bag strap sways slightly and then becomes still. Let the background remains still and uncluttered. Preserve the original illustration style, senior age cues, composition, and all source-image details. Do not create any new readable text. (Silent video, no audio). No speech, no lip sync, no direct-to-camera performance, no singing, no chanting, no scene redesign, no character redesign, no panic."
靴を履く、鍵を閉める、バスの時間を確認する。,"Generate a still keyframe in retro-clean 2D illustrated lifestyle handbook style, warm domestic Japanese details, flat soft colors, clean outlines, minimal clutter, senior-friendly object clarity. Show a clearly senior Japanese person checking comfortable walking shoes and a hands-free shoulder bag. Setting: Japanese genkan with handrail and tidy floor. The image supports this spoken line about: 靴を履く、鍵を閉める、バスの時間を確認する。 Keep the composition simple, practical, and reassuring, with Japanese domestic or clinic-adjacent details only. Use object clarity and warm soft colors. No readable text, no numbers, no logos, no photorealism, no hospital emergency, no panic, no youth reduction.","Motion beat 017 uses contrast focus on shoes and hands-free bag. Use a gentle left-to-right pan toward shoes and hands-free bag; the shoe toe turns slightly while the bag strap is adjusted. Let soft morning light changes slightly. Preserve the original illustration style, senior age cues, composition, and all source-image details. Do not create any new readable text. (Silent video, no audio). No speech, no lip sync, no direct-to-camera performance, no singing, no chanting, no scene redesign, no character redesign, no panic."
それだけでも、少し急いでしまう日があります。,"Generate a still keyframe in retro-clean 2D illustrated lifestyle handbook style, warm domestic Japanese details, flat soft colors, clean outlines, minimal clutter, senior-friendly object clarity. Show a calm domestic preparation scene with a senior-safe clinic bag and small pouches. Setting: warm Japanese living room with minimal clutter. The image supports this spoken line about: それだけでも、少し急いでしまう日があります。 Keep the composition simple, practical, and reassuring, with Japanese domestic or clinic-adjacent details only. Use object clarity and warm soft colors. No readable text, no numbers, no logos, no photorealism, no hospital emergency, no panic, no youth reduction.","Motion beat 018 uses checklist focus on prepared items. Use a soft downward tilt toward prepared items; the camera drifts across the prepared items and settles on the pouch. Let a curtain edge moves almost imperceptibly. Preserve the original illustration style, senior age cues, composition, and all source-image details. Do not create any new readable text. (Silent video, no audio). No speech, no lip sync, no direct-to-camera performance, no singing, no chanting, no scene redesign, no character redesign, no panic."
そこへ探し物が加わると、足元への注意が薄れやすくなります。,"Generate a still keyframe in retro-clean 2D illustrated lifestyle handbook style, warm domestic Japanese details, flat soft colors, clean outlines, minimal clutter, senior-friendly object clarity. Show a calm domestic preparation scene with a senior-safe clinic bag and small pouches. Setting: warm Japanese living room with minimal clutter. The image supports this spoken line about: そこへ探し物が加わると、足元への注意が薄れやすくなります。 Keep the composition simple, practical, and reassuring, with Japanese domestic or clinic-adjacent details only. Use object clarity and warm soft colors. No readable text, no numbers, no logos, no photorealism, no hospital emergency, no panic, no youth reduction.","Motion beat 019 uses expert_emphasis focus on prepared items. Use a small parallax drift toward prepared items; the camera drifts across the prepared items and settles on the pouch. Let subtle shadow movement keeps the frame calm. Preserve the original illustration style, senior age cues, composition, and all source-image details. Do not create any new readable text. (Silent video, no audio). No speech, no lip sync, no direct-to-camera performance, no singing, no chanting, no scene redesign, no character redesign, no panic."
消費者庁なども、高齢者の転倒や事故への注意を呼びかけています。,"Generate a still keyframe in retro-clean 2D illustrated lifestyle handbook style, warm domestic Japanese details, flat soft colors, clean outlines, minimal clutter, senior-friendly object clarity. Show a calm domestic preparation scene with a senior-safe clinic bag and small pouches. Setting: warm Japanese living room with minimal clutter. The image supports this spoken line about: 消費者庁なども、高齢者の転倒や事故への注意を呼びかけています。 Keep the composition simple, practical, and reassuring, with Japanese domestic or clinic-adjacent details only. Use object clarity and warm soft colors. No readable text, no numbers, no logos, no photorealism, no hospital emergency, no panic, no youth reduction.","Motion beat 020 uses solution_demo focus on prepared items. Use a steady close-up hold with slight settling toward prepared items; the camera drifts across the prepared items and settles on the pouch. Let the background remains still and uncluttered. Preserve the original illustration style, senior age cues, composition, and all source-image details. Do not create any new readable text. (Silent video, no audio). No speech, no lip sync, no direct-to-camera performance, no singing, no chanting, no scene redesign, no character redesign, no panic."
これは、怖がらせるための話ではありません。,"Generate a still keyframe in retro-clean 2D illustrated lifestyle handbook style, warm domestic Japanese details, flat soft colors, clean outlines, minimal clutter, senior-friendly object clarity. Show a calm domestic preparation scene with a senior-safe clinic bag and small pouches. Setting: warm Japanese living room with minimal clutter. The image supports this spoken line about: これは、怖がらせるための話ではありません。 Keep the composition simple, practical, and reassuring, with Japanese domestic or clinic-adjacent details only. Use object clarity and warm soft colors. No readable text, no numbers, no logos, no photorealism, no hospital emergency, no panic, no youth reduction.","Motion beat 021 uses checklist focus on prepared items. Use a slow push-in toward prepared items; the camera drifts across the prepared items and settles on the pouch. Let soft morning light changes slightly. Preserve the original illustration style, senior age cues, composition, and all source-image details. Do not create any new readable text. (Silent video, no audio). No speech, no lip sync, no direct-to-camera performance, no singing, no chanting, no scene redesign, no character redesign, no panic."
落ち着いて出かける準備が、日々の安全確認につながるということです。,"Generate a still keyframe in retro-clean 2D illustrated lifestyle handbook style, warm domestic Japanese details, flat soft colors, clean outlines, minimal clutter, senior-friendly object clarity. Show a calm domestic preparation scene with a senior-safe clinic bag and small pouches. Setting: warm Japanese living room with minimal clutter. The image supports this spoken line about: 落ち着いて出かける準備が、日々の安全確認につながるということです。 Keep the composition simple, practical, and reassuring, with Japanese domestic or clinic-adjacent details only. Use object clarity and warm soft colors. No readable text, no numbers, no logos, no photorealism, no hospital emergency, no panic, no youth reduction.","Motion beat 022 uses contrast focus on prepared items. Use a gentle left-to-right pan toward prepared items; the camera drifts across the prepared items and settles on the pouch. Let a curtain edge moves almost imperceptibly. Preserve the original illustration style, senior age cues, composition, and all source-image details. Do not create any new readable text. (Silent video, no audio). No speech, no lip sync, no direct-to-camera performance, no singing, no chanting, no scene redesign, no character redesign, no panic."
では、ひとつめの確認です。,"Generate a still keyframe in retro-clean 2D illustrated lifestyle handbook style, warm domestic Japanese details, flat soft colors, clean outlines, minimal clutter, senior-friendly object clarity. Show five small unlabeled pouches grouped neatly as a visual checklist without readable writing. Setting: Japanese dining table under soft light. The image supports this spoken line about: では、ひとつめの確認です。 Keep the composition simple, practical, and reassuring, with Japanese domestic or clinic-adjacent details only. Use object clarity and warm soft colors. No readable text, no numbers, no logos, no photorealism, no hospital emergency, no panic, no youth reduction.","Motion beat 023 uses solution_demo focus on organized pouches. Use a soft downward tilt toward organized pouches; the pouches settle into a neat row without showing any readable writing. Let subtle shadow movement keeps the frame calm. Preserve the original illustration style, senior age cues, composition, and all source-image details. Do not create any new readable text. (Silent video, no audio). No speech, no lip sync, no direct-to-camera performance, no singing, no chanting, no scene redesign, no character redesign, no panic."
ひとつめは、受付で必要になるカード類です。,"Generate a still keyframe in retro-clean 2D illustrated lifestyle handbook style, warm domestic Japanese details, flat soft colors, clean outlines, minimal clutter, senior-friendly object clarity. Show wrinkled senior hands arranging generic blank reception cards and a small appointment paper into a clear pouch. Setting: Japanese dining table prepared the night before. The image supports this spoken line about: ひとつめは、受付で必要になるカード類です。 Keep the composition simple, practical, and reassuring, with Japanese domestic or clinic-adjacent details only. Use object clarity and warm soft colors. No readable text, no numbers, no logos, no photorealism, no hospital emergency, no panic, no youth reduction.","Motion beat 024 uses expert_emphasis focus on reception pouch. Use a small parallax drift toward reception pouch; the hands gently slide the pouch closer to the camera. Let the background remains still and uncluttered. Preserve the original illustration style, senior age cues, composition, and all source-image details. Do not create any new readable text. (Silent video, no audio). No speech, no lip sync, no direct-to-camera performance, no singing, no chanting, no scene redesign, no character redesign, no panic."
今は、医療機関の受付では、マイナンバーカードの保険証か、資格確認書を使う場面が基本になっています。,"Generate a still keyframe in retro-clean 2D illustrated lifestyle handbook style, warm domestic Japanese details, flat soft colors, clean outlines, minimal clutter, senior-friendly object clarity. Show wrinkled senior hands arranging generic blank reception cards and a small appointment paper into a clear pouch. Setting: Japanese dining table prepared the night before. The image supports this spoken line about: 今は、医療機関の受付では、マイナンバーカードの保険証か、資格確認書を使う場面が基本になっています。 Keep the composition simple, practical, and reassuring, with Japanese domestic or clinic-adjacent details only. Use object clarity and warm soft colors. No readable text, no numbers, no logos, no photorealism, no hospital emergency, no panic, no youth reduction.","Motion beat 025 uses checklist focus on reception pouch. Use a steady close-up hold with slight settling toward reception pouch; the hands gently slide the pouch closer to the camera. Let soft morning light changes slightly. Preserve the original illustration style, senior age cues, composition, and all source-image details. Do not create any new readable text. (Silent video, no audio). No speech, no lip sync, no direct-to-camera performance, no singing, no chanting, no scene redesign, no character redesign, no panic."
どちらを使うかは、ご自身の状況や加入している保険によって変わります。,"Generate a still keyframe in retro-clean 2D illustrated lifestyle handbook style, warm domestic Japanese details, flat soft colors, clean outlines, minimal clutter, senior-friendly object clarity. Show wrinkled senior hands arranging generic blank reception cards and a small appointment paper into a clear pouch. Setting: Japanese dining table prepared the night before. The image supports this spoken line about: どちらを使うかは、ご自身の状況や加入している保険によって変わります。 Keep the composition simple, practical, and reassuring, with Japanese domestic or clinic-adjacent details only. Use object clarity and warm soft colors. No readable text, no numbers, no logos, no photorealism, no hospital emergency, no panic, no youth reduction.","Motion beat 026 uses solution_demo focus on reception pouch. Use a slow push-in toward reception pouch; the hands gently slide the pouch closer to the camera. Let a curtain edge moves almost imperceptibly. Preserve the original illustration style, senior age cues, composition, and all source-image details. Do not create any new readable text. (Silent video, no audio). No speech, no lip sync, no direct-to-camera performance, no singing, no chanting, no scene redesign, no character redesign, no panic."
不安な方は、次の通院前に、医療機関や保険者へ確認しておくと安心です。,"Generate a still keyframe in retro-clean 2D illustrated lifestyle handbook style, warm domestic Japanese details, flat soft colors, clean outlines, minimal clutter, senior-friendly object clarity. Show wrinkled senior hands arranging generic blank reception cards and a small appointment paper into a clear pouch. Setting: Japanese dining table prepared the night before. The image supports this spoken line about: 不安な方は、次の通院前に、医療機関や保険者へ確認しておくと安心です。 Keep the composition simple, practical, and reassuring, with Japanese domestic or clinic-adjacent details only. Use object clarity and warm soft colors. No readable text, no numbers, no logos, no photorealism, no hospital emergency, no panic, no youth reduction.","Motion beat 027 uses contrast focus on reception pouch. Use a gentle left-to-right pan toward reception pouch; the hands gently slide the pouch closer to the camera. Let subtle shadow movement keeps the frame calm. Preserve the original illustration style, senior age cues, composition, and all source-image details. Do not create any new readable text. (Silent video, no audio). No speech, no lip sync, no direct-to-camera performance, no singing, no chanting, no scene redesign, no character redesign, no panic."
それに加えて、診察券、予約票、紹介状がある場合は紹介状も確認しましょう。,"Generate a still keyframe in retro-clean 2D illustrated lifestyle handbook style, warm domestic Japanese details, flat soft colors, clean outlines, minimal clutter, senior-friendly object clarity. Show wrinkled senior hands arranging generic blank reception cards and a small appointment paper into a clear pouch. Setting: Japanese dining table prepared the night before. The image supports this spoken line about: それに加えて、診察券、予約票、紹介状がある場合は紹介状も確認しましょう。 Keep the composition simple, practical, and reassuring, with Japanese domestic or clinic-adjacent details only. Use object clarity and warm soft colors. No readable text, no numbers, no logos, no photorealism, no hospital emergency, no panic, no youth reduction.","Motion beat 028 uses checklist focus on reception pouch. Use a soft downward tilt toward reception pouch; the hands gently slide the pouch closer to the camera. Let the background remains still and uncluttered. Preserve the original illustration style, senior age cues, composition, and all source-image details. Do not create any new readable text. (Silent video, no audio). No speech, no lip sync, no direct-to-camera performance, no singing, no chanting, no scene redesign, no character redesign, no panic."
これらは、ひとつの薄いケースにまとめておくと取り出しやすくなります。,"Generate a still keyframe in retro-clean 2D illustrated lifestyle handbook style, warm domestic Japanese details, flat soft colors, clean outlines, minimal clutter, senior-friendly object clarity. Show wrinkled senior hands arranging generic blank reception cards and a small appointment paper into a clear pouch. Setting: Japanese dining table prepared the night before. The image supports this spoken line about: これらは、ひとつの薄いケースにまとめておくと取り出しやすくなります。 Keep the composition simple, practical, and reassuring, with Japanese domestic or clinic-adjacent details only. Use object clarity and warm soft colors. No readable text, no numbers, no logos, no photorealism, no hospital emergency, no panic, no youth reduction.","Motion beat 029 uses expert_emphasis focus on reception pouch. Use a small parallax drift toward reception pouch; the hands gently slide the pouch closer to the camera. Let soft morning light changes slightly. Preserve the original illustration style, senior age cues, composition, and all source-image details. Do not create any new readable text. (Silent video, no audio). No speech, no lip sync, no direct-to-camera performance, no singing, no chanting, no scene redesign, no character redesign, no panic."
予約票がスマートフォンの画面だけにある方は、充電も一緒に確認しておきましょう。,"Generate a still keyframe in retro-clean 2D illustrated lifestyle handbook style, warm domestic Japanese details, flat soft colors, clean outlines, minimal clutter, senior-friendly object clarity. Show wrinkled senior hands arranging generic blank reception cards and a small appointment paper into a clear pouch. Setting: Japanese dining table prepared the night before. The image supports this spoken line about: 予約票がスマートフォンの画面だけにある方は、充電も一緒に確認しておきましょう。 Keep the composition simple, practical, and reassuring, with Japanese domestic or clinic-adjacent details only. Use object clarity and warm soft colors. No readable text, no numbers, no logos, no photorealism, no hospital emergency, no panic, no youth reduction.","Motion beat 030 uses solution_demo focus on reception pouch. Use a steady close-up hold with slight settling toward reception pouch; the hands gently slide the pouch closer to the camera. Let a curtain edge moves almost imperceptibly. Preserve the original illustration style, senior age cues, composition, and all source-image details. Do not create any new readable text. (Silent video, no audio). No speech, no lip sync, no direct-to-camera performance, no singing, no chanting, no scene redesign, no character redesign, no panic."
紙でもらっている方は、折れ曲がらないようにケースへ入れておくと安心です。,"Generate a still keyframe in retro-clean 2D illustrated lifestyle handbook style, warm domestic Japanese details, flat soft colors, clean outlines, minimal clutter, senior-friendly object clarity. Show wrinkled senior hands arranging generic blank reception cards and a small appointment paper into a clear pouch. Setting: Japanese dining table prepared the night before. The image supports this spoken line about: 紙でもらっている方は、折れ曲がらないようにケースへ入れておくと安心です。 Keep the composition simple, practical, and reassuring, with Japanese domestic or clinic-adjacent details only. Use object clarity and warm soft colors. No readable text, no numbers, no logos, no photorealism, no hospital emergency, no panic, no youth reduction.","Motion beat 031 uses checklist focus on reception pouch. Use a slow push-in toward reception pouch; the hands gently slide the pouch closer to the camera. Let subtle shadow movement keeps the frame calm. Preserve the original illustration style, senior age cues, composition, and all source-image details. Do not create any new readable text. (Silent video, no audio). No speech, no lip sync, no direct-to-camera performance, no singing, no chanting, no scene redesign, no character redesign, no panic."
高齢者医療や介護保険の書類など、病院から指定されたものがある場合もあります。,"Generate a still keyframe in retro-clean 2D illustrated lifestyle handbook style, warm domestic Japanese details, flat soft colors, clean outlines, minimal clutter, senior-friendly object clarity. Show wrinkled senior hands arranging generic blank reception cards and a small appointment paper into a clear pouch. Setting: Japanese dining table prepared the night before. The image supports this spoken line about: 高齢者医療や介護保険の書類など、病院から指定されたものがある場合もあります。 Keep the composition simple, practical, and reassuring, with Japanese domestic or clinic-adjacent details only. Use object clarity and warm soft colors. No readable text, no numbers, no logos, no photorealism, no hospital emergency, no panic, no youth reduction.","Motion beat 032 uses contrast focus on reception pouch. Use a gentle left-to-right pan toward reception pouch; the hands gently slide the pouch closer to the camera. Let the background remains still and uncluttered. Preserve the original illustration style, senior age cues, composition, and all source-image details. Do not create any new readable text. (Silent video, no audio). No speech, no lip sync, no direct-to-camera performance, no singing, no chanting, no scene redesign, no character redesign, no panic."
必要かどうか迷う書類は、次回だけ持っていき、受付で確認してから整理してもよいでしょう。,"Generate a still keyframe in retro-clean 2D illustrated lifestyle handbook style, warm domestic Japanese details, flat soft colors, clean outlines, minimal clutter, senior-friendly object clarity. Show wrinkled senior hands arranging generic blank reception cards and a small appointment paper into a clear pouch. Setting: Japanese dining table prepared the night before. The image supports this spoken line about: 必要かどうか迷う書類は、次回だけ持っていき、受付で確認してから整理してもよいでしょう。 Keep the composition simple, practical, and reassuring, with Japanese domestic or clinic-adjacent details only. Use object clarity and warm soft colors. No readable text, no numbers, no logos, no photorealism, no hospital emergency, no panic, no youth reduction.","Motion beat 033 uses solution_demo focus on reception pouch. Use a soft downward tilt toward reception pouch; the hands gently slide the pouch closer to the camera. Let soft morning light changes slightly. Preserve the original illustration style, senior age cues, composition, and all source-image details. Do not create any new readable text. (Silent video, no audio). No speech, no lip sync, no direct-to-camera performance, no singing, no chanting, no scene redesign, no character redesign, no panic."
ケースの中に入れたら、バッグのいつも同じ場所へ入れておきます。,"Generate a still keyframe in retro-clean 2D illustrated lifestyle handbook style, warm domestic Japanese details, flat soft colors, clean outlines, minimal clutter, senior-friendly object clarity. Show wrinkled senior hands arranging generic blank reception cards and a small appointment paper into a clear pouch. Setting: Japanese dining table prepared the night before. The image supports this spoken line about: ケースの中に入れたら、バッグのいつも同じ場所へ入れておきます。 Keep the composition simple, practical, and reassuring, with Japanese domestic or clinic-adjacent details only. Use object clarity and warm soft colors. No readable text, no numbers, no logos, no photorealism, no hospital emergency, no panic, no youth reduction.","Motion beat 034 uses expert_emphasis focus on reception pouch. Use a small parallax drift toward reception pouch; the hands gently slide the pouch closer to the camera. Let a curtain edge moves almost imperceptibly. Preserve the original illustration style, senior age cues, composition, and all source-image details. Do not create any new readable text. (Silent video, no audio). No speech, no lip sync, no direct-to-camera performance, no singing, no chanting, no scene redesign, no character redesign, no panic."
毎回場所を変えないことが、探し物を減らす小さなコツです。,"Generate a still keyframe in retro-clean 2D illustrated lifestyle handbook style, warm domestic Japanese details, flat soft colors, clean outlines, minimal clutter, senior-friendly object clarity. Show a calm domestic preparation scene with a senior-safe clinic bag and small pouches. Setting: warm Japanese living room with minimal clutter. The image supports this spoken line about: 毎回場所を変えないことが、探し物を減らす小さなコツです。 Keep the composition simple, practical, and reassuring, with Japanese domestic or clinic-adjacent details only. Use object clarity and warm soft colors. No readable text, no numbers, no logos, no photorealism, no hospital emergency, no panic, no youth reduction.","Motion beat 035 uses checklist focus on prepared items. Use a steady close-up hold with slight settling toward prepared items; the camera drifts across the prepared items and settles on the pouch. Let subtle shadow movement keeps the frame calm. Preserve the original illustration style, senior age cues, composition, and all source-image details. Do not create any new readable text. (Silent video, no audio). No speech, no lip sync, no direct-to-camera performance, no singing, no chanting, no scene redesign, no character redesign, no panic."
受付で慌てないだけでも、通院の始まりは少し楽になります。,"Generate a still keyframe in retro-clean 2D illustrated lifestyle handbook style, warm domestic Japanese details, flat soft colors, clean outlines, minimal clutter, senior-friendly object clarity. Show wrinkled senior hands arranging generic blank reception cards and a small appointment paper into a clear pouch. Setting: Japanese dining table prepared the night before. The image supports this spoken line about: 受付で慌てないだけでも、通院の始まりは少し楽になります。 Keep the composition simple, practical, and reassuring, with Japanese domestic or clinic-adjacent details only. Use object clarity and warm soft colors. No readable text, no numbers, no logos, no photorealism, no hospital emergency, no panic, no youth reduction.","Motion beat 036 uses solution_demo focus on reception pouch. Use a slow push-in toward reception pouch; the hands gently slide the pouch closer to the camera. Let the background remains still and uncluttered. Preserve the original illustration style, senior age cues, composition, and all source-image details. Do not create any new readable text. (Silent video, no audio). No speech, no lip sync, no direct-to-camera performance, no singing, no chanting, no scene redesign, no character redesign, no panic."
ふたつめの確認は、お薬手帳と今飲んでいる薬の情報です。,"Generate a still keyframe in retro-clean 2D illustrated lifestyle handbook style, warm domestic Japanese details, flat soft colors, clean outlines, minimal clutter, senior-friendly object clarity. Show wrinkled senior hands placing a medicine notebook-like booklet and generic medicine packets into a small pouch. Setting: clean Japanese kitchen table with a teacup nearby. The image supports this spoken line about: ふたつめの確認は、お薬手帳と今飲んでいる薬の情報です。 Keep the composition simple, practical, and reassuring, with Japanese domestic or clinic-adjacent details only. Use object clarity and warm soft colors. No readable text, no numbers, no logos, no photorealism, no hospital emergency, no panic, no youth reduction.","Motion beat 037 uses contrast focus on medicine pouch. Use a gentle left-to-right pan toward medicine pouch; the hands place the booklet into the pouch and stop neatly. Let soft morning light changes slightly. Preserve the original illustration style, senior age cues, composition, and all source-image details. Do not create any new readable text. (Silent video, no audio). No speech, no lip sync, no direct-to-camera performance, no singing, no chanting, no scene redesign, no character redesign, no panic."
お薬手帳は、できるだけ一冊にまとめておくことがすすめられています。,"Generate a still keyframe in retro-clean 2D illustrated lifestyle handbook style, warm domestic Japanese details, flat soft colors, clean outlines, minimal clutter, senior-friendly object clarity. Show wrinkled senior hands placing a medicine notebook-like booklet and generic medicine packets into a small pouch. Setting: clean Japanese kitchen table with a teacup nearby. The image supports this spoken line about: お薬手帳は、できるだけ一冊にまとめておくことがすすめられています。 Keep the composition simple, practical, and reassuring, with Japanese domestic or clinic-adjacent details only. Use object clarity and warm soft colors. No readable text, no numbers, no logos, no photorealism, no hospital emergency, no panic, no youth reduction.","Motion beat 038 uses checklist focus on medicine pouch. Use a soft downward tilt toward medicine pouch; the hands place the booklet into the pouch and stop neatly. Let a curtain edge moves almost imperceptibly. Preserve the original illustration style, senior age cues, composition, and all source-image details. Do not create any new readable text. (Silent video, no audio). No speech, no lip sync, no direct-to-camera performance, no singing, no chanting, no scene redesign, no character redesign, no panic."
複数の病院や薬局を利用していると、薬の情報が分かれやすくなります。,"Generate a still keyframe in retro-clean 2D illustrated lifestyle handbook style, warm domestic Japanese details, flat soft colors, clean outlines, minimal clutter, senior-friendly object clarity. Show wrinkled senior hands placing a medicine notebook-like booklet and generic medicine packets into a small pouch. Setting: clean Japanese kitchen table with a teacup nearby. The image supports this spoken line about: 複数の病院や薬局を利用していると、薬の情報が分かれやすくなります。 Keep the composition simple, practical, and reassuring, with Japanese domestic or clinic-adjacent details only. Use object clarity and warm soft colors. No readable text, no numbers, no logos, no photorealism, no hospital emergency, no panic, no youth reduction.","Motion beat 039 uses expert_emphasis focus on medicine pouch. Use a small parallax drift toward medicine pouch; the hands place the booklet into the pouch and stop neatly. Let subtle shadow movement keeps the frame calm. Preserve the original illustration style, senior age cues, composition, and all source-image details. Do not create any new readable text. (Silent video, no audio). No speech, no lip sync, no direct-to-camera performance, no singing, no chanting, no scene redesign, no character redesign, no panic."
一冊にまとまっていると、医師や薬剤師が薬の全体を確認しやすくなります。,"Generate a still keyframe in retro-clean 2D illustrated lifestyle handbook style, warm domestic Japanese details, flat soft colors, clean outlines, minimal clutter, senior-friendly object clarity. Show wrinkled senior hands placing a medicine notebook-like booklet and generic medicine packets into a small pouch. Setting: clean Japanese kitchen table with a teacup nearby. The image supports this spoken line about: 一冊にまとまっていると、医師や薬剤師が薬の全体を確認しやすくなります。 Keep the composition simple, practical, and reassuring, with Japanese domestic or clinic-adjacent details only. Use object clarity and warm soft colors. No readable text, no numbers, no logos, no photorealism, no hospital emergency, no panic, no youth reduction.","Motion beat 040 uses solution_demo focus on medicine pouch. Use a steady close-up hold with slight settling toward medicine pouch; the hands place the booklet into the pouch and stop neatly. Let the background remains still and uncluttered. Preserve the original illustration style, senior age cues, composition, and all source-image details. Do not create any new readable text. (Silent video, no audio). No speech, no lip sync, no direct-to-camera performance, no singing, no chanting, no scene redesign, no character redesign, no panic."
飲み合わせや副作用の確認にも役立ちます。,"Generate a still keyframe in retro-clean 2D illustrated lifestyle handbook style, warm domestic Japanese details, flat soft colors, clean outlines, minimal clutter, senior-friendly object clarity. Show wrinkled senior hands placing a medicine notebook-like booklet and generic medicine packets into a small pouch. Setting: clean Japanese kitchen table with a teacup nearby. The image supports this spoken line about: 飲み合わせや副作用の確認にも役立ちます。 Keep the composition simple, practical, and reassuring, with Japanese domestic or clinic-adjacent details only. Use object clarity and warm soft colors. No readable text, no numbers, no logos, no photorealism, no hospital emergency, no panic, no youth reduction.","Motion beat 041 uses checklist focus on medicine pouch. Use a slow push-in toward medicine pouch; the hands place the booklet into the pouch and stop neatly. Let soft morning light changes slightly. Preserve the original illustration style, senior age cues, composition, and all source-image details. Do not create any new readable text. (Silent video, no audio). No speech, no lip sync, no direct-to-camera performance, no singing, no chanting, no scene redesign, no character redesign, no panic."
いつも飲んでいる薬がある方は、薬そのものを持つ必要があるか、事前に確認しておきましょう。,"Generate a still keyframe in retro-clean 2D illustrated lifestyle handbook style, warm domestic Japanese details, flat soft colors, clean outlines, minimal clutter, senior-friendly object clarity. Show wrinkled senior hands placing a medicine notebook-like booklet and generic medicine packets into a small pouch. Setting: clean Japanese kitchen table with a teacup nearby. The image supports this spoken line about: いつも飲んでいる薬がある方は、薬そのものを持つ必要があるか、事前に確認しておきましょう。 Keep the composition simple, practical, and reassuring, with Japanese domestic or clinic-adjacent details only. Use object clarity and warm soft colors. No readable text, no numbers, no logos, no photorealism, no hospital emergency, no panic, no youth reduction.","Motion beat 042 uses contrast focus on medicine pouch. Use a gentle left-to-right pan toward medicine pouch; the hands place the booklet into the pouch and stop neatly. Let a curtain edge moves almost imperceptibly. Preserve the original illustration style, senior age cues, composition, and all source-image details. Do not create any new readable text. (Silent video, no audio). No speech, no lip sync, no direct-to-camera performance, no singing, no chanting, no scene redesign, no character redesign, no panic."
薬の名前がわかる説明書や、薬袋を持っていくとよい場合もあります。,"Generate a still keyframe in retro-clean 2D illustrated lifestyle handbook style, warm domestic Japanese details, flat soft colors, clean outlines, minimal clutter, senior-friendly object clarity. Show wrinkled senior hands placing a medicine notebook-like booklet and generic medicine packets into a small pouch. Setting: clean Japanese kitchen table with a teacup nearby. The image supports this spoken line about: 薬の名前がわかる説明書や、薬袋を持っていくとよい場合もあります。 Keep the composition simple, practical, and reassuring, with Japanese domestic or clinic-adjacent details only. Use object clarity and warm soft colors. No readable text, no numbers, no logos, no photorealism, no hospital emergency, no panic, no youth reduction.","Motion beat 043 uses solution_demo focus on medicine pouch. Use a soft downward tilt toward medicine pouch; the hands place the booklet into the pouch and stop neatly. Let subtle shadow movement keeps the frame calm. Preserve the original illustration style, senior age cues, composition, and all source-image details. Do not create any new readable text. (Silent video, no audio). No speech, no lip sync, no direct-to-camera performance, no singing, no chanting, no scene redesign, no character redesign, no panic."
サプリメントや市販薬を使っている方も、診察で聞かれたら伝えられるようにしておくと安心です。,"Generate a still keyframe in retro-clean 2D illustrated lifestyle handbook style, warm domestic Japanese details, flat soft colors, clean outlines, minimal clutter, senior-friendly object clarity. Show wrinkled senior hands placing a medicine notebook-like booklet and generic medicine packets into a small pouch. Setting: clean Japanese kitchen table with a teacup nearby. The image supports this spoken line about: サプリメントや市販薬を使っている方も、診察で聞かれたら伝えられるようにしておくと安心です。 Keep the composition simple, practical, and reassuring, with Japanese domestic or clinic-adjacent details only. Use object clarity and warm soft colors. No readable text, no numbers, no logos, no photorealism, no hospital emergency, no panic, no youth reduction.","Motion beat 044 uses expert_emphasis focus on medicine pouch. Use a small parallax drift toward medicine pouch; the hands place the booklet into the pouch and stop neatly. Let the background remains still and uncluttered. Preserve the original illustration style, senior age cues, composition, and all source-image details. Do not create any new readable text. (Silent video, no audio). No speech, no lip sync, no direct-to-camera performance, no singing, no chanting, no scene redesign, no character redesign, no panic."
ここで大切なのは、自己判断で薬を減らしたり、やめたりしないことです。,"Generate a still keyframe in retro-clean 2D illustrated lifestyle handbook style, warm domestic Japanese details, flat soft colors, clean outlines, minimal clutter, senior-friendly object clarity. Show wrinkled senior hands placing a medicine notebook-like booklet and generic medicine packets into a small pouch. Setting: clean Japanese kitchen table with a teacup nearby. The image supports this spoken line about: ここで大切なのは、自己判断で薬を減らしたり、やめたりしないことです。 Keep the composition simple, practical, and reassuring, with Japanese domestic or clinic-adjacent details only. Use object clarity and warm soft colors. No readable text, no numbers, no logos, no photorealism, no hospital emergency, no panic, no youth reduction.","Motion beat 045 uses checklist focus on medicine pouch. Use a steady close-up hold with slight settling toward medicine pouch; the hands place the booklet into the pouch and stop neatly. Let soft morning light changes slightly. Preserve the original illustration style, senior age cues, composition, and all source-image details. Do not create any new readable text. (Silent video, no audio). No speech, no lip sync, no direct-to-camera performance, no singing, no chanting, no scene redesign, no character redesign, no panic."
気になることがある時は、医師や薬剤師に相談してください。,"Generate a still keyframe in retro-clean 2D illustrated lifestyle handbook style, warm domestic Japanese details, flat soft colors, clean outlines, minimal clutter, senior-friendly object clarity. Show wrinkled senior hands placing a medicine notebook-like booklet and generic medicine packets into a small pouch. Setting: clean Japanese kitchen table with a teacup nearby. The image supports this spoken line about: 気になることがある時は、医師や薬剤師に相談してください。 Keep the composition simple, practical, and reassuring, with Japanese domestic or clinic-adjacent details only. Use object clarity and warm soft colors. No readable text, no numbers, no logos, no photorealism, no hospital emergency, no panic, no youth reduction.","Motion beat 046 uses solution_demo focus on medicine pouch. Use a slow push-in toward medicine pouch; the hands place the booklet into the pouch and stop neatly. Let a curtain edge moves almost imperceptibly. Preserve the original illustration style, senior age cues, composition, and all source-image details. Do not create any new readable text. (Silent video, no audio). No speech, no lip sync, no direct-to-camera performance, no singing, no chanting, no scene redesign, no character redesign, no panic."
みっつめの確認は、診察で伝えるためのメモです。,"Generate a still keyframe in retro-clean 2D illustrated lifestyle handbook style, warm domestic Japanese details, flat soft colors, clean outlines, minimal clutter, senior-friendly object clarity. Show a clearly senior Japanese person writing a short personal reminder on blank paper with large strokes. Setting: warm living room table with glasses and a pen. The image supports this spoken line about: みっつめの確認は、診察で伝えるためのメモです。 Keep the composition simple, practical, and reassuring, with Japanese domestic or clinic-adjacent details only. Use object clarity and warm soft colors. No readable text, no numbers, no logos, no photorealism, no hospital emergency, no panic, no youth reduction.","Motion beat 047 uses contrast focus on blank memo paper and pen. Use a gentle left-to-right pan toward blank memo paper and pen; the pen hand finishes a small stroke and rests beside the blank memo. Let subtle shadow movement keeps the frame calm. Preserve the original illustration style, senior age cues, composition, and all source-image details. Do not create any new readable text. (Silent video, no audio). No speech, no lip sync, no direct-to-camera performance, no singing, no chanting, no scene redesign, no character redesign, no panic."
診察室に入ると、聞きたかったことを忘れてしまうことがあります。,"Generate a still keyframe in retro-clean 2D illustrated lifestyle handbook style, warm domestic Japanese details, flat soft colors, clean outlines, minimal clutter, senior-friendly object clarity. Show a clearly senior Japanese person writing a short personal reminder on blank paper with large strokes. Setting: warm living room table with glasses and a pen. The image supports this spoken line about: 診察室に入ると、聞きたかったことを忘れてしまうことがあります。 Keep the composition simple, practical, and reassuring, with Japanese domestic or clinic-adjacent details only. Use object clarity and warm soft colors. No readable text, no numbers, no logos, no photorealism, no hospital emergency, no panic, no youth reduction.","Motion beat 048 uses checklist focus on blank memo paper and pen. Use a soft downward tilt toward blank memo paper and pen; the pen hand finishes a small stroke and rests beside the blank memo. Let the background remains still and uncluttered. Preserve the original illustration style, senior age cues, composition, and all source-image details. Do not create any new readable text. (Silent video, no audio). No speech, no lip sync, no direct-to-camera performance, no singing, no chanting, no scene redesign, no character redesign, no panic."
これは、決して珍しいことではありません。,"Generate a still keyframe in retro-clean 2D illustrated lifestyle handbook style, warm domestic Japanese details, flat soft colors, clean outlines, minimal clutter, senior-friendly object clarity. Show a calm domestic preparation scene with a senior-safe clinic bag and small pouches. Setting: warm Japanese living room with minimal clutter. The image supports this spoken line about: これは、決して珍しいことではありません。 Keep the composition simple, practical, and reassuring, with Japanese domestic or clinic-adjacent details only. Use object clarity and warm soft colors. No readable text, no numbers, no logos, no photorealism, no hospital emergency, no panic, no youth reduction.","Motion beat 049 uses expert_emphasis focus on prepared items. Use a small parallax drift toward prepared items; the camera drifts across the prepared items and settles on the pouch. Let soft morning light changes slightly. Preserve the original illustration style, senior age cues, composition, and all source-image details. Do not create any new readable text. (Silent video, no audio). No speech, no lip sync, no direct-to-camera performance, no singing, no chanting, no scene redesign, no character redesign, no panic."
短いメモを一枚用意しておくだけで、伝え忘れを減らしやすくなります。,"Generate a still keyframe in retro-clean 2D illustrated lifestyle handbook style, warm domestic Japanese details, flat soft colors, clean outlines, minimal clutter, senior-friendly object clarity. Show a clearly senior Japanese person writing a short personal reminder on blank paper with large strokes. Setting: warm living room table with glasses and a pen. The image supports this spoken line about: 短いメモを一枚用意しておくだけで、伝え忘れを減らしやすくなります。 Keep the composition simple, practical, and reassuring, with Japanese domestic or clinic-adjacent details only. Use object clarity and warm soft colors. No readable text, no numbers, no logos, no photorealism, no hospital emergency, no panic, no youth reduction.","Motion beat 050 uses solution_demo focus on blank memo paper and pen. Use a steady close-up hold with slight settling toward blank memo paper and pen; the pen hand finishes a small stroke and rests beside the blank memo. Let a curtain edge moves almost imperceptibly. Preserve the original illustration style, senior age cues, composition, and all source-image details. Do not create any new readable text. (Silent video, no audio). No speech, no lip sync, no direct-to-camera performance, no singing, no chanting, no scene redesign, no character redesign, no panic."
たとえば、いつから気になるのか。,"Generate a still keyframe in retro-clean 2D illustrated lifestyle handbook style, warm domestic Japanese details, flat soft colors, clean outlines, minimal clutter, senior-friendly object clarity. Show a calm domestic preparation scene with a senior-safe clinic bag and small pouches. Setting: warm Japanese living room with minimal clutter. The image supports this spoken line about: たとえば、いつから気になるのか。 Keep the composition simple, practical, and reassuring, with Japanese domestic or clinic-adjacent details only. Use object clarity and warm soft colors. No readable text, no numbers, no logos, no photorealism, no hospital emergency, no panic, no youth reduction.","Motion beat 051 uses checklist focus on prepared items. Use a slow push-in toward prepared items; the camera drifts across the prepared items and settles on the pouch. Let subtle shadow movement keeps the frame calm. Preserve the original illustration style, senior age cues, composition, and all source-image details. Do not create any new readable text. (Silent video, no audio). No speech, no lip sync, no direct-to-camera performance, no singing, no chanting, no scene redesign, no character redesign, no panic."
どんな時に困るのか。,"Generate a still keyframe in retro-clean 2D illustrated lifestyle handbook style, warm domestic Japanese details, flat soft colors, clean outlines, minimal clutter, senior-friendly object clarity. Show a calm domestic preparation scene with a senior-safe clinic bag and small pouches. Setting: warm Japanese living room with minimal clutter. The image supports this spoken line about: どんな時に困るのか。 Keep the composition simple, practical, and reassuring, with Japanese domestic or clinic-adjacent details only. Use object clarity and warm soft colors. No readable text, no numbers, no logos, no photorealism, no hospital emergency, no panic, no youth reduction.","Motion beat 052 uses contrast focus on prepared items. Use a gentle left-to-right pan toward prepared items; the camera drifts across the prepared items and settles on the pouch. Let the background remains still and uncluttered. Preserve the original illustration style, senior age cues, composition, and all source-image details. Do not create any new readable text. (Silent video, no audio). No speech, no lip sync, no direct-to-camera performance, no singing, no chanting, no scene redesign, no character redesign, no panic."
薬を飲んだあとに、いつもと違う感じがあったのか。,"Generate a still keyframe in retro-clean 2D illustrated lifestyle handbook style, warm domestic Japanese details, flat soft colors, clean outlines, minimal clutter, senior-friendly object clarity. Show wrinkled senior hands placing a medicine notebook-like booklet and generic medicine packets into a small pouch. Setting: clean Japanese kitchen table with a teacup nearby. The image supports this spoken line about: 薬を飲んだあとに、いつもと違う感じがあったのか。 Keep the composition simple, practical, and reassuring, with Japanese domestic or clinic-adjacent details only. Use object clarity and warm soft colors. No readable text, no numbers, no logos, no photorealism, no hospital emergency, no panic, no youth reduction.","Motion beat 053 uses solution_demo focus on medicine pouch. Use a soft downward tilt toward medicine pouch; the hands place the booklet into the pouch and stop neatly. Let soft morning light changes slightly. Preserve the original illustration style, senior age cues, composition, and all source-image details. Do not create any new readable text. (Silent video, no audio). No speech, no lip sync, no direct-to-camera performance, no singing, no chanting, no scene redesign, no character redesign, no panic."
この三つを書いておくだけでも、話し始めやすくなります。,"Generate a still keyframe in retro-clean 2D illustrated lifestyle handbook style, warm domestic Japanese details, flat soft colors, clean outlines, minimal clutter, senior-friendly object clarity. Show a clearly senior Japanese person writing a short personal reminder on blank paper with large strokes. Setting: warm living room table with glasses and a pen. The image supports this spoken line about: この三つを書いておくだけでも、話し始めやすくなります。 Keep the composition simple, practical, and reassuring, with Japanese domestic or clinic-adjacent details only. Use object clarity and warm soft colors. No readable text, no numbers, no logos, no photorealism, no hospital emergency, no panic, no youth reduction.","Motion beat 054 uses expert_emphasis focus on blank memo paper and pen. Use a small parallax drift toward blank memo paper and pen; the pen hand finishes a small stroke and rests beside the blank memo. Let a curtain edge moves almost imperceptibly. Preserve the original illustration style, senior age cues, composition, and all source-image details. Do not create any new readable text. (Silent video, no audio). No speech, no lip sync, no direct-to-camera performance, no singing, no chanting, no scene redesign, no character redesign, no panic."
字をきれいに書く必要はありません。,"Generate a still keyframe in retro-clean 2D illustrated lifestyle handbook style, warm domestic Japanese details, flat soft colors, clean outlines, minimal clutter, senior-friendly object clarity. Show a clearly senior Japanese person writing a short personal reminder on blank paper with large strokes. Setting: warm living room table with glasses and a pen. The image supports this spoken line about: 字をきれいに書く必要はありません。 Keep the composition simple, practical, and reassuring, with Japanese domestic or clinic-adjacent details only. Use object clarity and warm soft colors. No readable text, no numbers, no logos, no photorealism, no hospital emergency, no panic, no youth reduction.","Motion beat 055 uses checklist focus on blank memo paper and pen. Use a steady close-up hold with slight settling toward blank memo paper and pen; the pen hand finishes a small stroke and rests beside the blank memo. Let subtle shadow movement keeps the frame calm. Preserve the original illustration style, senior age cues, composition, and all source-image details. Do not create any new readable text. (Silent video, no audio). No speech, no lip sync, no direct-to-camera performance, no singing, no chanting, no scene redesign, no character redesign, no panic."
自分が読める大きさで、短く書いておけば十分です。,"Generate a still keyframe in retro-clean 2D illustrated lifestyle handbook style, warm domestic Japanese details, flat soft colors, clean outlines, minimal clutter, senior-friendly object clarity. Show a clearly senior Japanese person writing a short personal reminder on blank paper with large strokes. Setting: warm living room table with glasses and a pen. The image supports this spoken line about: 自分が読める大きさで、短く書いておけば十分です。 Keep the composition simple, practical, and reassuring, with Japanese domestic or clinic-adjacent details only. Use object clarity and warm soft colors. No readable text, no numbers, no logos, no photorealism, no hospital emergency, no panic, no youth reduction.","Motion beat 056 uses solution_demo focus on blank memo paper and pen. Use a slow push-in toward blank memo paper and pen; the pen hand finishes a small stroke and rests beside the blank memo. Let the background remains still and uncluttered. Preserve the original illustration style, senior age cues, composition, and all source-image details. Do not create any new readable text. (Silent video, no audio). No speech, no lip sync, no direct-to-camera performance, no singing, no chanting, no scene redesign, no character redesign, no panic."
メモは、お薬手帳と同じポーチに入れておくと忘れにくくなります。,"Generate a still keyframe in retro-clean 2D illustrated lifestyle handbook style, warm domestic Japanese details, flat soft colors, clean outlines, minimal clutter, senior-friendly object clarity. Show wrinkled senior hands placing a medicine notebook-like booklet and generic medicine packets into a small pouch. Setting: clean Japanese kitchen table with a teacup nearby. The image supports this spoken line about: メモは、お薬手帳と同じポーチに入れておくと忘れにくくなります。 Keep the composition simple, practical, and reassuring, with Japanese domestic or clinic-adjacent details only. Use object clarity and warm soft colors. No readable text, no numbers, no logos, no photorealism, no hospital emergency, no panic, no youth reduction.","Motion beat 057 uses contrast focus on medicine pouch. Use a gentle left-to-right pan toward medicine pouch; the hands place the booklet into the pouch and stop neatly. Let soft morning light changes slightly. Preserve the original illustration style, senior age cues, composition, and all source-image details. Do not create any new readable text. (Silent video, no audio). No speech, no lip sync, no direct-to-camera performance, no singing, no chanting, no scene redesign, no character redesign, no panic."
家族に聞いてほしいことがある場合は、前日までに一緒に書き出しておくのもよいですね。,"Generate a still keyframe in retro-clean 2D illustrated lifestyle handbook style, warm domestic Japanese details, flat soft colors, clean outlines, minimal clutter, senior-friendly object clarity. Show a clearly senior Japanese person writing a short personal reminder on blank paper with large strokes. Setting: warm living room table with glasses and a pen. The image supports this spoken line about: 家族に聞いてほしいことがある場合は、前日までに一緒に書き出しておくのもよいですね。 Keep the composition simple, practical, and reassuring, with Japanese domestic or clinic-adjacent details only. Use object clarity and warm soft colors. No readable text, no numbers, no logos, no photorealism, no hospital emergency, no panic, no youth reduction.","Motion beat 058 uses checklist focus on blank memo paper and pen. Use a soft downward tilt toward blank memo paper and pen; the pen hand finishes a small stroke and rests beside the blank memo. Let a curtain edge moves almost imperceptibly. Preserve the original illustration style, senior age cues, composition, and all source-image details. Do not create any new readable text. (Silent video, no audio). No speech, no lip sync, no direct-to-camera performance, no singing, no chanting, no scene redesign, no character redesign, no panic."
よっつめの確認は、待ち時間を少し楽にするものです。,"Generate a still keyframe in retro-clean 2D illustrated lifestyle handbook style, warm domestic Japanese details, flat soft colors, clean outlines, minimal clutter, senior-friendly object clarity. Show five small unlabeled pouches grouped neatly as a visual checklist without readable writing. Setting: Japanese dining table under soft light. The image supports this spoken line about: よっつめの確認は、待ち時間を少し楽にするものです。 Keep the composition simple, practical, and reassuring, with Japanese domestic or clinic-adjacent details only. Use object clarity and warm soft colors. No readable text, no numbers, no logos, no photorealism, no hospital emergency, no panic, no youth reduction.","Motion beat 059 uses expert_emphasis focus on organized pouches. Use a small parallax drift toward organized pouches; the pouches settle into a neat row without showing any readable writing. Let subtle shadow movement keeps the frame calm. Preserve the original illustration style, senior age cues, composition, and all source-image details. Do not create any new readable text. (Silent video, no audio). No speech, no lip sync, no direct-to-camera performance, no singing, no chanting, no scene redesign, no character redesign, no panic."
病院の待合室では、思ったより長く座ることがあります。,"Generate a still keyframe in retro-clean 2D illustrated lifestyle handbook style, warm domestic Japanese details, flat soft colors, clean outlines, minimal clutter, senior-friendly object clarity. Show a senior-friendly waiting set with a small water bottle, light cardigan, glasses case, and hearing aid case. Setting: quiet clinic waiting corner rendered as generic Japanese public interior. The image supports this spoken line about: 病院の待合室では、思ったより長く座ることがあります。 Keep the composition simple, practical, and reassuring, with Japanese domestic or clinic-adjacent details only. Use object clarity and warm soft colors. No readable text, no numbers, no logos, no photorealism, no hospital emergency, no panic, no youth reduction.","Motion beat 060 uses solution_demo focus on comfort items. Use a steady close-up hold with slight settling toward comfort items; the cardigan edge and water bottle shift slightly as the items are arranged. Let the background remains still and uncluttered. Preserve the original illustration style, senior age cues, composition, and all source-image details. Do not create any new readable text. (Silent video, no audio). No speech, no lip sync, no direct-to-camera performance, no singing, no chanting, no scene redesign, no character redesign, no panic."
長い時間同じ姿勢でいると、足が重く感じたり、体が冷えたりすることがあります。,"Generate a still keyframe in retro-clean 2D illustrated lifestyle handbook style, warm domestic Japanese details, flat soft colors, clean outlines, minimal clutter, senior-friendly object clarity. Show a calm domestic preparation scene with a senior-safe clinic bag and small pouches. Setting: warm Japanese living room with minimal clutter. The image supports this spoken line about: 長い時間同じ姿勢でいると、足が重く感じたり、体が冷えたりすることがあります。 Keep the composition simple, practical, and reassuring, with Japanese domestic or clinic-adjacent details only. Use object clarity and warm soft colors. No readable text, no numbers, no logos, no photorealism, no hospital emergency, no panic, no youth reduction.","Motion beat 061 uses checklist focus on prepared items. Use a slow push-in toward prepared items; the camera drifts across the prepared items and settles on the pouch. Let soft morning light changes slightly. Preserve the original illustration style, senior age cues, composition, and all source-image details. Do not create any new readable text. (Silent video, no audio). No speech, no lip sync, no direct-to-camera performance, no singing, no chanting, no scene redesign, no character redesign, no panic."
厚生労働省では、長く座る場面で、軽い体操やかかとの上げ下ろし、水分補給などを紹介しています。,"Generate a still keyframe in retro-clean 2D illustrated lifestyle handbook style, warm domestic Japanese details, flat soft colors, clean outlines, minimal clutter, senior-friendly object clarity. Show a senior-friendly waiting set with a small water bottle, light cardigan, glasses case, and hearing aid case. Setting: quiet clinic waiting corner rendered as generic Japanese public interior. The image supports this spoken line about: 厚生労働省では、長く座る場面で、軽い体操やかかとの上げ下ろし、水分補給などを紹介しています。 Keep the composition simple, practical, and reassuring, with Japanese domestic or clinic-adjacent details only. Use object clarity and warm soft colors. No readable text, no numbers, no logos, no photorealism, no hospital emergency, no panic, no youth reduction.","Motion beat 062 uses contrast focus on comfort items. Use a gentle left-to-right pan toward comfort items; the cardigan edge and water bottle shift slightly as the items are arranged. Let a curtain edge moves almost imperceptibly. Preserve the original illustration style, senior age cues, composition, and all source-image details. Do not create any new readable text. (Silent video, no audio). No speech, no lip sync, no direct-to-camera performance, no singing, no chanting, no scene redesign, no character redesign, no panic."
待合室では、周りの迷惑にならない範囲で、足首をゆっくり動かしてみましょう。,"Generate a still keyframe in retro-clean 2D illustrated lifestyle handbook style, warm domestic Japanese details, flat soft colors, clean outlines, minimal clutter, senior-friendly object clarity. Show a senior-friendly waiting set with a small water bottle, light cardigan, glasses case, and hearing aid case. Setting: quiet clinic waiting corner rendered as generic Japanese public interior. The image supports this spoken line about: 待合室では、周りの迷惑にならない範囲で、足首をゆっくり動かしてみましょう。 Keep the composition simple, practical, and reassuring, with Japanese domestic or clinic-adjacent details only. Use object clarity and warm soft colors. No readable text, no numbers, no logos, no photorealism, no hospital emergency, no panic, no youth reduction.","Motion beat 063 uses solution_demo focus on comfort items. Use a soft downward tilt toward comfort items; the cardigan edge and water bottle shift slightly as the items are arranged. Let subtle shadow movement keeps the frame calm. Preserve the original illustration style, senior age cues, composition, and all source-image details. Do not create any new readable text. (Silent video, no audio). No speech, no lip sync, no direct-to-camera performance, no singing, no chanting, no scene redesign, no character redesign, no panic."
小さな水筒やペットボトルを持っておくと、こまめに水分を取りやすくなります。,"Generate a still keyframe in retro-clean 2D illustrated lifestyle handbook style, warm domestic Japanese details, flat soft colors, clean outlines, minimal clutter, senior-friendly object clarity. Show a senior-friendly waiting set with a small water bottle, light cardigan, glasses case, and hearing aid case. Setting: quiet clinic waiting corner rendered as generic Japanese public interior. The image supports this spoken line about: 小さな水筒やペットボトルを持っておくと、こまめに水分を取りやすくなります。 Keep the composition simple, practical, and reassuring, with Japanese domestic or clinic-adjacent details only. Use object clarity and warm soft colors. No readable text, no numbers, no logos, no photorealism, no hospital emergency, no panic, no youth reduction.","Motion beat 064 uses expert_emphasis focus on comfort items. Use a small parallax drift toward comfort items; the cardigan edge and water bottle shift slightly as the items are arranged. Let the background remains still and uncluttered. Preserve the original illustration style, senior age cues, composition, and all source-image details. Do not create any new readable text. (Silent video, no audio). No speech, no lip sync, no direct-to-camera performance, no singing, no chanting, no scene redesign, no character redesign, no panic."
ただし、心臓や腎臓の病気などで水分制限を受けている方は、主治医の指示に従ってください。,"Generate a still keyframe in retro-clean 2D illustrated lifestyle handbook style, warm domestic Japanese details, flat soft colors, clean outlines, minimal clutter, senior-friendly object clarity. Show a senior-friendly waiting set with a small water bottle, light cardigan, glasses case, and hearing aid case. Setting: quiet clinic waiting corner rendered as generic Japanese public interior. The image supports this spoken line about: ただし、心臓や腎臓の病気などで水分制限を受けている方は、主治医の指示に従ってください。 Keep the composition simple, practical, and reassuring, with Japanese domestic or clinic-adjacent details only. Use object clarity and warm soft colors. No readable text, no numbers, no logos, no photorealism, no hospital emergency, no panic, no youth reduction.","Motion beat 065 uses checklist focus on comfort items. Use a steady close-up hold with slight settling toward comfort items; the cardigan edge and water bottle shift slightly as the items are arranged. Let soft morning light changes slightly. Preserve the original illustration style, senior age cues, composition, and all source-image details. Do not create any new readable text. (Silent video, no audio). No speech, no lip sync, no direct-to-camera performance, no singing, no chanting, no scene redesign, no character redesign, no panic."
夏でも冷房で体が冷えることがあります。,"Generate a still keyframe in retro-clean 2D illustrated lifestyle handbook style, warm domestic Japanese details, flat soft colors, clean outlines, minimal clutter, senior-friendly object clarity. Show a senior-friendly waiting set with a small water bottle, light cardigan, glasses case, and hearing aid case. Setting: quiet clinic waiting corner rendered as generic Japanese public interior. The image supports this spoken line about: 夏でも冷房で体が冷えることがあります。 Keep the composition simple, practical, and reassuring, with Japanese domestic or clinic-adjacent details only. Use object clarity and warm soft colors. No readable text, no numbers, no logos, no photorealism, no hospital emergency, no panic, no youth reduction.","Motion beat 066 uses solution_demo focus on comfort items. Use a slow push-in toward comfort items; the cardigan edge and water bottle shift slightly as the items are arranged. Let a curtain edge moves almost imperceptibly. Preserve the original illustration style, senior age cues, composition, and all source-image details. Do not create any new readable text. (Silent video, no audio). No speech, no lip sync, no direct-to-camera performance, no singing, no chanting, no scene redesign, no character redesign, no panic."
薄いカーディガンや小さなスカーフを一枚入れておくと、温度調節がしやすくなります。,"Generate a still keyframe in retro-clean 2D illustrated lifestyle handbook style, warm domestic Japanese details, flat soft colors, clean outlines, minimal clutter, senior-friendly object clarity. Show a senior-friendly waiting set with a small water bottle, light cardigan, glasses case, and hearing aid case. Setting: quiet clinic waiting corner rendered as generic Japanese public interior. The image supports this spoken line about: 薄いカーディガンや小さなスカーフを一枚入れておくと、温度調節がしやすくなります。 Keep the composition simple, practical, and reassuring, with Japanese domestic or clinic-adjacent details only. Use object clarity and warm soft colors. No readable text, no numbers, no logos, no photorealism, no hospital emergency, no panic, no youth reduction.","Motion beat 067 uses contrast focus on comfort items. Use a gentle left-to-right pan toward comfort items; the cardigan edge and water bottle shift slightly as the items are arranged. Let subtle shadow movement keeps the frame calm. Preserve the original illustration style, senior age cues, composition, and all source-image details. Do not create any new readable text. (Silent video, no audio). No speech, no lip sync, no direct-to-camera performance, no singing, no chanting, no scene redesign, no character redesign, no panic."
眼鏡や補聴器を使っている方は、替えの電池やケースも確認しておきましょう。,"Generate a still keyframe in retro-clean 2D illustrated lifestyle handbook style, warm domestic Japanese details, flat soft colors, clean outlines, minimal clutter, senior-friendly object clarity. Show wrinkled senior hands arranging generic blank reception cards and a small appointment paper into a clear pouch. Setting: Japanese dining table prepared the night before. The image supports this spoken line about: 眼鏡や補聴器を使っている方は、替えの電池やケースも確認しておきましょう。 Keep the composition simple, practical, and reassuring, with Japanese domestic or clinic-adjacent details only. Use object clarity and warm soft colors. No readable text, no numbers, no logos, no photorealism, no hospital emergency, no panic, no youth reduction.","Motion beat 068 uses checklist focus on reception pouch. Use a soft downward tilt toward reception pouch; the hands gently slide the pouch closer to the camera. Let the background remains still and uncluttered. Preserve the original illustration style, senior age cues, composition, and all source-image details. Do not create any new readable text. (Silent video, no audio). No speech, no lip sync, no direct-to-camera performance, no singing, no chanting, no scene redesign, no character redesign, no panic."
説明を聞き取りやすくすることも、安心して診察を受けるための大事な準備です。,"Generate a still keyframe in retro-clean 2D illustrated lifestyle handbook style, warm domestic Japanese details, flat soft colors, clean outlines, minimal clutter, senior-friendly object clarity. Show a clearly senior Japanese person writing a short personal reminder on blank paper with large strokes. Setting: warm living room table with glasses and a pen. The image supports this spoken line about: 説明を聞き取りやすくすることも、安心して診察を受けるための大事な準備です。 Keep the composition simple, practical, and reassuring, with Japanese domestic or clinic-adjacent details only. Use object clarity and warm soft colors. No readable text, no numbers, no logos, no photorealism, no hospital emergency, no panic, no youth reduction.","Motion beat 069 uses expert_emphasis focus on blank memo paper and pen. Use a small parallax drift toward blank memo paper and pen; the pen hand finishes a small stroke and rests beside the blank memo. Let soft morning light changes slightly. Preserve the original illustration style, senior age cues, composition, and all source-image details. Do not create any new readable text. (Silent video, no audio). No speech, no lip sync, no direct-to-camera performance, no singing, no chanting, no scene redesign, no character redesign, no panic."
いつつめの確認は、帰り道まで安全にするものです。,"Generate a still keyframe in retro-clean 2D illustrated lifestyle handbook style, warm domestic Japanese details, flat soft colors, clean outlines, minimal clutter, senior-friendly object clarity. Show a clearly senior Japanese person checking comfortable walking shoes and a hands-free shoulder bag. Setting: Japanese genkan with handrail and tidy floor. The image supports this spoken line about: いつつめの確認は、帰り道まで安全にするものです。 Keep the composition simple, practical, and reassuring, with Japanese domestic or clinic-adjacent details only. Use object clarity and warm soft colors. No readable text, no numbers, no logos, no photorealism, no hospital emergency, no panic, no youth reduction.","Motion beat 070 uses solution_demo focus on shoes and hands-free bag. Use a steady close-up hold with slight settling toward shoes and hands-free bag; the shoe toe turns slightly while the bag strap is adjusted. Let a curtain edge moves almost imperceptibly. Preserve the original illustration style, senior age cues, composition, and all source-image details. Do not create any new readable text. (Silent video, no audio). No speech, no lip sync, no direct-to-camera performance, no singing, no chanting, no scene redesign, no character redesign, no panic."
通院は、行きよりも帰りのほうが疲れていることがあります。,"Generate a still keyframe in retro-clean 2D illustrated lifestyle handbook style, warm domestic Japanese details, flat soft colors, clean outlines, minimal clutter, senior-friendly object clarity. Show a clearly senior Japanese person checking comfortable walking shoes and a hands-free shoulder bag. Setting: Japanese genkan with handrail and tidy floor. The image supports this spoken line about: 通院は、行きよりも帰りのほうが疲れていることがあります。 Keep the composition simple, practical, and reassuring, with Japanese domestic or clinic-adjacent details only. Use object clarity and warm soft colors. No readable text, no numbers, no logos, no photorealism, no hospital emergency, no panic, no youth reduction.","Motion beat 071 uses checklist focus on shoes and hands-free bag. Use a slow push-in toward shoes and hands-free bag; the shoe toe turns slightly while the bag strap is adjusted. Let subtle shadow movement keeps the frame calm. Preserve the original illustration style, senior age cues, composition, and all source-image details. Do not create any new readable text. (Silent video, no audio). No speech, no lip sync, no direct-to-camera performance, no singing, no chanting, no scene redesign, no character redesign, no panic."
会計を待ち、薬局へ寄り、そこから家に戻る。,"Generate a still keyframe in retro-clean 2D illustrated lifestyle handbook style, warm domestic Japanese details, flat soft colors, clean outlines, minimal clutter, senior-friendly object clarity. Show wrinkled senior hands placing a medicine notebook-like booklet and generic medicine packets into a small pouch. Setting: clean Japanese kitchen table with a teacup nearby. The image supports this spoken line about: 会計を待ち、薬局へ寄り、そこから家に戻る。 Keep the composition simple, practical, and reassuring, with Japanese domestic or clinic-adjacent details only. Use object clarity and warm soft colors. No readable text, no numbers, no logos, no photorealism, no hospital emergency, no panic, no youth reduction.","Motion beat 072 uses contrast focus on medicine pouch. Use a gentle left-to-right pan toward medicine pouch; the hands place the booklet into the pouch and stop neatly. Let the background remains still and uncluttered. Preserve the original illustration style, senior age cues, composition, and all source-image details. Do not create any new readable text. (Silent video, no audio). No speech, no lip sync, no direct-to-camera performance, no singing, no chanting, no scene redesign, no character redesign, no panic."
思ったより長い外出になることもあります。,"Generate a still keyframe in retro-clean 2D illustrated lifestyle handbook style, warm domestic Japanese details, flat soft colors, clean outlines, minimal clutter, senior-friendly object clarity. Show a calm domestic preparation scene with a senior-safe clinic bag and small pouches. Setting: warm Japanese living room with minimal clutter. The image supports this spoken line about: 思ったより長い外出になることもあります。 Keep the composition simple, practical, and reassuring, with Japanese domestic or clinic-adjacent details only. Use object clarity and warm soft colors. No readable text, no numbers, no logos, no photorealism, no hospital emergency, no panic, no youth reduction.","Motion beat 073 uses solution_demo focus on prepared items. Use a soft downward tilt toward prepared items; the camera drifts across the prepared items and settles on the pouch. Let soft morning light changes slightly. Preserve the original illustration style, senior age cues, composition, and all source-image details. Do not create any new readable text. (Silent video, no audio). No speech, no lip sync, no direct-to-camera performance, no singing, no chanting, no scene redesign, no character redesign, no panic."
まず、携帯電話は充電しておきましょう。,"Generate a still keyframe in retro-clean 2D illustrated lifestyle handbook style, warm domestic Japanese details, flat soft colors, clean outlines, minimal clutter, senior-friendly object clarity. Show a clearly senior Japanese person checking comfortable walking shoes and a hands-free shoulder bag. Setting: Japanese genkan with handrail and tidy floor. The image supports this spoken line about: まず、携帯電話は充電しておきましょう。 Keep the composition simple, practical, and reassuring, with Japanese domestic or clinic-adjacent details only. Use object clarity and warm soft colors. No readable text, no numbers, no logos, no photorealism, no hospital emergency, no panic, no youth reduction.","Motion beat 074 uses expert_emphasis focus on shoes and hands-free bag. Use a small parallax drift toward shoes and hands-free bag; the shoe toe turns slightly while the bag strap is adjusted. Let a curtain edge moves almost imperceptibly. Preserve the original illustration style, senior age cues, composition, and all source-image details. Do not create any new readable text. (Silent video, no audio). No speech, no lip sync, no direct-to-camera performance, no singing, no chanting, no scene redesign, no character redesign, no panic."
緊急連絡先を書いた小さな紙を、財布やバッグの見える場所に入れておくのも安心です。,"Generate a still keyframe in retro-clean 2D illustrated lifestyle handbook style, warm domestic Japanese details, flat soft colors, clean outlines, minimal clutter, senior-friendly object clarity. Show a clearly senior Japanese person writing a short personal reminder on blank paper with large strokes. Setting: warm living room table with glasses and a pen. The image supports this spoken line about: 緊急連絡先を書いた小さな紙を、財布やバッグの見える場所に入れておくのも安心です。 Keep the composition simple, practical, and reassuring, with Japanese domestic or clinic-adjacent details only. Use object clarity and warm soft colors. No readable text, no numbers, no logos, no photorealism, no hospital emergency, no panic, no youth reduction.","Motion beat 075 uses checklist focus on blank memo paper and pen. Use a steady close-up hold with slight settling toward blank memo paper and pen; the pen hand finishes a small stroke and rests beside the blank memo. Let subtle shadow movement keeps the frame calm. Preserve the original illustration style, senior age cues, composition, and all source-image details. Do not create any new readable text. (Silent video, no audio). No speech, no lip sync, no direct-to-camera performance, no singing, no chanting, no scene redesign, no character redesign, no panic."
交通系カードや小銭も、帰りに慌てないように分けておきます。,"Generate a still keyframe in retro-clean 2D illustrated lifestyle handbook style, warm domestic Japanese details, flat soft colors, clean outlines, minimal clutter, senior-friendly object clarity. Show wrinkled senior hands arranging generic blank reception cards and a small appointment paper into a clear pouch. Setting: Japanese dining table prepared the night before. The image supports this spoken line about: 交通系カードや小銭も、帰りに慌てないように分けておきます。 Keep the composition simple, practical, and reassuring, with Japanese domestic or clinic-adjacent details only. Use object clarity and warm soft colors. No readable text, no numbers, no logos, no photorealism, no hospital emergency, no panic, no youth reduction.","Motion beat 076 uses solution_demo focus on reception pouch. Use a slow push-in toward reception pouch; the hands gently slide the pouch closer to the camera. Let the background remains still and uncluttered. Preserve the original illustration style, senior age cues, composition, and all source-image details. Do not create any new readable text. (Silent video, no audio). No speech, no lip sync, no direct-to-camera performance, no singing, no chanting, no scene redesign, no character redesign, no panic."
バッグは、できれば両手が使いやすいものを選びましょう。,"Generate a still keyframe in retro-clean 2D illustrated lifestyle handbook style, warm domestic Japanese details, flat soft colors, clean outlines, minimal clutter, senior-friendly object clarity. Show a clearly senior Japanese person checking comfortable walking shoes and a hands-free shoulder bag. Setting: Japanese genkan with handrail and tidy floor. The image supports this spoken line about: バッグは、できれば両手が使いやすいものを選びましょう。 Keep the composition simple, practical, and reassuring, with Japanese domestic or clinic-adjacent details only. Use object clarity and warm soft colors. No readable text, no numbers, no logos, no photorealism, no hospital emergency, no panic, no youth reduction.","Motion beat 077 uses contrast focus on shoes and hands-free bag. Use a gentle left-to-right pan toward shoes and hands-free bag; the shoe toe turns slightly while the bag strap is adjusted. Let soft morning light changes slightly. Preserve the original illustration style, senior age cues, composition, and all source-image details. Do not create any new readable text. (Silent video, no audio). No speech, no lip sync, no direct-to-camera performance, no singing, no chanting, no scene redesign, no character redesign, no panic."
斜め掛けのバッグや、軽いリュックなら、手すりを持ちやすくなります。,"Generate a still keyframe in retro-clean 2D illustrated lifestyle handbook style, warm domestic Japanese details, flat soft colors, clean outlines, minimal clutter, senior-friendly object clarity. Show a clearly senior Japanese person checking comfortable walking shoes and a hands-free shoulder bag. Setting: Japanese genkan with handrail and tidy floor. The image supports this spoken line about: 斜め掛けのバッグや、軽いリュックなら、手すりを持ちやすくなります。 Keep the composition simple, practical, and reassuring, with Japanese domestic or clinic-adjacent details only. Use object clarity and warm soft colors. No readable text, no numbers, no logos, no photorealism, no hospital emergency, no panic, no youth reduction.","Motion beat 078 uses checklist focus on shoes and hands-free bag. Use a soft downward tilt toward shoes and hands-free bag; the shoe toe turns slightly while the bag strap is adjusted. Let a curtain edge moves almost imperceptibly. Preserve the original illustration style, senior age cues, composition, and all source-image details. Do not create any new readable text. (Silent video, no audio). No speech, no lip sync, no direct-to-camera performance, no singing, no chanting, no scene redesign, no character redesign, no panic."
靴も大切です。,"Generate a still keyframe in retro-clean 2D illustrated lifestyle handbook style, warm domestic Japanese details, flat soft colors, clean outlines, minimal clutter, senior-friendly object clarity. Show a clearly senior Japanese person checking comfortable walking shoes and a hands-free shoulder bag. Setting: Japanese genkan with handrail and tidy floor. The image supports this spoken line about: 靴も大切です。 Keep the composition simple, practical, and reassuring, with Japanese domestic or clinic-adjacent details only. Use object clarity and warm soft colors. No readable text, no numbers, no logos, no photorealism, no hospital emergency, no panic, no youth reduction.","Motion beat 079 uses expert_emphasis focus on shoes and hands-free bag. Use a small parallax drift toward shoes and hands-free bag; the shoe toe turns slightly while the bag strap is adjusted. Let subtle shadow movement keeps the frame calm. Preserve the original illustration style, senior age cues, composition, and all source-image details. Do not create any new readable text. (Silent video, no audio). No speech, no lip sync, no direct-to-camera performance, no singing, no chanting, no scene redesign, no character redesign, no panic."
かかとが安定していて、足に合った靴を選びましょう。,"Generate a still keyframe in retro-clean 2D illustrated lifestyle handbook style, warm domestic Japanese details, flat soft colors, clean outlines, minimal clutter, senior-friendly object clarity. Show a senior-friendly waiting set with a small water bottle, light cardigan, glasses case, and hearing aid case. Setting: quiet clinic waiting corner rendered as generic Japanese public interior. The image supports this spoken line about: かかとが安定していて、足に合った靴を選びましょう。 Keep the composition simple, practical, and reassuring, with Japanese domestic or clinic-adjacent details only. Use object clarity and warm soft colors. No readable text, no numbers, no logos, no photorealism, no hospital emergency, no panic, no youth reduction.","Motion beat 080 uses solution_demo focus on comfort items. Use a steady close-up hold with slight settling toward comfort items; the cardigan edge and water bottle shift slightly as the items are arranged. Let the background remains still and uncluttered. Preserve the original illustration style, senior age cues, composition, and all source-image details. Do not create any new readable text. (Silent video, no audio). No speech, no lip sync, no direct-to-camera performance, no singing, no chanting, no scene redesign, no character redesign, no panic."
靴底がすり減っていないか、前日のうちに見ておくとよいですね。,"Generate a still keyframe in retro-clean 2D illustrated lifestyle handbook style, warm domestic Japanese details, flat soft colors, clean outlines, minimal clutter, senior-friendly object clarity. Show a clearly senior Japanese person checking comfortable walking shoes and a hands-free shoulder bag. Setting: Japanese genkan with handrail and tidy floor. The image supports this spoken line about: 靴底がすり減っていないか、前日のうちに見ておくとよいですね。 Keep the composition simple, practical, and reassuring, with Japanese domestic or clinic-adjacent details only. Use object clarity and warm soft colors. No readable text, no numbers, no logos, no photorealism, no hospital emergency, no panic, no youth reduction.","Motion beat 081 uses checklist focus on shoes and hands-free bag. Use a slow push-in toward shoes and hands-free bag; the shoe toe turns slightly while the bag strap is adjusted. Let soft morning light changes slightly. Preserve the original illustration style, senior age cues, composition, and all source-image details. Do not create any new readable text. (Silent video, no audio). No speech, no lip sync, no direct-to-camera performance, no singing, no chanting, no scene redesign, no character redesign, no panic."
つっかけや、脱げやすい靴は、通院の日には避けたほうが安心です。,"Generate a still keyframe in retro-clean 2D illustrated lifestyle handbook style, warm domestic Japanese details, flat soft colors, clean outlines, minimal clutter, senior-friendly object clarity. Show a clearly senior Japanese person checking comfortable walking shoes and a hands-free shoulder bag. Setting: Japanese genkan with handrail and tidy floor. The image supports this spoken line about: つっかけや、脱げやすい靴は、通院の日には避けたほうが安心です。 Keep the composition simple, practical, and reassuring, with Japanese domestic or clinic-adjacent details only. Use object clarity and warm soft colors. No readable text, no numbers, no logos, no photorealism, no hospital emergency, no panic, no youth reduction.","Motion beat 082 uses contrast focus on shoes and hands-free bag. Use a gentle left-to-right pan toward shoes and hands-free bag; the shoe toe turns slightly while the bag strap is adjusted. Let a curtain edge moves almost imperceptibly. Preserve the original illustration style, senior age cues, composition, and all source-image details. Do not create any new readable text. (Silent video, no audio). No speech, no lip sync, no direct-to-camera performance, no singing, no chanting, no scene redesign, no character redesign, no panic."
ここまでの五つを、もう一度まとめます。,"Generate a still keyframe in retro-clean 2D illustrated lifestyle handbook style, warm domestic Japanese details, flat soft colors, clean outlines, minimal clutter, senior-friendly object clarity. Show five small unlabeled pouches grouped neatly as a visual checklist without readable writing. Setting: Japanese dining table under soft light. The image supports this spoken line about: ここまでの五つを、もう一度まとめます。 Keep the composition simple, practical, and reassuring, with Japanese domestic or clinic-adjacent details only. Use object clarity and warm soft colors. No readable text, no numbers, no logos, no photorealism, no hospital emergency, no panic, no youth reduction.","Motion beat 083 uses solution_demo focus on organized pouches. Use a soft downward tilt toward organized pouches; the pouches settle into a neat row without showing any readable writing. Let subtle shadow movement keeps the frame calm. Preserve the original illustration style, senior age cues, composition, and all source-image details. Do not create any new readable text. (Silent video, no audio). No speech, no lip sync, no direct-to-camera performance, no singing, no chanting, no scene redesign, no character redesign, no panic."
ひとつめは、マイナ保険証や資格確認書、診察券などの受付セット。,"Generate a still keyframe in retro-clean 2D illustrated lifestyle handbook style, warm domestic Japanese details, flat soft colors, clean outlines, minimal clutter, senior-friendly object clarity. Show wrinkled senior hands arranging generic blank reception cards and a small appointment paper into a clear pouch. Setting: Japanese dining table prepared the night before. The image supports this spoken line about: ひとつめは、マイナ保険証や資格確認書、診察券などの受付セット。 Keep the composition simple, practical, and reassuring, with Japanese domestic or clinic-adjacent details only. Use object clarity and warm soft colors. No readable text, no numbers, no logos, no photorealism, no hospital emergency, no panic, no youth reduction.","Motion beat 084 uses expert_emphasis focus on reception pouch. Use a small parallax drift toward reception pouch; the hands gently slide the pouch closer to the camera. Let the background remains still and uncluttered. Preserve the original illustration style, senior age cues, composition, and all source-image details. Do not create any new readable text. (Silent video, no audio). No speech, no lip sync, no direct-to-camera performance, no singing, no chanting, no scene redesign, no character redesign, no panic."
ふたつめは、お薬手帳と薬の情報。,"Generate a still keyframe in retro-clean 2D illustrated lifestyle handbook style, warm domestic Japanese details, flat soft colors, clean outlines, minimal clutter, senior-friendly object clarity. Show wrinkled senior hands placing a medicine notebook-like booklet and generic medicine packets into a small pouch. Setting: clean Japanese kitchen table with a teacup nearby. The image supports this spoken line about: ふたつめは、お薬手帳と薬の情報。 Keep the composition simple, practical, and reassuring, with Japanese domestic or clinic-adjacent details only. Use object clarity and warm soft colors. No readable text, no numbers, no logos, no photorealism, no hospital emergency, no panic, no youth reduction.","Motion beat 085 uses checklist focus on medicine pouch. Use a steady close-up hold with slight settling toward medicine pouch; the hands place the booklet into the pouch and stop neatly. Let soft morning light changes slightly. Preserve the original illustration style, senior age cues, composition, and all source-image details. Do not create any new readable text. (Silent video, no audio). No speech, no lip sync, no direct-to-camera performance, no singing, no chanting, no scene redesign, no character redesign, no panic."
みっつめは、診察で伝えるメモ。,"Generate a still keyframe in retro-clean 2D illustrated lifestyle handbook style, warm domestic Japanese details, flat soft colors, clean outlines, minimal clutter, senior-friendly object clarity. Show a clearly senior Japanese person writing a short personal reminder on blank paper with large strokes. Setting: warm living room table with glasses and a pen. The image supports this spoken line about: みっつめは、診察で伝えるメモ。 Keep the composition simple, practical, and reassuring, with Japanese domestic or clinic-adjacent details only. Use object clarity and warm soft colors. No readable text, no numbers, no logos, no photorealism, no hospital emergency, no panic, no youth reduction.","Motion beat 086 uses solution_demo focus on blank memo paper and pen. Use a slow push-in toward blank memo paper and pen; the pen hand finishes a small stroke and rests beside the blank memo. Let a curtain edge moves almost imperceptibly. Preserve the original illustration style, senior age cues, composition, and all source-image details. Do not create any new readable text. (Silent video, no audio). No speech, no lip sync, no direct-to-camera performance, no singing, no chanting, no scene redesign, no character redesign, no panic."
よっつめは、水分や羽織ものなど、待ち時間を楽にするもの。,"Generate a still keyframe in retro-clean 2D illustrated lifestyle handbook style, warm domestic Japanese details, flat soft colors, clean outlines, minimal clutter, senior-friendly object clarity. Show a senior-friendly waiting set with a small water bottle, light cardigan, glasses case, and hearing aid case. Setting: quiet clinic waiting corner rendered as generic Japanese public interior. The image supports this spoken line about: よっつめは、水分や羽織ものなど、待ち時間を楽にするもの。 Keep the composition simple, practical, and reassuring, with Japanese domestic or clinic-adjacent details only. Use object clarity and warm soft colors. No readable text, no numbers, no logos, no photorealism, no hospital emergency, no panic, no youth reduction.","Motion beat 087 uses contrast focus on comfort items. Use a gentle left-to-right pan toward comfort items; the cardigan edge and water bottle shift slightly as the items are arranged. Let subtle shadow movement keeps the frame calm. Preserve the original illustration style, senior age cues, composition, and all source-image details. Do not create any new readable text. (Silent video, no audio). No speech, no lip sync, no direct-to-camera performance, no singing, no chanting, no scene redesign, no character redesign, no panic."
いつつめは、連絡先、交通費、携帯電話、歩きやすい靴など、帰り道まで考えた安全セットです。,"Generate a still keyframe in retro-clean 2D illustrated lifestyle handbook style, warm domestic Japanese details, flat soft colors, clean outlines, minimal clutter, senior-friendly object clarity. Show a clearly senior Japanese person checking comfortable walking shoes and a hands-free shoulder bag. Setting: Japanese genkan with handrail and tidy floor. The image supports this spoken line about: いつつめは、連絡先、交通費、携帯電話、歩きやすい靴など、帰り道まで考えた安全セットです。 Keep the composition simple, practical, and reassuring, with Japanese domestic or clinic-adjacent details only. Use object clarity and warm soft colors. No readable text, no numbers, no logos, no photorealism, no hospital emergency, no panic, no youth reduction.","Motion beat 088 uses checklist focus on shoes and hands-free bag. Use a soft downward tilt toward shoes and hands-free bag; the shoe toe turns slightly while the bag strap is adjusted. Let the background remains still and uncluttered. Preserve the original illustration style, senior age cues, composition, and all source-image details. Do not create any new readable text. (Silent video, no audio). No speech, no lip sync, no direct-to-camera performance, no singing, no chanting, no scene redesign, no character redesign, no panic."
この五つを、別々に覚えようとすると大変です。,"Generate a still keyframe in retro-clean 2D illustrated lifestyle handbook style, warm domestic Japanese details, flat soft colors, clean outlines, minimal clutter, senior-friendly object clarity. Show five small unlabeled pouches grouped neatly as a visual checklist without readable writing. Setting: Japanese dining table under soft light. The image supports this spoken line about: この五つを、別々に覚えようとすると大変です。 Keep the composition simple, practical, and reassuring, with Japanese domestic or clinic-adjacent details only. Use object clarity and warm soft colors. No readable text, no numbers, no logos, no photorealism, no hospital emergency, no panic, no youth reduction.","Motion beat 089 uses expert_emphasis focus on organized pouches. Use a small parallax drift toward organized pouches; the pouches settle into a neat row without showing any readable writing. Let soft morning light changes slightly. Preserve the original illustration style, senior age cues, composition, and all source-image details. Do not create any new readable text. (Silent video, no audio). No speech, no lip sync, no direct-to-camera performance, no singing, no chanting, no scene redesign, no character redesign, no panic."
おすすめは、前日の夜に、テーブルの上で一度だけ広げて確認することです。,"Generate a still keyframe in retro-clean 2D illustrated lifestyle handbook style, warm domestic Japanese details, flat soft colors, clean outlines, minimal clutter, senior-friendly object clarity. Show a prepared clinic bag placed near the genkan beside stable walking shoes and house keys. Setting: ordinary Japanese apartment entryway. The image supports this spoken line about: おすすめは、前日の夜に、テーブルの上で一度だけ広げて確認することです。 Keep the composition simple, practical, and reassuring, with Japanese domestic or clinic-adjacent details only. Use object clarity and warm soft colors. No readable text, no numbers, no logos, no photorealism, no hospital emergency, no panic, no youth reduction.","Motion beat 090 uses solution_demo focus on prepared bag near the door. Use a steady close-up hold with slight settling toward prepared bag near the door; the bag strap sways slightly and then becomes still. Let a curtain edge moves almost imperceptibly. Preserve the original illustration style, senior age cues, composition, and all source-image details. Do not create any new readable text. (Silent video, no audio). No speech, no lip sync, no direct-to-camera performance, no singing, no chanting, no scene redesign, no character redesign, no panic."
確認が終わったら、バッグの中の決まった場所へ戻します。,"Generate a still keyframe in retro-clean 2D illustrated lifestyle handbook style, warm domestic Japanese details, flat soft colors, clean outlines, minimal clutter, senior-friendly object clarity. Show a clearly senior Japanese person checking comfortable walking shoes and a hands-free shoulder bag. Setting: Japanese genkan with handrail and tidy floor. The image supports this spoken line about: 確認が終わったら、バッグの中の決まった場所へ戻します。 Keep the composition simple, practical, and reassuring, with Japanese domestic or clinic-adjacent details only. Use object clarity and warm soft colors. No readable text, no numbers, no logos, no photorealism, no hospital emergency, no panic, no youth reduction.","Motion beat 091 uses checklist focus on shoes and hands-free bag. Use a slow push-in toward shoes and hands-free bag; the shoe toe turns slightly while the bag strap is adjusted. Let subtle shadow movement keeps the frame calm. Preserve the original illustration style, senior age cues, composition, and all source-image details. Do not create any new readable text. (Silent video, no audio). No speech, no lip sync, no direct-to-camera performance, no singing, no chanting, no scene redesign, no character redesign, no panic."
そして、そのバッグを玄関の近くに置いておきます。,"Generate a still keyframe in retro-clean 2D illustrated lifestyle handbook style, warm domestic Japanese details, flat soft colors, clean outlines, minimal clutter, senior-friendly object clarity. Show a clearly senior Japanese person checking comfortable walking shoes and a hands-free shoulder bag. Setting: Japanese genkan with handrail and tidy floor. The image supports this spoken line about: そして、そのバッグを玄関の近くに置いておきます。 Keep the composition simple, practical, and reassuring, with Japanese domestic or clinic-adjacent details only. Use object clarity and warm soft colors. No readable text, no numbers, no logos, no photorealism, no hospital emergency, no panic, no youth reduction.","Motion beat 092 uses contrast focus on shoes and hands-free bag. Use a gentle left-to-right pan toward shoes and hands-free bag; the shoe toe turns slightly while the bag strap is adjusted. Let the background remains still and uncluttered. Preserve the original illustration style, senior age cues, composition, and all source-image details. Do not create any new readable text. (Silent video, no audio). No speech, no lip sync, no direct-to-camera performance, no singing, no chanting, no scene redesign, no character redesign, no panic."
朝になったら、バッグ、鍵、携帯電話だけを静かに確認します。,"Generate a still keyframe in retro-clean 2D illustrated lifestyle handbook style, warm domestic Japanese details, flat soft colors, clean outlines, minimal clutter, senior-friendly object clarity. Show a clearly senior Japanese person checking comfortable walking shoes and a hands-free shoulder bag. Setting: Japanese genkan with handrail and tidy floor. The image supports this spoken line about: 朝になったら、バッグ、鍵、携帯電話だけを静かに確認します。 Keep the composition simple, practical, and reassuring, with Japanese domestic or clinic-adjacent details only. Use object clarity and warm soft colors. No readable text, no numbers, no logos, no photorealism, no hospital emergency, no panic, no youth reduction.","Motion beat 093 uses solution_demo focus on shoes and hands-free bag. Use a soft downward tilt toward shoes and hands-free bag; the shoe toe turns slightly while the bag strap is adjusted. Let soft morning light changes slightly. Preserve the original illustration style, senior age cues, composition, and all source-image details. Do not create any new readable text. (Silent video, no audio). No speech, no lip sync, no direct-to-camera performance, no singing, no chanting, no scene redesign, no character redesign, no panic."
それだけで、出発前の慌ただしさは少し変わります。,"Generate a still keyframe in retro-clean 2D illustrated lifestyle handbook style, warm domestic Japanese details, flat soft colors, clean outlines, minimal clutter, senior-friendly object clarity. Show a prepared clinic bag placed near the genkan beside stable walking shoes and house keys. Setting: ordinary Japanese apartment entryway. The image supports this spoken line about: それだけで、出発前の慌ただしさは少し変わります。 Keep the composition simple, practical, and reassuring, with Japanese domestic or clinic-adjacent details only. Use object clarity and warm soft colors. No readable text, no numbers, no logos, no photorealism, no hospital emergency, no panic, no youth reduction.","Motion beat 094 uses expert_emphasis focus on prepared bag near the door. Use a small parallax drift toward prepared bag near the door; the bag strap sways slightly and then becomes still. Let a curtain edge moves almost imperceptibly. Preserve the original illustration style, senior age cues, composition, and all source-image details. Do not create any new readable text. (Silent video, no audio). No speech, no lip sync, no direct-to-camera performance, no singing, no chanting, no scene redesign, no character redesign, no panic."
もし一人での通院がつらくなってきたら、無理をしないでください。,"Generate a still keyframe in retro-clean 2D illustrated lifestyle handbook style, warm domestic Japanese details, flat soft colors, clean outlines, minimal clutter, senior-friendly object clarity. Show a calm domestic preparation scene with a senior-safe clinic bag and small pouches. Setting: warm Japanese living room with minimal clutter. The image supports this spoken line about: もし一人での通院がつらくなってきたら、無理をしないでください。 Keep the composition simple, practical, and reassuring, with Japanese domestic or clinic-adjacent details only. Use object clarity and warm soft colors. No readable text, no numbers, no logos, no photorealism, no hospital emergency, no panic, no youth reduction.","Motion beat 095 uses checklist focus on prepared items. Use a steady close-up hold with slight settling toward prepared items; the camera drifts across the prepared items and settles on the pouch. Let subtle shadow movement keeps the frame calm. Preserve the original illustration style, senior age cues, composition, and all source-image details. Do not create any new readable text. (Silent video, no audio). No speech, no lip sync, no direct-to-camera performance, no singing, no chanting, no scene redesign, no character redesign, no panic."
病院に行くだけで疲れ切ってしまう方もいます。,"Generate a still keyframe in retro-clean 2D illustrated lifestyle handbook style, warm domestic Japanese details, flat soft colors, clean outlines, minimal clutter, senior-friendly object clarity. Show a calm domestic preparation scene with a senior-safe clinic bag and small pouches. Setting: warm Japanese living room with minimal clutter. The image supports this spoken line about: 病院に行くだけで疲れ切ってしまう方もいます。 Keep the composition simple, practical, and reassuring, with Japanese domestic or clinic-adjacent details only. Use object clarity and warm soft colors. No readable text, no numbers, no logos, no photorealism, no hospital emergency, no panic, no youth reduction.","Motion beat 096 uses solution_demo focus on prepared items. Use a slow push-in toward prepared items; the camera drifts across the prepared items and settles on the pouch. Let the background remains still and uncluttered. Preserve the original illustration style, senior age cues, composition, and all source-image details. Do not create any new readable text. (Silent video, no audio). No speech, no lip sync, no direct-to-camera performance, no singing, no chanting, no scene redesign, no character redesign, no panic."
そんな時は、家族や近所の方に付き添いをお願いしてもよいでしょう。,"Generate a still keyframe in retro-clean 2D illustrated lifestyle handbook style, warm domestic Japanese details, flat soft colors, clean outlines, minimal clutter, senior-friendly object clarity. Show a clearly senior Japanese person writing a short personal reminder on blank paper with large strokes. Setting: warm living room table with glasses and a pen. The image supports this spoken line about: そんな時は、家族や近所の方に付き添いをお願いしてもよいでしょう。 Keep the composition simple, practical, and reassuring, with Japanese domestic or clinic-adjacent details only. Use object clarity and warm soft colors. No readable text, no numbers, no logos, no photorealism, no hospital emergency, no panic, no youth reduction.","Motion beat 097 uses contrast focus on blank memo paper and pen. Use a gentle left-to-right pan toward blank memo paper and pen; the pen hand finishes a small stroke and rests beside the blank memo. Let soft morning light changes slightly. Preserve the original illustration style, senior age cues, composition, and all source-image details. Do not create any new readable text. (Silent video, no audio). No speech, no lip sync, no direct-to-camera performance, no singing, no chanting, no scene redesign, no character redesign, no panic."
介護保険を利用している方は、担当のケアマネジャーに相談できます。,"Generate a still keyframe in retro-clean 2D illustrated lifestyle handbook style, warm domestic Japanese details, flat soft colors, clean outlines, minimal clutter, senior-friendly object clarity. Show wrinkled senior hands arranging generic blank reception cards and a small appointment paper into a clear pouch. Setting: Japanese dining table prepared the night before. The image supports this spoken line about: 介護保険を利用している方は、担当のケアマネジャーに相談できます。 Keep the composition simple, practical, and reassuring, with Japanese domestic or clinic-adjacent details only. Use object clarity and warm soft colors. No readable text, no numbers, no logos, no photorealism, no hospital emergency, no panic, no youth reduction.","Motion beat 098 uses checklist focus on reception pouch. Use a soft downward tilt toward reception pouch; the hands gently slide the pouch closer to the camera. Let a curtain edge moves almost imperceptibly. Preserve the original illustration style, senior age cues, composition, and all source-image details. Do not create any new readable text. (Silent video, no audio). No speech, no lip sync, no direct-to-camera performance, no singing, no chanting, no scene redesign, no character redesign, no panic."
地域包括支援センターでも、地域の移動支援や相談先を教えてもらえることがあります。,"Generate a still keyframe in retro-clean 2D illustrated lifestyle handbook style, warm domestic Japanese details, flat soft colors, clean outlines, minimal clutter, senior-friendly object clarity. Show a senior Japanese person calmly talking with a supportive family member at a table, both seated and relaxed. Setting: ordinary Japanese living room. The image supports this spoken line about: 地域包括支援センターでも、地域の移動支援や相談先を教えてもらえることがあります。 Keep the composition simple, practical, and reassuring, with Japanese domestic or clinic-adjacent details only. Use object clarity and warm soft colors. No readable text, no numbers, no logos, no photorealism, no hospital emergency, no panic, no youth reduction.","Motion beat 099 uses expert_emphasis focus on supportive conversation posture. Use a small parallax drift toward supportive conversation posture; both seated figures nod gently without speaking. Let subtle shadow movement keeps the frame calm. Preserve the original illustration style, senior age cues, composition, and all source-image details. Do not create any new readable text. (Silent video, no audio). No speech, no lip sync, no direct-to-camera performance, no singing, no chanting, no scene redesign, no character redesign, no panic."
自分で全部やらなければいけない、と思い込まなくても大丈夫です。,"Generate a still keyframe in retro-clean 2D illustrated lifestyle handbook style, warm domestic Japanese details, flat soft colors, clean outlines, minimal clutter, senior-friendly object clarity. Show a calm domestic preparation scene with a senior-safe clinic bag and small pouches. Setting: warm Japanese living room with minimal clutter. The image supports this spoken line about: 自分で全部やらなければいけない、と思い込まなくても大丈夫です。 Keep the composition simple, practical, and reassuring, with Japanese domestic or clinic-adjacent details only. Use object clarity and warm soft colors. No readable text, no numbers, no logos, no photorealism, no hospital emergency, no panic, no youth reduction.","Motion beat 100 uses solution_demo focus on prepared items. Use a steady close-up hold with slight settling toward prepared items; the camera drifts across the prepared items and settles on the pouch. Let the background remains still and uncluttered. Preserve the original illustration style, senior age cues, composition, and all source-image details. Do not create any new readable text. (Silent video, no audio). No speech, no lip sync, no direct-to-camera performance, no singing, no chanting, no scene redesign, no character redesign, no panic."
通院は、体のために行く大切な外出です。,"Generate a still keyframe in retro-clean 2D illustrated lifestyle handbook style, warm domestic Japanese details, flat soft colors, clean outlines, minimal clutter, senior-friendly object clarity. Show a calm domestic preparation scene with a senior-safe clinic bag and small pouches. Setting: warm Japanese living room with minimal clutter. The image supports this spoken line about: 通院は、体のために行く大切な外出です。 Keep the composition simple, practical, and reassuring, with Japanese domestic or clinic-adjacent details only. Use object clarity and warm soft colors. No readable text, no numbers, no logos, no photorealism, no hospital emergency, no panic, no youth reduction.","Motion beat 101 uses checklist focus on prepared items. Use a slow push-in toward prepared items; the camera drifts across the prepared items and settles on the pouch. Let soft morning light changes slightly. Preserve the original illustration style, senior age cues, composition, and all source-image details. Do not create any new readable text. (Silent video, no audio). No speech, no lip sync, no direct-to-camera performance, no singing, no chanting, no scene redesign, no character redesign, no panic."
だからこそ、無理なく続けられる形に整えていきましょう。,"Generate a still keyframe in retro-clean 2D illustrated lifestyle handbook style, warm domestic Japanese details, flat soft colors, clean outlines, minimal clutter, senior-friendly object clarity. Show a calm domestic preparation scene with a senior-safe clinic bag and small pouches. Setting: warm Japanese living room with minimal clutter. The image supports this spoken line about: だからこそ、無理なく続けられる形に整えていきましょう。 Keep the composition simple, practical, and reassuring, with Japanese domestic or clinic-adjacent details only. Use object clarity and warm soft colors. No readable text, no numbers, no logos, no photorealism, no hospital emergency, no panic, no youth reduction.","Motion beat 102 uses contrast focus on prepared items. Use a gentle left-to-right pan toward prepared items; the camera drifts across the prepared items and settles on the pouch. Let a curtain edge moves almost imperceptibly. Preserve the original illustration style, senior age cues, composition, and all source-image details. Do not create any new readable text. (Silent video, no audio). No speech, no lip sync, no direct-to-camera performance, no singing, no chanting, no scene redesign, no character redesign, no panic."
最後に、今日の内容を振り返ります。,"Generate a still keyframe in retro-clean 2D illustrated lifestyle handbook style, warm domestic Japanese details, flat soft colors, clean outlines, minimal clutter, senior-friendly object clarity. Show a calm domestic preparation scene with a senior-safe clinic bag and small pouches. Setting: warm Japanese living room with minimal clutter. The image supports this spoken line about: 最後に、今日の内容を振り返ります。 Keep the composition simple, practical, and reassuring, with Japanese domestic or clinic-adjacent details only. Use object clarity and warm soft colors. No readable text, no numbers, no logos, no photorealism, no hospital emergency, no panic, no youth reduction.","Motion beat 103 uses solution_demo focus on prepared items. Use a soft downward tilt toward prepared items; the camera drifts across the prepared items and settles on the pouch. Let subtle shadow movement keeps the frame calm. Preserve the original illustration style, senior age cues, composition, and all source-image details. Do not create any new readable text. (Silent video, no audio). No speech, no lip sync, no direct-to-camera performance, no singing, no chanting, no scene redesign, no character redesign, no panic."
通院の日の持ち物は、五つのまとまりで考えると整理しやすくなります。,"Generate a still keyframe in retro-clean 2D illustrated lifestyle handbook style, warm domestic Japanese details, flat soft colors, clean outlines, minimal clutter, senior-friendly object clarity. Show five small unlabeled pouches grouped neatly as a visual checklist without readable writing. Setting: Japanese dining table under soft light. The image supports this spoken line about: 通院の日の持ち物は、五つのまとまりで考えると整理しやすくなります。 Keep the composition simple, practical, and reassuring, with Japanese domestic or clinic-adjacent details only. Use object clarity and warm soft colors. No readable text, no numbers, no logos, no photorealism, no hospital emergency, no panic, no youth reduction.","Motion beat 104 uses expert_emphasis focus on organized pouches. Use a small parallax drift toward organized pouches; the pouches settle into a neat row without showing any readable writing. Let the background remains still and uncluttered. Preserve the original illustration style, senior age cues, composition, and all source-image details. Do not create any new readable text. (Silent video, no audio). No speech, no lip sync, no direct-to-camera performance, no singing, no chanting, no scene redesign, no character redesign, no panic."
受付セット、お薬セット、伝えるメモ、待ち時間セット、帰り道の安全セットです。,"Generate a still keyframe in retro-clean 2D illustrated lifestyle handbook style, warm domestic Japanese details, flat soft colors, clean outlines, minimal clutter, senior-friendly object clarity. Show wrinkled senior hands arranging generic blank reception cards and a small appointment paper into a clear pouch. Setting: Japanese dining table prepared the night before. The image supports this spoken line about: 受付セット、お薬セット、伝えるメモ、待ち時間セット、帰り道の安全セットです。 Keep the composition simple, practical, and reassuring, with Japanese domestic or clinic-adjacent details only. Use object clarity and warm soft colors. No readable text, no numbers, no logos, no photorealism, no hospital emergency, no panic, no youth reduction.","Motion beat 105 uses checklist focus on reception pouch. Use a steady close-up hold with slight settling toward reception pouch; the hands gently slide the pouch closer to the camera. Let soft morning light changes slightly. Preserve the original illustration style, senior age cues, composition, and all source-image details. Do not create any new readable text. (Silent video, no audio). No speech, no lip sync, no direct-to-camera performance, no singing, no chanting, no scene redesign, no character redesign, no panic."
完璧にそろえるよりも、いつも同じ場所にまとめることを大切にしてください。,"Generate a still keyframe in retro-clean 2D illustrated lifestyle handbook style, warm domestic Japanese details, flat soft colors, clean outlines, minimal clutter, senior-friendly object clarity. Show five small unlabeled pouches grouped neatly as a visual checklist without readable writing. Setting: Japanese dining table under soft light. The image supports this spoken line about: 完璧にそろえるよりも、いつも同じ場所にまとめることを大切にしてください。 Keep the composition simple, practical, and reassuring, with Japanese domestic or clinic-adjacent details only. Use object clarity and warm soft colors. No readable text, no numbers, no logos, no photorealism, no hospital emergency, no panic, no youth reduction.","Motion beat 106 uses solution_demo focus on organized pouches. Use a slow push-in toward organized pouches; the pouches settle into a neat row without showing any readable writing. Let a curtain edge moves almost imperceptibly. Preserve the original illustration style, senior age cues, composition, and all source-image details. Do not create any new readable text. (Silent video, no audio). No speech, no lip sync, no direct-to-camera performance, no singing, no chanting, no scene redesign, no character redesign, no panic."
次の通院前に、まずは診察券とお薬手帳だけでも、ひとつのポーチに入れてみましょう。,"Generate a still keyframe in retro-clean 2D illustrated lifestyle handbook style, warm domestic Japanese details, flat soft colors, clean outlines, minimal clutter, senior-friendly object clarity. Show wrinkled senior hands arranging generic blank reception cards and a small appointment paper into a clear pouch. Setting: Japanese dining table prepared the night before. The image supports this spoken line about: 次の通院前に、まずは診察券とお薬手帳だけでも、ひとつのポーチに入れてみましょう。 Keep the composition simple, practical, and reassuring, with Japanese domestic or clinic-adjacent details only. Use object clarity and warm soft colors. No readable text, no numbers, no logos, no photorealism, no hospital emergency, no panic, no youth reduction.","Motion beat 107 uses contrast focus on reception pouch. Use a gentle left-to-right pan toward reception pouch; the hands gently slide the pouch closer to the camera. Let subtle shadow movement keeps the frame calm. Preserve the original illustration style, senior age cues, composition, and all source-image details. Do not create any new readable text. (Silent video, no audio). No speech, no lip sync, no direct-to-camera performance, no singing, no chanting, no scene redesign, no character redesign, no panic."
少し早めに整えておくことが、落ち着いて出かける力になります。,"Generate a still keyframe in retro-clean 2D illustrated lifestyle handbook style, warm domestic Japanese details, flat soft colors, clean outlines, minimal clutter, senior-friendly object clarity. Show a calm domestic preparation scene with a senior-safe clinic bag and small pouches. Setting: warm Japanese living room with minimal clutter. The image supports this spoken line about: 少し早めに整えておくことが、落ち着いて出かける力になります。 Keep the composition simple, practical, and reassuring, with Japanese domestic or clinic-adjacent details only. Use object clarity and warm soft colors. No readable text, no numbers, no logos, no photorealism, no hospital emergency, no panic, no youth reduction.","Motion beat 108 uses checklist focus on prepared items. Use a soft downward tilt toward prepared items; the camera drifts across the prepared items and settles on the pouch. Let the background remains still and uncluttered. Preserve the original illustration style, senior age cues, composition, and all source-image details. Do not create any new readable text. (Silent video, no audio). No speech, no lip sync, no direct-to-camera performance, no singing, no chanting, no scene redesign, no character redesign, no panic."
無理のない範囲で、少しずつ準備を続けていきましょう。,"Generate a still keyframe in retro-clean 2D illustrated lifestyle handbook style, warm domestic Japanese details, flat soft colors, clean outlines, minimal clutter, senior-friendly object clarity. Show a calm domestic preparation scene with a senior-safe clinic bag and small pouches. Setting: warm Japanese living room with minimal clutter. The image supports this spoken line about: 無理のない範囲で、少しずつ準備を続けていきましょう。 Keep the composition simple, practical, and reassuring, with Japanese domestic or clinic-adjacent details only. Use object clarity and warm soft colors. No readable text, no numbers, no logos, no photorealism, no hospital emergency, no panic, no youth reduction.","Motion beat 109 uses expert_emphasis focus on prepared items. Use a small parallax drift toward prepared items; the camera drifts across the prepared items and settles on the pouch. Let soft morning light changes slightly. Preserve the original illustration style, senior age cues, composition, and all source-image details. Do not create any new readable text. (Silent video, no audio). No speech, no lip sync, no direct-to-camera performance, no singing, no chanting, no scene redesign, no character redesign, no panic."
これからも、みなさんの安心な暮らしに役立つ見直しをお届けします。,"Generate a still keyframe in retro-clean 2D illustrated lifestyle handbook style, warm domestic Japanese details, flat soft colors, clean outlines, minimal clutter, senior-friendly object clarity. Show a calm domestic preparation scene with a senior-safe clinic bag and small pouches. Setting: warm Japanese living room with minimal clutter. The image supports this spoken line about: これからも、みなさんの安心な暮らしに役立つ見直しをお届けします。 Keep the composition simple, practical, and reassuring, with Japanese domestic or clinic-adjacent details only. Use object clarity and warm soft colors. No readable text, no numbers, no logos, no photorealism, no hospital emergency, no panic, no youth reduction.","Motion beat 110 uses solution_demo focus on prepared items. Use a steady close-up hold with slight settling toward prepared items; the camera drifts across the prepared items and settles on the pouch. Let a curtain edge moves almost imperceptibly. Preserve the original illustration style, senior age cues, composition, and all source-image details. Do not create any new readable text. (Silent video, no audio). No speech, no lip sync, no direct-to-camera performance, no singing, no chanting, no scene redesign, no character redesign, no panic."
本日も最後までお付き合いいただき、ありがとうございました。,"Generate a still keyframe in retro-clean 2D illustrated lifestyle handbook style, warm domestic Japanese details, flat soft colors, clean outlines, minimal clutter, senior-friendly object clarity. Show a calm domestic preparation scene with a senior-safe clinic bag and small pouches. Setting: warm Japanese living room with minimal clutter. The image supports this spoken line about: 本日も最後までお付き合いいただき、ありがとうございました。 Keep the composition simple, practical, and reassuring, with Japanese domestic or clinic-adjacent details only. Use object clarity and warm soft colors. No readable text, no numbers, no logos, no photorealism, no hospital emergency, no panic, no youth reduction.","Motion beat 111 uses checklist focus on prepared items. Use a slow push-in toward prepared items; the camera drifts across the prepared items and settles on the pouch. Let subtle shadow movement keeps the frame calm. Preserve the original illustration style, senior age cues, composition, and all source-image details. Do not create any new readable text. (Silent video, no audio). No speech, no lip sync, no direct-to-camera performance, no singing, no chanting, no scene redesign, no character redesign, no panic."
