unit_index,scene_group_id,scene_archetype,host_usage,visible_text_policy,visible_text_exact,prompt_mode,line_context_frame,prompt_img_nano
0,opening,everyday_example,no_host,no_readable_text,,text_to_image,"{""semantic_target"": ""朝、目が覚めた瞬間から、もう体が重い。"", ""visualizable_core"": ""heavy morning scene"", ""scene_function"": ""everyday_example"", ""subject_lock"": ""visible Japanese senior daily-life subject or object-focused cue"", ""context_lock"": ""opening"", ""visible_text_need"": ""none"", ""risk_guardrails"": ""no panic, no diagnosis, no repeated vid_001/vid_002 scenes"", ""demographic_lock"": ""silver-gray hair, wrinkles, weathered hands, age-appropriate posture""}","Generate a clean editorial manga illustration in a seinen soft educational style, old-school two-dimensional anime influence, clean ink line art, restrained screentone, flat soft low-saturation colors, warm neutral accents, panel-like clarity, low clutter. A visibly elderly Japanese senior with silver-gray hair, fine wrinkles around the eyes, slightly weathered hands, and relaxed age-appropriate posture sitting quietly at the edge of a bed or futon in a dim morning Japanese room, body feeling heavy but safe and calm. Closed curtains with faint dawn light, rumpled bedding, no medical emergency cues. Keep ordinary Japanese domestic cues, practical senior clothing, soft low-saturation colors, and clear panel-like composition. The image should support this narration beat: 朝、目が覚めた瞬間から、もう体が重い。 No readable text, no numerals, no speech bubbles, no subtitles, avoid photorealism, avoid panic, avoid youthful skin or youthful posture."
1,opening,everyday_example,no_host,no_readable_text,,text_to_image,"{""semantic_target"": ""布団の中で十分休んだはずなのに、起きる気力がなかなか湧いてこない。"", ""visualizable_core"": ""heavy morning scene"", ""scene_function"": ""everyday_example"", ""subject_lock"": ""visible Japanese senior daily-life subject or object-focused cue"", ""context_lock"": ""opening"", ""visible_text_need"": ""none"", ""risk_guardrails"": ""no panic, no diagnosis, no repeated vid_001/vid_002 scenes"", ""demographic_lock"": ""silver-gray hair, wrinkles, weathered hands, age-appropriate posture""}","Generate a clean editorial manga illustration in a seinen soft educational style, old-school two-dimensional anime influence, clean ink line art, restrained screentone, flat soft low-saturation colors, warm neutral accents, panel-like clarity, low clutter. A visibly elderly Japanese senior with silver-gray hair, fine wrinkles around the eyes, slightly weathered hands, and relaxed age-appropriate posture sitting quietly at the edge of a bed or futon in a dim morning Japanese room, body feeling heavy but safe and calm. Closed curtains with faint dawn light, rumpled bedding, no medical emergency cues. Keep ordinary Japanese domestic cues, practical senior clothing, soft low-saturation colors, and clear panel-like composition. The image should support this narration beat: 布団の中で十分休んだはずなのに、起きる気力がなかなか湧いてこない。 No readable text, no numerals, no speech bubbles, no subtitles, avoid photorealism, avoid panic, avoid youthful skin or youthful posture."
2,opening,everyday_example,no_host,no_readable_text,,text_to_image,"{""semantic_target"": ""そんな朝が、何日も続いていませんか。"", ""visualizable_core"": ""heavy morning scene"", ""scene_function"": ""everyday_example"", ""subject_lock"": ""visible Japanese senior daily-life subject or object-focused cue"", ""context_lock"": ""opening"", ""visible_text_need"": ""none"", ""risk_guardrails"": ""no panic, no diagnosis, no repeated vid_001/vid_002 scenes"", ""demographic_lock"": ""silver-gray hair, wrinkles, weathered hands, age-appropriate posture""}","Generate a clean editorial manga illustration in a seinen soft educational style, old-school two-dimensional anime influence, clean ink line art, restrained screentone, flat soft low-saturation colors, warm neutral accents, panel-like clarity, low clutter. A visibly elderly Japanese senior with silver-gray hair, fine wrinkles around the eyes, slightly weathered hands, and relaxed age-appropriate posture sitting quietly at the edge of a bed or futon in a dim morning Japanese room, body feeling heavy but safe and calm. Closed curtains with faint dawn light, rumpled bedding, no medical emergency cues. Keep ordinary Japanese domestic cues, practical senior clothing, soft low-saturation colors, and clear panel-like composition. The image should support this narration beat: そんな朝が、何日も続いていませんか。 No readable text, no numerals, no speech bubbles, no subtitles, avoid photorealism, avoid panic, avoid youthful skin or youthful posture."
3,opening,everyday_example,no_host,no_readable_text,,text_to_image,"{""semantic_target"": ""年齢のせいだから仕方ない、と片づけたくなることもありますよね。"", ""visualizable_core"": ""heavy morning scene"", ""scene_function"": ""everyday_example"", ""subject_lock"": ""visible Japanese senior daily-life subject or object-focused cue"", ""context_lock"": ""opening"", ""visible_text_need"": ""none"", ""risk_guardrails"": ""no panic, no diagnosis, no repeated vid_001/vid_002 scenes"", ""demographic_lock"": ""silver-gray hair, wrinkles, weathered hands, age-appropriate posture""}","Generate a clean editorial manga illustration in a seinen soft educational style, old-school two-dimensional anime influence, clean ink line art, restrained screentone, flat soft low-saturation colors, warm neutral accents, panel-like clarity, low clutter. A visibly elderly Japanese senior with silver-gray hair, fine wrinkles around the eyes, slightly weathered hands, and relaxed age-appropriate posture sitting quietly at the edge of a bed or futon in a dim morning Japanese room, body feeling heavy but safe and calm. Closed curtains with faint dawn light, rumpled bedding, no medical emergency cues. Keep ordinary Japanese domestic cues, practical senior clothing, soft low-saturation colors, and clear panel-like composition. The image should support this narration beat: 年齢のせいだから仕方ない、と片づけたくなることもありますよね。 No readable text, no numerals, no speech bubbles, no subtitles, avoid photorealism, avoid panic, avoid youthful skin or youthful posture."
4,opening,everyday_example,no_host,no_readable_text,,text_to_image,"{""semantic_target"": ""でも、朝のだるさには、暮らしの中で見直せる手がかりが隠れていることがあります。"", ""visualizable_core"": ""heavy morning scene"", ""scene_function"": ""everyday_example"", ""subject_lock"": ""visible Japanese senior daily-life subject or object-focused cue"", ""context_lock"": ""opening"", ""visible_text_need"": ""none"", ""risk_guardrails"": ""no panic, no diagnosis, no repeated vid_001/vid_002 scenes"", ""demographic_lock"": ""silver-gray hair, wrinkles, weathered hands, age-appropriate posture""}","Generate a clean editorial manga illustration in a seinen soft educational style, old-school two-dimensional anime influence, clean ink line art, restrained screentone, flat soft low-saturation colors, warm neutral accents, panel-like clarity, low clutter. A visibly elderly Japanese senior with silver-gray hair, fine wrinkles around the eyes, slightly weathered hands, and relaxed age-appropriate posture sitting quietly at the edge of a bed or futon in a dim morning Japanese room, body feeling heavy but safe and calm. Closed curtains with faint dawn light, rumpled bedding, no medical emergency cues. Keep ordinary Japanese domestic cues, practical senior clothing, soft low-saturation colors, and clear panel-like composition. The image should support this narration beat: でも、朝のだるさには、暮らしの中で見直せる手がかりが隠れていることがあります。 No readable text, no numerals, no speech bubbles, no subtitles, avoid photorealism, avoid panic, avoid youthful skin or youthful posture."
5,three_points,comparison_pair,no_host,no_readable_text,,text_to_image,"{""semantic_target"": ""今日の動画では、朝のだるさが続く方に確認していただきたいことを、三つに絞ってお話しします。"", ""visualizable_core"": ""three gentle review areas"", ""scene_function"": ""comparison_pair"", ""subject_lock"": ""visible Japanese senior daily-life subject or object-focused cue"", ""context_lock"": ""three_points"", ""visible_text_need"": ""none"", ""risk_guardrails"": ""no panic, no diagnosis, no repeated vid_001/vid_002 scenes"", ""demographic_lock"": ""silver-gray hair, wrinkles, weathered hands, age-appropriate posture""}","Generate a clean editorial manga illustration in a seinen soft educational style, old-school two-dimensional anime influence, clean ink line art, restrained screentone, flat soft low-saturation colors, warm neutral accents, panel-like clarity, low clutter. A clean side-by-side educational composition showing morning window light, quiet bedroom, and a simple notebook without any text. Balanced panel-like layout, Japanese home cues, clear but not infographic-like. Keep ordinary Japanese domestic cues, practical senior clothing, soft low-saturation colors, and clear panel-like composition. The image should support this narration beat: 今日の動画では、朝のだるさが続く方に確認していただきたいことを、三つに絞ってお話しします。 No readable text, no numerals, no speech bubbles, no subtitles, avoid photorealism, avoid panic, avoid youthful skin or youthful posture."
6,morning_light,everyday_example,no_host,no_readable_text,,text_to_image,"{""semantic_target"": ""一つ目は、朝の光の入れ方。"", ""visualizable_core"": ""window daylight and curtain"", ""scene_function"": ""everyday_example"", ""subject_lock"": ""visible Japanese senior daily-life subject or object-focused cue"", ""context_lock"": ""morning_light"", ""visible_text_need"": ""none"", ""risk_guardrails"": ""no panic, no diagnosis, no repeated vid_001/vid_002 scenes"", ""demographic_lock"": ""silver-gray hair, wrinkles, weathered hands, age-appropriate posture""}","Generate a clean editorial manga illustration in a seinen soft educational style, old-school two-dimensional anime influence, clean ink line art, restrained screentone, flat soft low-saturation colors, warm neutral accents, panel-like clarity, low clutter. A visibly elderly Japanese senior with silver-gray hair, fine wrinkles around the eyes, slightly weathered hands, and relaxed age-appropriate posture gently opening curtains or sitting near a bright window in an ordinary Japanese apartment morning, showing natural daylight without rushing. Soft dawn-to-morning light, tidy tatami or simple bedroom/living room details, practical senior home clothing, low clutter. Keep ordinary Japanese domestic cues, practical senior clothing, soft low-saturation colors, and clear panel-like composition. The image should support this narration beat: 一つ目は、朝の光の入れ方。 No readable text, no numerals, no speech bubbles, no subtitles, avoid photorealism, avoid panic, avoid youthful skin or youthful posture."
7,night_environment,environment_bridge,no_host,no_readable_text,,text_to_image,"{""semantic_target"": ""二つ目は、前の晩の寝室の整え方。"", ""visualizable_core"": ""bedroom environment"", ""scene_function"": ""environment_bridge"", ""subject_lock"": ""visible Japanese senior daily-life subject or object-focused cue"", ""context_lock"": ""night_environment"", ""visible_text_need"": ""none"", ""risk_guardrails"": ""no panic, no diagnosis, no repeated vid_001/vid_002 scenes"", ""demographic_lock"": ""silver-gray hair, wrinkles, weathered hands, age-appropriate posture""}","Generate a clean editorial manga illustration in a seinen soft educational style, old-school two-dimensional anime influence, clean ink line art, restrained screentone, flat soft low-saturation colors, warm neutral accents, panel-like clarity, low clutter. A quiet Japanese bedroom scene with a visibly elderly Japanese senior with silver-gray hair, fine wrinkles around the eyes, slightly weathered hands, and relaxed age-appropriate posture preparing a calmer sleep environment, dim warm lamp, smartphone placed away from the pillow, bedding arranged neatly. Evening atmosphere, darkened room, calm household props, no visible screen content. Keep ordinary Japanese domestic cues, practical senior clothing, soft low-saturation colors, and clear panel-like composition. The image should support this narration beat: 二つ目は、前の晩の寝室の整え方。 No readable text, no numerals, no speech bubbles, no subtitles, avoid photorealism, avoid panic, avoid youthful skin or youthful posture."
8,record_consult,object_focus,no_host,no_readable_text,,text_to_image,"{""semantic_target"": ""三つ目は、だるさが続くときの記録と相談の目安です。"", ""visualizable_core"": ""simple notebook and consultation cue"", ""scene_function"": ""object_focus"", ""subject_lock"": ""visible Japanese senior daily-life subject or object-focused cue"", ""context_lock"": ""record_consult"", ""visible_text_need"": ""none"", ""risk_guardrails"": ""no panic, no diagnosis, no repeated vid_001/vid_002 scenes"", ""demographic_lock"": ""silver-gray hair, wrinkles, weathered hands, age-appropriate posture""}","Generate a clean editorial manga illustration in a seinen soft educational style, old-school two-dimensional anime influence, clean ink line art, restrained screentone, flat soft low-saturation colors, warm neutral accents, panel-like clarity, low clutter. A close calm view of weathered senior hands writing simple marks in a small notebook, or holding it during an ordinary routine clinic consultation context. Ordinary Japanese home table or calm clinic waiting space, blank-looking notebook pages with no readable text. Keep ordinary Japanese domestic cues, practical senior clothing, soft low-saturation colors, and clear panel-like composition. The image should support this narration beat: 三つ目は、だるさが続くときの記録と相談の目安です。 No readable text, no numerals, no speech bubbles, no subtitles, avoid photorealism, avoid panic, avoid youthful skin or youthful posture."
9,opening,everyday_example,no_host,no_readable_text,,text_to_image,"{""semantic_target"": ""今回は、前の二本で扱った朝の基本動作や食事の話を、ここでは繰り返しません。"", ""visualizable_core"": ""heavy morning scene"", ""scene_function"": ""everyday_example"", ""subject_lock"": ""visible Japanese senior daily-life subject or object-focused cue"", ""context_lock"": ""opening"", ""visible_text_need"": ""none"", ""risk_guardrails"": ""no panic, no diagnosis, no repeated vid_001/vid_002 scenes"", ""demographic_lock"": ""silver-gray hair, wrinkles, weathered hands, age-appropriate posture""}","Generate a clean editorial manga illustration in a seinen soft educational style, old-school two-dimensional anime influence, clean ink line art, restrained screentone, flat soft low-saturation colors, warm neutral accents, panel-like clarity, low clutter. A visibly elderly Japanese senior with silver-gray hair, fine wrinkles around the eyes, slightly weathered hands, and relaxed age-appropriate posture sitting quietly at the edge of a bed or futon in a dim morning Japanese room, body feeling heavy but safe and calm. Closed curtains with faint dawn light, rumpled bedding, no medical emergency cues. Keep ordinary Japanese domestic cues, practical senior clothing, soft low-saturation colors, and clear panel-like composition. The image should support this narration beat: 今回は、前の二本で扱った朝の基本動作や食事の話を、ここでは繰り返しません。 No readable text, no numerals, no speech bubbles, no subtitles, avoid photorealism, avoid panic, avoid youthful skin or youthful posture."
10,opening,everyday_example,no_host,no_readable_text,,text_to_image,"{""semantic_target"": ""そこは大切ですが、今日は別の角度から、朝の重さを見ていきましょう。"", ""visualizable_core"": ""heavy morning scene"", ""scene_function"": ""everyday_example"", ""subject_lock"": ""visible Japanese senior daily-life subject or object-focused cue"", ""context_lock"": ""opening"", ""visible_text_need"": ""none"", ""risk_guardrails"": ""no panic, no diagnosis, no repeated vid_001/vid_002 scenes"", ""demographic_lock"": ""silver-gray hair, wrinkles, weathered hands, age-appropriate posture""}","Generate a clean editorial manga illustration in a seinen soft educational style, old-school two-dimensional anime influence, clean ink line art, restrained screentone, flat soft low-saturation colors, warm neutral accents, panel-like clarity, low clutter. A visibly elderly Japanese senior with silver-gray hair, fine wrinkles around the eyes, slightly weathered hands, and relaxed age-appropriate posture sitting quietly at the edge of a bed or futon in a dim morning Japanese room, body feeling heavy but safe and calm. Closed curtains with faint dawn light, rumpled bedding, no medical emergency cues. Keep ordinary Japanese domestic cues, practical senior clothing, soft low-saturation colors, and clear panel-like composition. The image should support this narration beat: そこは大切ですが、今日は別の角度から、朝の重さを見ていきましょう。 No readable text, no numerals, no speech bubbles, no subtitles, avoid photorealism, avoid panic, avoid youthful skin or youthful posture."
11,opening,everyday_example,no_host,no_readable_text,,text_to_image,"{""semantic_target"": ""まず知っておきたいのは、朝のだるさは、気合いの問題だけではないということです。"", ""visualizable_core"": ""heavy morning scene"", ""scene_function"": ""everyday_example"", ""subject_lock"": ""visible Japanese senior daily-life subject or object-focused cue"", ""context_lock"": ""opening"", ""visible_text_need"": ""none"", ""risk_guardrails"": ""no panic, no diagnosis, no repeated vid_001/vid_002 scenes"", ""demographic_lock"": ""silver-gray hair, wrinkles, weathered hands, age-appropriate posture""}","Generate a clean editorial manga illustration in a seinen soft educational style, old-school two-dimensional anime influence, clean ink line art, restrained screentone, flat soft low-saturation colors, warm neutral accents, panel-like clarity, low clutter. A visibly elderly Japanese senior with silver-gray hair, fine wrinkles around the eyes, slightly weathered hands, and relaxed age-appropriate posture sitting quietly at the edge of a bed or futon in a dim morning Japanese room, body feeling heavy but safe and calm. Closed curtains with faint dawn light, rumpled bedding, no medical emergency cues. Keep ordinary Japanese domestic cues, practical senior clothing, soft low-saturation colors, and clear panel-like composition. The image should support this narration beat: まず知っておきたいのは、朝のだるさは、気合いの問題だけではないということです。 No readable text, no numerals, no speech bubbles, no subtitles, avoid photorealism, avoid panic, avoid youthful skin or youthful posture."
12,explanation,process_metaphor,no_host,no_readable_text,,text_to_image,"{""semantic_target"": ""体には、一日のリズムを作る時計のような働きがあります。"", ""visualizable_core"": ""senior wellness explanation"", ""scene_function"": ""process_metaphor"", ""subject_lock"": ""visible Japanese senior daily-life subject or object-focused cue"", ""context_lock"": ""explanation"", ""visible_text_need"": ""none"", ""risk_guardrails"": ""no panic, no diagnosis, no repeated vid_001/vid_002 scenes"", ""demographic_lock"": ""silver-gray hair, wrinkles, weathered hands, age-appropriate posture""}","Generate a clean editorial manga illustration in a seinen soft educational style, old-school two-dimensional anime influence, clean ink line art, restrained screentone, flat soft low-saturation colors, warm neutral accents, panel-like clarity, low clutter. A calm educational metaphor scene for senior wellness, showing the body clock as soft morning light entering a Japanese home with a visibly elderly Japanese senior with silver-gray hair, fine wrinkles around the eyes, slightly weathered hands, and relaxed age-appropriate posture nearby. Low-clutter symbolic composition, no fake scientific proof, no medical devices. Keep ordinary Japanese domestic cues, practical senior clothing, soft low-saturation colors, and clear panel-like composition. The image should support this narration beat: 体には、一日のリズムを作る時計のような働きがあります。 No readable text, no numerals, no speech bubbles, no subtitles, avoid photorealism, avoid panic, avoid youthful skin or youthful posture."
13,night_environment,environment_bridge,no_host,no_readable_text,,text_to_image,"{""semantic_target"": ""この時計がうまく朝に合わないと、目は覚めていても、体の中はまだ夜の続きのようになります。"", ""visualizable_core"": ""bedroom environment"", ""scene_function"": ""environment_bridge"", ""subject_lock"": ""visible Japanese senior daily-life subject or object-focused cue"", ""context_lock"": ""night_environment"", ""visible_text_need"": ""none"", ""risk_guardrails"": ""no panic, no diagnosis, no repeated vid_001/vid_002 scenes"", ""demographic_lock"": ""silver-gray hair, wrinkles, weathered hands, age-appropriate posture""}","Generate a clean editorial manga illustration in a seinen soft educational style, old-school two-dimensional anime influence, clean ink line art, restrained screentone, flat soft low-saturation colors, warm neutral accents, panel-like clarity, low clutter. A quiet Japanese bedroom scene with a visibly elderly Japanese senior with silver-gray hair, fine wrinkles around the eyes, slightly weathered hands, and relaxed age-appropriate posture preparing a calmer sleep environment, dim warm lamp, smartphone placed away from the pillow, bedding arranged neatly. Evening atmosphere, darkened room, calm household props, no visible screen content. Keep ordinary Japanese domestic cues, practical senior clothing, soft low-saturation colors, and clear panel-like composition. The image should support this narration beat: この時計がうまく朝に合わないと、目は覚めていても、体の中はまだ夜の続きのようになります。 No readable text, no numerals, no speech bubbles, no subtitles, avoid photorealism, avoid panic, avoid youthful skin or youthful posture."
14,explanation,environment_bridge,no_host,no_readable_text,,text_to_image,"{""semantic_target"": ""さらに、前の晩の眠りが浅かったり、途中で何度も目が覚めたりすると、朝の回復感が弱くなります。"", ""visualizable_core"": ""senior wellness explanation"", ""scene_function"": ""environment_bridge"", ""subject_lock"": ""visible Japanese senior daily-life subject or object-focused cue"", ""context_lock"": ""explanation"", ""visible_text_need"": ""none"", ""risk_guardrails"": ""no panic, no diagnosis, no repeated vid_001/vid_002 scenes"", ""demographic_lock"": ""silver-gray hair, wrinkles, weathered hands, age-appropriate posture""}","Generate a clean editorial manga illustration in a seinen soft educational style, old-school two-dimensional anime influence, clean ink line art, restrained screentone, flat soft low-saturation colors, warm neutral accents, panel-like clarity, low clutter. A calm educational metaphor scene for senior wellness, showing the body clock as soft morning light entering a Japanese home with a visibly elderly Japanese senior with silver-gray hair, fine wrinkles around the eyes, slightly weathered hands, and relaxed age-appropriate posture nearby. Low-clutter symbolic composition, no fake scientific proof, no medical devices. Keep ordinary Japanese domestic cues, practical senior clothing, soft low-saturation colors, and clear panel-like composition. The image should support this narration beat: さらに、前の晩の眠りが浅かったり、途中で何度も目が覚めたりすると、朝の回復感が弱くなります。 No readable text, no numerals, no speech bubbles, no subtitles, avoid photorealism, avoid panic, avoid youthful skin or youthful posture."
15,explanation,everyday_example,no_host,no_readable_text,,text_to_image,"{""semantic_target"": ""自分では寝たつもりでも、体はあまり休めていないことがあるんですね。"", ""visualizable_core"": ""senior wellness explanation"", ""scene_function"": ""everyday_example"", ""subject_lock"": ""visible Japanese senior daily-life subject or object-focused cue"", ""context_lock"": ""explanation"", ""visible_text_need"": ""none"", ""risk_guardrails"": ""no panic, no diagnosis, no repeated vid_001/vid_002 scenes"", ""demographic_lock"": ""silver-gray hair, wrinkles, weathered hands, age-appropriate posture""}","Generate a clean editorial manga illustration in a seinen soft educational style, old-school two-dimensional anime influence, clean ink line art, restrained screentone, flat soft low-saturation colors, warm neutral accents, panel-like clarity, low clutter. A calm educational metaphor scene for senior wellness, showing the body clock as soft morning light entering a Japanese home with a visibly elderly Japanese senior with silver-gray hair, fine wrinkles around the eyes, slightly weathered hands, and relaxed age-appropriate posture nearby. Low-clutter symbolic composition, no fake scientific proof, no medical devices. Keep ordinary Japanese domestic cues, practical senior clothing, soft low-saturation colors, and clear panel-like composition. The image should support this narration beat: 自分では寝たつもりでも、体はあまり休めていないことがあるんですね。 No readable text, no numerals, no speech bubbles, no subtitles, avoid photorealism, avoid panic, avoid youthful skin or youthful posture."
16,record_consult,object_focus,no_host,no_readable_text,,text_to_image,"{""semantic_target"": ""だから、朝だけを見ても、原因がわかりにくいことがあります。"", ""visualizable_core"": ""simple notebook and consultation cue"", ""scene_function"": ""object_focus"", ""subject_lock"": ""visible Japanese senior daily-life subject or object-focused cue"", ""context_lock"": ""record_consult"", ""visible_text_need"": ""none"", ""risk_guardrails"": ""no panic, no diagnosis, no repeated vid_001/vid_002 scenes"", ""demographic_lock"": ""silver-gray hair, wrinkles, weathered hands, age-appropriate posture""}","Generate a clean editorial manga illustration in a seinen soft educational style, old-school two-dimensional anime influence, clean ink line art, restrained screentone, flat soft low-saturation colors, warm neutral accents, panel-like clarity, low clutter. A close calm view of weathered senior hands writing simple marks in a small notebook, or holding it during an ordinary routine clinic consultation context. Ordinary Japanese home table or calm clinic waiting space, blank-looking notebook pages with no readable text. Keep ordinary Japanese domestic cues, practical senior clothing, soft low-saturation colors, and clear panel-like composition. The image should support this narration beat: だから、朝だけを見ても、原因がわかりにくいことがあります。 No readable text, no numerals, no speech bubbles, no subtitles, avoid photorealism, avoid panic, avoid youthful skin or youthful posture."
17,night_environment,environment_bridge,no_host,no_readable_text,,text_to_image,"{""semantic_target"": ""朝、夜、そして体からのサインを、落ち着いて分けて見ていくことが大切です。"", ""visualizable_core"": ""bedroom environment"", ""scene_function"": ""environment_bridge"", ""subject_lock"": ""visible Japanese senior daily-life subject or object-focused cue"", ""context_lock"": ""night_environment"", ""visible_text_need"": ""none"", ""risk_guardrails"": ""no panic, no diagnosis, no repeated vid_001/vid_002 scenes"", ""demographic_lock"": ""silver-gray hair, wrinkles, weathered hands, age-appropriate posture""}","Generate a clean editorial manga illustration in a seinen soft educational style, old-school two-dimensional anime influence, clean ink line art, restrained screentone, flat soft low-saturation colors, warm neutral accents, panel-like clarity, low clutter. A quiet Japanese bedroom scene with a visibly elderly Japanese senior with silver-gray hair, fine wrinkles around the eyes, slightly weathered hands, and relaxed age-appropriate posture preparing a calmer sleep environment, dim warm lamp, smartphone placed away from the pillow, bedding arranged neatly. Evening atmosphere, darkened room, calm household props, no visible screen content. Keep ordinary Japanese domestic cues, practical senior clothing, soft low-saturation colors, and clear panel-like composition. The image should support this narration beat: 朝、夜、そして体からのサインを、落ち着いて分けて見ていくことが大切です。 No readable text, no numerals, no speech bubbles, no subtitles, avoid photorealism, avoid panic, avoid youthful skin or youthful posture."
18,three_points,comparison_pair,no_host,no_readable_text,,text_to_image,"{""semantic_target"": ""では、一つ目の見直しです。"", ""visualizable_core"": ""three gentle review areas"", ""scene_function"": ""comparison_pair"", ""subject_lock"": ""visible Japanese senior daily-life subject or object-focused cue"", ""context_lock"": ""three_points"", ""visible_text_need"": ""none"", ""risk_guardrails"": ""no panic, no diagnosis, no repeated vid_001/vid_002 scenes"", ""demographic_lock"": ""silver-gray hair, wrinkles, weathered hands, age-appropriate posture""}","Generate a clean editorial manga illustration in a seinen soft educational style, old-school two-dimensional anime influence, clean ink line art, restrained screentone, flat soft low-saturation colors, warm neutral accents, panel-like clarity, low clutter. A clean side-by-side educational composition showing morning window light, quiet bedroom, and a simple notebook without any text. Balanced panel-like layout, Japanese home cues, clear but not infographic-like. Keep ordinary Japanese domestic cues, practical senior clothing, soft low-saturation colors, and clear panel-like composition. The image should support this narration beat: では、一つ目の見直しです。 No readable text, no numerals, no speech bubbles, no subtitles, avoid photorealism, avoid panic, avoid youthful skin or youthful posture."
19,explanation,environment_bridge,no_host,no_readable_text,,text_to_image,"{""semantic_target"": ""朝、部屋が暗いまま長い時間を過ごしていませんか。"", ""visualizable_core"": ""senior wellness explanation"", ""scene_function"": ""environment_bridge"", ""subject_lock"": ""visible Japanese senior daily-life subject or object-focused cue"", ""context_lock"": ""explanation"", ""visible_text_need"": ""none"", ""risk_guardrails"": ""no panic, no diagnosis, no repeated vid_001/vid_002 scenes"", ""demographic_lock"": ""silver-gray hair, wrinkles, weathered hands, age-appropriate posture""}","Generate a clean editorial manga illustration in a seinen soft educational style, old-school two-dimensional anime influence, clean ink line art, restrained screentone, flat soft low-saturation colors, warm neutral accents, panel-like clarity, low clutter. A calm educational metaphor scene for senior wellness, showing the body clock as soft morning light entering a Japanese home with a visibly elderly Japanese senior with silver-gray hair, fine wrinkles around the eyes, slightly weathered hands, and relaxed age-appropriate posture nearby. Low-clutter symbolic composition, no fake scientific proof, no medical devices. Keep ordinary Japanese domestic cues, practical senior clothing, soft low-saturation colors, and clear panel-like composition. The image should support this narration beat: 朝、部屋が暗いまま長い時間を過ごしていませんか。 No readable text, no numerals, no speech bubbles, no subtitles, avoid photorealism, avoid panic, avoid youthful skin or youthful posture."
20,morning_light,everyday_example,no_host,no_readable_text,,text_to_image,"{""semantic_target"": ""起きてもカーテンを閉めたまま、薄暗い部屋でぼんやり座っている。"", ""visualizable_core"": ""window daylight and curtain"", ""scene_function"": ""everyday_example"", ""subject_lock"": ""visible Japanese senior daily-life subject or object-focused cue"", ""context_lock"": ""morning_light"", ""visible_text_need"": ""none"", ""risk_guardrails"": ""no panic, no diagnosis, no repeated vid_001/vid_002 scenes"", ""demographic_lock"": ""silver-gray hair, wrinkles, weathered hands, age-appropriate posture""}","Generate a clean editorial manga illustration in a seinen soft educational style, old-school two-dimensional anime influence, clean ink line art, restrained screentone, flat soft low-saturation colors, warm neutral accents, panel-like clarity, low clutter. A visibly elderly Japanese senior with silver-gray hair, fine wrinkles around the eyes, slightly weathered hands, and relaxed age-appropriate posture gently opening curtains or sitting near a bright window in an ordinary Japanese apartment morning, showing natural daylight without rushing. Soft dawn-to-morning light, tidy tatami or simple bedroom/living room details, practical senior home clothing, low clutter. Keep ordinary Japanese domestic cues, practical senior clothing, soft low-saturation colors, and clear panel-like composition. The image should support this narration beat: 起きてもカーテンを閉めたまま、薄暗い部屋でぼんやり座っている。 No readable text, no numerals, no speech bubbles, no subtitles, avoid photorealism, avoid panic, avoid youthful skin or youthful posture."
21,morning_light,everyday_example,no_host,no_readable_text,,text_to_image,"{""semantic_target"": ""雨戸や遮光カーテンを閉めたまま、気がつくと午前中が過ぎている。"", ""visualizable_core"": ""window daylight and curtain"", ""scene_function"": ""everyday_example"", ""subject_lock"": ""visible Japanese senior daily-life subject or object-focused cue"", ""context_lock"": ""morning_light"", ""visible_text_need"": ""none"", ""risk_guardrails"": ""no panic, no diagnosis, no repeated vid_001/vid_002 scenes"", ""demographic_lock"": ""silver-gray hair, wrinkles, weathered hands, age-appropriate posture""}","Generate a clean editorial manga illustration in a seinen soft educational style, old-school two-dimensional anime influence, clean ink line art, restrained screentone, flat soft low-saturation colors, warm neutral accents, panel-like clarity, low clutter. A visibly elderly Japanese senior with silver-gray hair, fine wrinkles around the eyes, slightly weathered hands, and relaxed age-appropriate posture gently opening curtains or sitting near a bright window in an ordinary Japanese apartment morning, showing natural daylight without rushing. Soft dawn-to-morning light, tidy tatami or simple bedroom/living room details, practical senior home clothing, low clutter. Keep ordinary Japanese domestic cues, practical senior clothing, soft low-saturation colors, and clear panel-like composition. The image should support this narration beat: 雨戸や遮光カーテンを閉めたまま、気がつくと午前中が過ぎている。 No readable text, no numerals, no speech bubbles, no subtitles, avoid photorealism, avoid panic, avoid youthful skin or youthful posture."
22,explanation,process_metaphor,no_host,no_readable_text,,text_to_image,"{""semantic_target"": ""こういう朝は、体の時計に、朝が来たという合図が届きにくくなります。"", ""visualizable_core"": ""senior wellness explanation"", ""scene_function"": ""process_metaphor"", ""subject_lock"": ""visible Japanese senior daily-life subject or object-focused cue"", ""context_lock"": ""explanation"", ""visible_text_need"": ""none"", ""risk_guardrails"": ""no panic, no diagnosis, no repeated vid_001/vid_002 scenes"", ""demographic_lock"": ""silver-gray hair, wrinkles, weathered hands, age-appropriate posture""}","Generate a clean editorial manga illustration in a seinen soft educational style, old-school two-dimensional anime influence, clean ink line art, restrained screentone, flat soft low-saturation colors, warm neutral accents, panel-like clarity, low clutter. A calm educational metaphor scene for senior wellness, showing the body clock as soft morning light entering a Japanese home with a visibly elderly Japanese senior with silver-gray hair, fine wrinkles around the eyes, slightly weathered hands, and relaxed age-appropriate posture nearby. Low-clutter symbolic composition, no fake scientific proof, no medical devices. Keep ordinary Japanese domestic cues, practical senior clothing, soft low-saturation colors, and clear panel-like composition. The image should support this narration beat: こういう朝は、体の時計に、朝が来たという合図が届きにくくなります。 No readable text, no numerals, no speech bubbles, no subtitles, avoid photorealism, avoid panic, avoid youthful skin or youthful posture."
23,morning_light,everyday_example,no_host,no_readable_text,,text_to_image,"{""semantic_target"": ""厚生労働省の睡眠に関する情報でも、朝から午前中の光は、体内時計を整えるうえで大切だとされています。"", ""visualizable_core"": ""window daylight and curtain"", ""scene_function"": ""everyday_example"", ""subject_lock"": ""visible Japanese senior daily-life subject or object-focused cue"", ""context_lock"": ""morning_light"", ""visible_text_need"": ""none"", ""risk_guardrails"": ""no panic, no diagnosis, no repeated vid_001/vid_002 scenes"", ""demographic_lock"": ""silver-gray hair, wrinkles, weathered hands, age-appropriate posture""}","Generate a clean editorial manga illustration in a seinen soft educational style, old-school two-dimensional anime influence, clean ink line art, restrained screentone, flat soft low-saturation colors, warm neutral accents, panel-like clarity, low clutter. A visibly elderly Japanese senior with silver-gray hair, fine wrinkles around the eyes, slightly weathered hands, and relaxed age-appropriate posture gently opening curtains or sitting near a bright window in an ordinary Japanese apartment morning, showing natural daylight without rushing. Soft dawn-to-morning light, tidy tatami or simple bedroom/living room details, practical senior home clothing, low clutter. Keep ordinary Japanese domestic cues, practical senior clothing, soft low-saturation colors, and clear panel-like composition. The image should support this narration beat: 厚生労働省の睡眠に関する情報でも、朝から午前中の光は、体内時計を整えるうえで大切だとされています。 No readable text, no numerals, no speech bubbles, no subtitles, avoid photorealism, avoid panic, avoid youthful skin or youthful posture."
24,explanation,environment_bridge,no_host,no_readable_text,,text_to_image,"{""semantic_target"": ""難しいことをする必要はありません。"", ""visualizable_core"": ""senior wellness explanation"", ""scene_function"": ""environment_bridge"", ""subject_lock"": ""visible Japanese senior daily-life subject or object-focused cue"", ""context_lock"": ""explanation"", ""visible_text_need"": ""none"", ""risk_guardrails"": ""no panic, no diagnosis, no repeated vid_001/vid_002 scenes"", ""demographic_lock"": ""silver-gray hair, wrinkles, weathered hands, age-appropriate posture""}","Generate a clean editorial manga illustration in a seinen soft educational style, old-school two-dimensional anime influence, clean ink line art, restrained screentone, flat soft low-saturation colors, warm neutral accents, panel-like clarity, low clutter. A calm educational metaphor scene for senior wellness, showing the body clock as soft morning light entering a Japanese home with a visibly elderly Japanese senior with silver-gray hair, fine wrinkles around the eyes, slightly weathered hands, and relaxed age-appropriate posture nearby. Low-clutter symbolic composition, no fake scientific proof, no medical devices. Keep ordinary Japanese domestic cues, practical senior clothing, soft low-saturation colors, and clear panel-like composition. The image should support this narration beat: 難しいことをする必要はありません。 No readable text, no numerals, no speech bubbles, no subtitles, avoid photorealism, avoid panic, avoid youthful skin or youthful posture."
25,morning_light,everyday_example,no_host,no_readable_text,,text_to_image,"{""semantic_target"": ""まず、目が覚めたらカーテンを少し開けて、部屋に自然の光を入れてみましょう。"", ""visualizable_core"": ""window daylight and curtain"", ""scene_function"": ""everyday_example"", ""subject_lock"": ""visible Japanese senior daily-life subject or object-focused cue"", ""context_lock"": ""morning_light"", ""visible_text_need"": ""none"", ""risk_guardrails"": ""no panic, no diagnosis, no repeated vid_001/vid_002 scenes"", ""demographic_lock"": ""silver-gray hair, wrinkles, weathered hands, age-appropriate posture""}","Generate a clean editorial manga illustration in a seinen soft educational style, old-school two-dimensional anime influence, clean ink line art, restrained screentone, flat soft low-saturation colors, warm neutral accents, panel-like clarity, low clutter. A visibly elderly Japanese senior with silver-gray hair, fine wrinkles around the eyes, slightly weathered hands, and relaxed age-appropriate posture gently opening curtains or sitting near a bright window in an ordinary Japanese apartment morning, showing natural daylight without rushing. Soft dawn-to-morning light, tidy tatami or simple bedroom/living room details, practical senior home clothing, low clutter. Keep ordinary Japanese domestic cues, practical senior clothing, soft low-saturation colors, and clear panel-like composition. The image should support this narration beat: まず、目が覚めたらカーテンを少し開けて、部屋に自然の光を入れてみましょう。 No readable text, no numerals, no speech bubbles, no subtitles, avoid photorealism, avoid panic, avoid youthful skin or youthful posture."
26,morning_light,everyday_example,no_host,no_readable_text,,text_to_image,"{""semantic_target"": ""外に出られる日なら、玄関先やベランダで空を見るだけでも構いません。"", ""visualizable_core"": ""window daylight and curtain"", ""scene_function"": ""everyday_example"", ""subject_lock"": ""visible Japanese senior daily-life subject or object-focused cue"", ""context_lock"": ""morning_light"", ""visible_text_need"": ""none"", ""risk_guardrails"": ""no panic, no diagnosis, no repeated vid_001/vid_002 scenes"", ""demographic_lock"": ""silver-gray hair, wrinkles, weathered hands, age-appropriate posture""}","Generate a clean editorial manga illustration in a seinen soft educational style, old-school two-dimensional anime influence, clean ink line art, restrained screentone, flat soft low-saturation colors, warm neutral accents, panel-like clarity, low clutter. A visibly elderly Japanese senior with silver-gray hair, fine wrinkles around the eyes, slightly weathered hands, and relaxed age-appropriate posture gently opening curtains or sitting near a bright window in an ordinary Japanese apartment morning, showing natural daylight without rushing. Soft dawn-to-morning light, tidy tatami or simple bedroom/living room details, practical senior home clothing, low clutter. Keep ordinary Japanese domestic cues, practical senior clothing, soft low-saturation colors, and clear panel-like composition. The image should support this narration beat: 外に出られる日なら、玄関先やベランダで空を見るだけでも構いません。 No readable text, no numerals, no speech bubbles, no subtitles, avoid photorealism, avoid panic, avoid youthful skin or youthful posture."
27,morning_light,everyday_example,no_host,no_readable_text,,text_to_image,"{""semantic_target"": ""足元が不安な日は、無理に歩き回らず、明るい窓際に座るだけでもよいのです。"", ""visualizable_core"": ""window daylight and curtain"", ""scene_function"": ""everyday_example"", ""subject_lock"": ""visible Japanese senior daily-life subject or object-focused cue"", ""context_lock"": ""morning_light"", ""visible_text_need"": ""none"", ""risk_guardrails"": ""no panic, no diagnosis, no repeated vid_001/vid_002 scenes"", ""demographic_lock"": ""silver-gray hair, wrinkles, weathered hands, age-appropriate posture""}","Generate a clean editorial manga illustration in a seinen soft educational style, old-school two-dimensional anime influence, clean ink line art, restrained screentone, flat soft low-saturation colors, warm neutral accents, panel-like clarity, low clutter. A visibly elderly Japanese senior with silver-gray hair, fine wrinkles around the eyes, slightly weathered hands, and relaxed age-appropriate posture gently opening curtains or sitting near a bright window in an ordinary Japanese apartment morning, showing natural daylight without rushing. Soft dawn-to-morning light, tidy tatami or simple bedroom/living room details, practical senior home clothing, low clutter. Keep ordinary Japanese domestic cues, practical senior clothing, soft low-saturation colors, and clear panel-like composition. The image should support this narration beat: 足元が不安な日は、無理に歩き回らず、明るい窓際に座るだけでもよいのです。 No readable text, no numerals, no speech bubbles, no subtitles, avoid photorealism, avoid panic, avoid youthful skin or youthful posture."
28,explanation,comparison_pair,no_host,no_readable_text,,text_to_image,"{""semantic_target"": ""大切なのは、体に、今日は始まりましたよ、とやさしく知らせることです。"", ""visualizable_core"": ""senior wellness explanation"", ""scene_function"": ""comparison_pair"", ""subject_lock"": ""visible Japanese senior daily-life subject or object-focused cue"", ""context_lock"": ""explanation"", ""visible_text_need"": ""none"", ""risk_guardrails"": ""no panic, no diagnosis, no repeated vid_001/vid_002 scenes"", ""demographic_lock"": ""silver-gray hair, wrinkles, weathered hands, age-appropriate posture""}","Generate a clean editorial manga illustration in a seinen soft educational style, old-school two-dimensional anime influence, clean ink line art, restrained screentone, flat soft low-saturation colors, warm neutral accents, panel-like clarity, low clutter. A calm educational metaphor scene for senior wellness, showing the body clock as soft morning light entering a Japanese home with a visibly elderly Japanese senior with silver-gray hair, fine wrinkles around the eyes, slightly weathered hands, and relaxed age-appropriate posture nearby. Low-clutter symbolic composition, no fake scientific proof, no medical devices. Keep ordinary Japanese domestic cues, practical senior clothing, soft low-saturation colors, and clear panel-like composition. The image should support this narration beat: 大切なのは、体に、今日は始まりましたよ、とやさしく知らせることです。 No readable text, no numerals, no speech bubbles, no subtitles, avoid photorealism, avoid panic, avoid youthful skin or youthful posture."
29,explanation,environment_bridge,no_host,no_readable_text,,text_to_image,"{""semantic_target"": ""ただし、早ければ早いほど良い、という意味ではありません。"", ""visualizable_core"": ""senior wellness explanation"", ""scene_function"": ""environment_bridge"", ""subject_lock"": ""visible Japanese senior daily-life subject or object-focused cue"", ""context_lock"": ""explanation"", ""visible_text_need"": ""none"", ""risk_guardrails"": ""no panic, no diagnosis, no repeated vid_001/vid_002 scenes"", ""demographic_lock"": ""silver-gray hair, wrinkles, weathered hands, age-appropriate posture""}","Generate a clean editorial manga illustration in a seinen soft educational style, old-school two-dimensional anime influence, clean ink line art, restrained screentone, flat soft low-saturation colors, warm neutral accents, panel-like clarity, low clutter. A calm educational metaphor scene for senior wellness, showing the body clock as soft morning light entering a Japanese home with a visibly elderly Japanese senior with silver-gray hair, fine wrinkles around the eyes, slightly weathered hands, and relaxed age-appropriate posture nearby. Low-clutter symbolic composition, no fake scientific proof, no medical devices. Keep ordinary Japanese domestic cues, practical senior clothing, soft low-saturation colors, and clear panel-like composition. The image should support this narration beat: ただし、早ければ早いほど良い、という意味ではありません。 No readable text, no numerals, no speech bubbles, no subtitles, avoid photorealism, avoid panic, avoid youthful skin or youthful posture."
30,morning_light,everyday_example,no_host,no_readable_text,,text_to_image,"{""semantic_target"": ""夕方に眠くなるのが早すぎて困っている方は、早朝の強い光でさらに朝型に寄りすぎることもあります。"", ""visualizable_core"": ""window daylight and curtain"", ""scene_function"": ""everyday_example"", ""subject_lock"": ""visible Japanese senior daily-life subject or object-focused cue"", ""context_lock"": ""morning_light"", ""visible_text_need"": ""none"", ""risk_guardrails"": ""no panic, no diagnosis, no repeated vid_001/vid_002 scenes"", ""demographic_lock"": ""silver-gray hair, wrinkles, weathered hands, age-appropriate posture""}","Generate a clean editorial manga illustration in a seinen soft educational style, old-school two-dimensional anime influence, clean ink line art, restrained screentone, flat soft low-saturation colors, warm neutral accents, panel-like clarity, low clutter. A visibly elderly Japanese senior with silver-gray hair, fine wrinkles around the eyes, slightly weathered hands, and relaxed age-appropriate posture gently opening curtains or sitting near a bright window in an ordinary Japanese apartment morning, showing natural daylight without rushing. Soft dawn-to-morning light, tidy tatami or simple bedroom/living room details, practical senior home clothing, low clutter. Keep ordinary Japanese domestic cues, practical senior clothing, soft low-saturation colors, and clear panel-like composition. The image should support this narration beat: 夕方に眠くなるのが早すぎて困っている方は、早朝の強い光でさらに朝型に寄りすぎることもあります。 No readable text, no numerals, no speech bubbles, no subtitles, avoid photorealism, avoid panic, avoid youthful skin or youthful posture."
31,morning_light,everyday_example,no_host,no_readable_text,,text_to_image,"{""semantic_target"": ""その場合は、無理に暗いうちから起きて光を浴びようとしないでください。"", ""visualizable_core"": ""window daylight and curtain"", ""scene_function"": ""everyday_example"", ""subject_lock"": ""visible Japanese senior daily-life subject or object-focused cue"", ""context_lock"": ""morning_light"", ""visible_text_need"": ""none"", ""risk_guardrails"": ""no panic, no diagnosis, no repeated vid_001/vid_002 scenes"", ""demographic_lock"": ""silver-gray hair, wrinkles, weathered hands, age-appropriate posture""}","Generate a clean editorial manga illustration in a seinen soft educational style, old-school two-dimensional anime influence, clean ink line art, restrained screentone, flat soft low-saturation colors, warm neutral accents, panel-like clarity, low clutter. A visibly elderly Japanese senior with silver-gray hair, fine wrinkles around the eyes, slightly weathered hands, and relaxed age-appropriate posture gently opening curtains or sitting near a bright window in an ordinary Japanese apartment morning, showing natural daylight without rushing. Soft dawn-to-morning light, tidy tatami or simple bedroom/living room details, practical senior home clothing, low clutter. Keep ordinary Japanese domestic cues, practical senior clothing, soft low-saturation colors, and clear panel-like composition. The image should support this narration beat: その場合は、無理に暗いうちから起きて光を浴びようとしないでください。 No readable text, no numerals, no speech bubbles, no subtitles, avoid photorealism, avoid panic, avoid youthful skin or youthful posture."
32,morning_light,everyday_example,no_host,no_readable_text,,text_to_image,"{""semantic_target"": ""ご自身の生活時間に合わせて、朝から午前中の明るさを少し増やす、くらいで十分です。"", ""visualizable_core"": ""window daylight and curtain"", ""scene_function"": ""everyday_example"", ""subject_lock"": ""visible Japanese senior daily-life subject or object-focused cue"", ""context_lock"": ""morning_light"", ""visible_text_need"": ""none"", ""risk_guardrails"": ""no panic, no diagnosis, no repeated vid_001/vid_002 scenes"", ""demographic_lock"": ""silver-gray hair, wrinkles, weathered hands, age-appropriate posture""}","Generate a clean editorial manga illustration in a seinen soft educational style, old-school two-dimensional anime influence, clean ink line art, restrained screentone, flat soft low-saturation colors, warm neutral accents, panel-like clarity, low clutter. A visibly elderly Japanese senior with silver-gray hair, fine wrinkles around the eyes, slightly weathered hands, and relaxed age-appropriate posture gently opening curtains or sitting near a bright window in an ordinary Japanese apartment morning, showing natural daylight without rushing. Soft dawn-to-morning light, tidy tatami or simple bedroom/living room details, practical senior home clothing, low clutter. Keep ordinary Japanese domestic cues, practical senior clothing, soft low-saturation colors, and clear panel-like composition. The image should support this narration beat: ご自身の生活時間に合わせて、朝から午前中の明るさを少し増やす、くらいで十分です。 No readable text, no numerals, no speech bubbles, no subtitles, avoid photorealism, avoid panic, avoid youthful skin or youthful posture."
33,three_points,comparison_pair,no_host,no_readable_text,,text_to_image,"{""semantic_target"": ""続いて、二つ目の見直しです。"", ""visualizable_core"": ""three gentle review areas"", ""scene_function"": ""comparison_pair"", ""subject_lock"": ""visible Japanese senior daily-life subject or object-focused cue"", ""context_lock"": ""three_points"", ""visible_text_need"": ""none"", ""risk_guardrails"": ""no panic, no diagnosis, no repeated vid_001/vid_002 scenes"", ""demographic_lock"": ""silver-gray hair, wrinkles, weathered hands, age-appropriate posture""}","Generate a clean editorial manga illustration in a seinen soft educational style, old-school two-dimensional anime influence, clean ink line art, restrained screentone, flat soft low-saturation colors, warm neutral accents, panel-like clarity, low clutter. A clean side-by-side educational composition showing morning window light, quiet bedroom, and a simple notebook without any text. Balanced panel-like layout, Japanese home cues, clear but not infographic-like. Keep ordinary Japanese domestic cues, practical senior clothing, soft low-saturation colors, and clear panel-like composition. The image should support this narration beat: 続いて、二つ目の見直しです。 No readable text, no numerals, no speech bubbles, no subtitles, avoid photorealism, avoid panic, avoid youthful skin or youthful posture."
34,night_environment,environment_bridge,no_host,no_readable_text,,text_to_image,"{""semantic_target"": ""朝のだるさは、実は前の晩の寝室から始まっていることがあります。"", ""visualizable_core"": ""bedroom environment"", ""scene_function"": ""environment_bridge"", ""subject_lock"": ""visible Japanese senior daily-life subject or object-focused cue"", ""context_lock"": ""night_environment"", ""visible_text_need"": ""none"", ""risk_guardrails"": ""no panic, no diagnosis, no repeated vid_001/vid_002 scenes"", ""demographic_lock"": ""silver-gray hair, wrinkles, weathered hands, age-appropriate posture""}","Generate a clean editorial manga illustration in a seinen soft educational style, old-school two-dimensional anime influence, clean ink line art, restrained screentone, flat soft low-saturation colors, warm neutral accents, panel-like clarity, low clutter. A quiet Japanese bedroom scene with a visibly elderly Japanese senior with silver-gray hair, fine wrinkles around the eyes, slightly weathered hands, and relaxed age-appropriate posture preparing a calmer sleep environment, dim warm lamp, smartphone placed away from the pillow, bedding arranged neatly. Evening atmosphere, darkened room, calm household props, no visible screen content. Keep ordinary Japanese domestic cues, practical senior clothing, soft low-saturation colors, and clear panel-like composition. The image should support this narration beat: 朝のだるさは、実は前の晩の寝室から始まっていることがあります。 No readable text, no numerals, no speech bubbles, no subtitles, avoid photorealism, avoid panic, avoid youthful skin or youthful posture."
35,night_environment,object_focus,no_host,no_readable_text,,text_to_image,"{""semantic_target"": ""寝る直前まで、スマートフォンやタブレットを見ていませんか。"", ""visualizable_core"": ""bedroom environment"", ""scene_function"": ""object_focus"", ""subject_lock"": ""visible Japanese senior daily-life subject or object-focused cue"", ""context_lock"": ""night_environment"", ""visible_text_need"": ""none"", ""risk_guardrails"": ""no panic, no diagnosis, no repeated vid_001/vid_002 scenes"", ""demographic_lock"": ""silver-gray hair, wrinkles, weathered hands, age-appropriate posture""}","Generate a clean editorial manga illustration in a seinen soft educational style, old-school two-dimensional anime influence, clean ink line art, restrained screentone, flat soft low-saturation colors, warm neutral accents, panel-like clarity, low clutter. A quiet Japanese bedroom scene with a visibly elderly Japanese senior with silver-gray hair, fine wrinkles around the eyes, slightly weathered hands, and relaxed age-appropriate posture preparing a calmer sleep environment, dim warm lamp, smartphone placed away from the pillow, bedding arranged neatly. Evening atmosphere, darkened room, calm household props, no visible screen content. Keep ordinary Japanese domestic cues, practical senior clothing, soft low-saturation colors, and clear panel-like composition. The image should support this narration beat: 寝る直前まで、スマートフォンやタブレットを見ていませんか。 No readable text, no numerals, no speech bubbles, no subtitles, avoid photorealism, avoid panic, avoid youthful skin or youthful posture."
36,morning_light,everyday_example,no_host,no_readable_text,,text_to_image,"{""semantic_target"": ""画面の光は、思っている以上に目と脳を起こしてしまうことがあります。"", ""visualizable_core"": ""window daylight and curtain"", ""scene_function"": ""everyday_example"", ""subject_lock"": ""visible Japanese senior daily-life subject or object-focused cue"", ""context_lock"": ""morning_light"", ""visible_text_need"": ""none"", ""risk_guardrails"": ""no panic, no diagnosis, no repeated vid_001/vid_002 scenes"", ""demographic_lock"": ""silver-gray hair, wrinkles, weathered hands, age-appropriate posture""}","Generate a clean editorial manga illustration in a seinen soft educational style, old-school two-dimensional anime influence, clean ink line art, restrained screentone, flat soft low-saturation colors, warm neutral accents, panel-like clarity, low clutter. A visibly elderly Japanese senior with silver-gray hair, fine wrinkles around the eyes, slightly weathered hands, and relaxed age-appropriate posture gently opening curtains or sitting near a bright window in an ordinary Japanese apartment morning, showing natural daylight without rushing. Soft dawn-to-morning light, tidy tatami or simple bedroom/living room details, practical senior home clothing, low clutter. Keep ordinary Japanese domestic cues, practical senior clothing, soft low-saturation colors, and clear panel-like composition. The image should support this narration beat: 画面の光は、思っている以上に目と脳を起こしてしまうことがあります。 No readable text, no numerals, no speech bubbles, no subtitles, avoid photorealism, avoid panic, avoid youthful skin or youthful posture."
37,morning_light,everyday_example,no_host,no_readable_text,,text_to_image,"{""semantic_target"": ""特に白っぽく明るい光は、体の時計に、まだ夜ではないですよ、と伝えてしまいやすいのです。"", ""visualizable_core"": ""window daylight and curtain"", ""scene_function"": ""everyday_example"", ""subject_lock"": ""visible Japanese senior daily-life subject or object-focused cue"", ""context_lock"": ""morning_light"", ""visible_text_need"": ""none"", ""risk_guardrails"": ""no panic, no diagnosis, no repeated vid_001/vid_002 scenes"", ""demographic_lock"": ""silver-gray hair, wrinkles, weathered hands, age-appropriate posture""}","Generate a clean editorial manga illustration in a seinen soft educational style, old-school two-dimensional anime influence, clean ink line art, restrained screentone, flat soft low-saturation colors, warm neutral accents, panel-like clarity, low clutter. A visibly elderly Japanese senior with silver-gray hair, fine wrinkles around the eyes, slightly weathered hands, and relaxed age-appropriate posture gently opening curtains or sitting near a bright window in an ordinary Japanese apartment morning, showing natural daylight without rushing. Soft dawn-to-morning light, tidy tatami or simple bedroom/living room details, practical senior home clothing, low clutter. Keep ordinary Japanese domestic cues, practical senior clothing, soft low-saturation colors, and clear panel-like composition. The image should support this narration beat: 特に白っぽく明るい光は、体の時計に、まだ夜ではないですよ、と伝えてしまいやすいのです。 No readable text, no numerals, no speech bubbles, no subtitles, avoid photorealism, avoid panic, avoid youthful skin or youthful posture."
38,explanation,comparison_pair,no_host,no_readable_text,,text_to_image,"{""semantic_target"": ""すると、寝つく時間が遅れたり、眠りが浅くなったりして、朝の回復感が弱くなることがあります。"", ""visualizable_core"": ""senior wellness explanation"", ""scene_function"": ""comparison_pair"", ""subject_lock"": ""visible Japanese senior daily-life subject or object-focused cue"", ""context_lock"": ""explanation"", ""visible_text_need"": ""none"", ""risk_guardrails"": ""no panic, no diagnosis, no repeated vid_001/vid_002 scenes"", ""demographic_lock"": ""silver-gray hair, wrinkles, weathered hands, age-appropriate posture""}","Generate a clean editorial manga illustration in a seinen soft educational style, old-school two-dimensional anime influence, clean ink line art, restrained screentone, flat soft low-saturation colors, warm neutral accents, panel-like clarity, low clutter. A calm educational metaphor scene for senior wellness, showing the body clock as soft morning light entering a Japanese home with a visibly elderly Japanese senior with silver-gray hair, fine wrinkles around the eyes, slightly weathered hands, and relaxed age-appropriate posture nearby. Low-clutter symbolic composition, no fake scientific proof, no medical devices. Keep ordinary Japanese domestic cues, practical senior clothing, soft low-saturation colors, and clear panel-like composition. The image should support this narration beat: すると、寝つく時間が遅れたり、眠りが浅くなったりして、朝の回復感が弱くなることがあります。 No readable text, no numerals, no speech bubbles, no subtitles, avoid photorealism, avoid panic, avoid youthful skin or youthful posture."
39,explanation,environment_bridge,no_host,no_readable_text,,text_to_image,"{""semantic_target"": ""寝る前の情報も、意外と体を疲れさせます。"", ""visualizable_core"": ""senior wellness explanation"", ""scene_function"": ""environment_bridge"", ""subject_lock"": ""visible Japanese senior daily-life subject or object-focused cue"", ""context_lock"": ""explanation"", ""visible_text_need"": ""none"", ""risk_guardrails"": ""no panic, no diagnosis, no repeated vid_001/vid_002 scenes"", ""demographic_lock"": ""silver-gray hair, wrinkles, weathered hands, age-appropriate posture""}","Generate a clean editorial manga illustration in a seinen soft educational style, old-school two-dimensional anime influence, clean ink line art, restrained screentone, flat soft low-saturation colors, warm neutral accents, panel-like clarity, low clutter. A calm educational metaphor scene for senior wellness, showing the body clock as soft morning light entering a Japanese home with a visibly elderly Japanese senior with silver-gray hair, fine wrinkles around the eyes, slightly weathered hands, and relaxed age-appropriate posture nearby. Low-clutter symbolic composition, no fake scientific proof, no medical devices. Keep ordinary Japanese domestic cues, practical senior clothing, soft low-saturation colors, and clear panel-like composition. The image should support this narration beat: 寝る前の情報も、意外と体を疲れさせます。 No readable text, no numerals, no speech bubbles, no subtitles, avoid photorealism, avoid panic, avoid youthful skin or youthful posture."
40,health_sign,process_metaphor,no_host,no_readable_text,,text_to_image,"{""semantic_target"": ""ニュースを見て不安になったり、連絡を返そうとして頭が働き続けたりすることもありますよね。"", ""visualizable_core"": ""calm symptom awareness"", ""scene_function"": ""process_metaphor"", ""subject_lock"": ""visible Japanese senior daily-life subject or object-focused cue"", ""context_lock"": ""health_sign"", ""visible_text_need"": ""none"", ""risk_guardrails"": ""no panic, no diagnosis, no repeated vid_001/vid_002 scenes"", ""demographic_lock"": ""silver-gray hair, wrinkles, weathered hands, age-appropriate posture""}","Generate a clean editorial manga illustration in a seinen soft educational style, old-school two-dimensional anime influence, clean ink line art, restrained screentone, flat soft low-saturation colors, warm neutral accents, panel-like clarity, low clutter. A restrained symbolic scene about noticing body signals: a visibly elderly Japanese senior with silver-gray hair, fine wrinkles around the eyes, slightly weathered hands, and relaxed age-appropriate posture calmly touching the forehead or sitting beside a bedside table while a family member observes with concern, no emergency. Japanese domestic morning setting, soft light, safe posture, gentle concern. Keep ordinary Japanese domestic cues, practical senior clothing, soft low-saturation colors, and clear panel-like composition. The image should support this narration beat: ニュースを見て不安になったり、連絡を返そうとして頭が働き続けたりすることもありますよね。 No readable text, no numerals, no speech bubbles, no subtitles, avoid photorealism, avoid panic, avoid youthful skin or youthful posture."
41,night_environment,object_focus,no_host,no_readable_text,,text_to_image,"{""semantic_target"": ""できれば、寝る少し前からは、画面を遠ざける時間を作ってみましょう。"", ""visualizable_core"": ""bedroom environment"", ""scene_function"": ""object_focus"", ""subject_lock"": ""visible Japanese senior daily-life subject or object-focused cue"", ""context_lock"": ""night_environment"", ""visible_text_need"": ""none"", ""risk_guardrails"": ""no panic, no diagnosis, no repeated vid_001/vid_002 scenes"", ""demographic_lock"": ""silver-gray hair, wrinkles, weathered hands, age-appropriate posture""}","Generate a clean editorial manga illustration in a seinen soft educational style, old-school two-dimensional anime influence, clean ink line art, restrained screentone, flat soft low-saturation colors, warm neutral accents, panel-like clarity, low clutter. A quiet Japanese bedroom scene with a visibly elderly Japanese senior with silver-gray hair, fine wrinkles around the eyes, slightly weathered hands, and relaxed age-appropriate posture preparing a calmer sleep environment, dim warm lamp, smartphone placed away from the pillow, bedding arranged neatly. Evening atmosphere, darkened room, calm household props, no visible screen content. Keep ordinary Japanese domestic cues, practical senior clothing, soft low-saturation colors, and clear panel-like composition. The image should support this narration beat: できれば、寝る少し前からは、画面を遠ざける時間を作ってみましょう。 No readable text, no numerals, no speech bubbles, no subtitles, avoid photorealism, avoid panic, avoid youthful skin or youthful posture."
42,morning_light,everyday_example,no_host,no_readable_text,,text_to_image,"{""semantic_target"": ""どうしても必要な場合は、明るさを下げて、短い時間で終えるようにしてみてください。"", ""visualizable_core"": ""window daylight and curtain"", ""scene_function"": ""everyday_example"", ""subject_lock"": ""visible Japanese senior daily-life subject or object-focused cue"", ""context_lock"": ""morning_light"", ""visible_text_need"": ""none"", ""risk_guardrails"": ""no panic, no diagnosis, no repeated vid_001/vid_002 scenes"", ""demographic_lock"": ""silver-gray hair, wrinkles, weathered hands, age-appropriate posture""}","Generate a clean editorial manga illustration in a seinen soft educational style, old-school two-dimensional anime influence, clean ink line art, restrained screentone, flat soft low-saturation colors, warm neutral accents, panel-like clarity, low clutter. A visibly elderly Japanese senior with silver-gray hair, fine wrinkles around the eyes, slightly weathered hands, and relaxed age-appropriate posture gently opening curtains or sitting near a bright window in an ordinary Japanese apartment morning, showing natural daylight without rushing. Soft dawn-to-morning light, tidy tatami or simple bedroom/living room details, practical senior home clothing, low clutter. Keep ordinary Japanese domestic cues, practical senior clothing, soft low-saturation colors, and clear panel-like composition. The image should support this narration beat: どうしても必要な場合は、明るさを下げて、短い時間で終えるようにしてみてください。 No readable text, no numerals, no speech bubbles, no subtitles, avoid photorealism, avoid panic, avoid youthful skin or youthful posture."
43,night_environment,environment_bridge,no_host,no_readable_text,,text_to_image,"{""semantic_target"": ""寝室そのものも、朝のだるさに関係します。"", ""visualizable_core"": ""bedroom environment"", ""scene_function"": ""environment_bridge"", ""subject_lock"": ""visible Japanese senior daily-life subject or object-focused cue"", ""context_lock"": ""night_environment"", ""visible_text_need"": ""none"", ""risk_guardrails"": ""no panic, no diagnosis, no repeated vid_001/vid_002 scenes"", ""demographic_lock"": ""silver-gray hair, wrinkles, weathered hands, age-appropriate posture""}","Generate a clean editorial manga illustration in a seinen soft educational style, old-school two-dimensional anime influence, clean ink line art, restrained screentone, flat soft low-saturation colors, warm neutral accents, panel-like clarity, low clutter. A quiet Japanese bedroom scene with a visibly elderly Japanese senior with silver-gray hair, fine wrinkles around the eyes, slightly weathered hands, and relaxed age-appropriate posture preparing a calmer sleep environment, dim warm lamp, smartphone placed away from the pillow, bedding arranged neatly. Evening atmosphere, darkened room, calm household props, no visible screen content. Keep ordinary Japanese domestic cues, practical senior clothing, soft low-saturation colors, and clear panel-like composition. The image should support this narration beat: 寝室そのものも、朝のだるさに関係します。 No readable text, no numerals, no speech bubbles, no subtitles, avoid photorealism, avoid panic, avoid youthful skin or youthful posture."
44,explanation,environment_bridge,no_host,no_readable_text,,text_to_image,"{""semantic_target"": ""部屋が暑すぎたり寒すぎたりすると、眠っている間に体が休みにくくなります。"", ""visualizable_core"": ""senior wellness explanation"", ""scene_function"": ""environment_bridge"", ""subject_lock"": ""visible Japanese senior daily-life subject or object-focused cue"", ""context_lock"": ""explanation"", ""visible_text_need"": ""none"", ""risk_guardrails"": ""no panic, no diagnosis, no repeated vid_001/vid_002 scenes"", ""demographic_lock"": ""silver-gray hair, wrinkles, weathered hands, age-appropriate posture""}","Generate a clean editorial manga illustration in a seinen soft educational style, old-school two-dimensional anime influence, clean ink line art, restrained screentone, flat soft low-saturation colors, warm neutral accents, panel-like clarity, low clutter. A calm educational metaphor scene for senior wellness, showing the body clock as soft morning light entering a Japanese home with a visibly elderly Japanese senior with silver-gray hair, fine wrinkles around the eyes, slightly weathered hands, and relaxed age-appropriate posture nearby. Low-clutter symbolic composition, no fake scientific proof, no medical devices. Keep ordinary Japanese domestic cues, practical senior clothing, soft low-saturation colors, and clear panel-like composition. The image should support this narration beat: 部屋が暑すぎたり寒すぎたりすると、眠っている間に体が休みにくくなります。 No readable text, no numerals, no speech bubbles, no subtitles, avoid photorealism, avoid panic, avoid youthful skin or youthful posture."
45,explanation,everyday_example,no_host,no_readable_text,,text_to_image,"{""semantic_target"": ""車の音や家の中の物音で、何度も浅く目が覚めることもあります。"", ""visualizable_core"": ""senior wellness explanation"", ""scene_function"": ""everyday_example"", ""subject_lock"": ""visible Japanese senior daily-life subject or object-focused cue"", ""context_lock"": ""explanation"", ""visible_text_need"": ""none"", ""risk_guardrails"": ""no panic, no diagnosis, no repeated vid_001/vid_002 scenes"", ""demographic_lock"": ""silver-gray hair, wrinkles, weathered hands, age-appropriate posture""}","Generate a clean editorial manga illustration in a seinen soft educational style, old-school two-dimensional anime influence, clean ink line art, restrained screentone, flat soft low-saturation colors, warm neutral accents, panel-like clarity, low clutter. A calm educational metaphor scene for senior wellness, showing the body clock as soft morning light entering a Japanese home with a visibly elderly Japanese senior with silver-gray hair, fine wrinkles around the eyes, slightly weathered hands, and relaxed age-appropriate posture nearby. Low-clutter symbolic composition, no fake scientific proof, no medical devices. Keep ordinary Japanese domestic cues, practical senior clothing, soft low-saturation colors, and clear panel-like composition. The image should support this narration beat: 車の音や家の中の物音で、何度も浅く目が覚めることもあります。 No readable text, no numerals, no speech bubbles, no subtitles, avoid photorealism, avoid panic, avoid youthful skin or youthful posture."
46,morning_light,everyday_example,no_host,no_readable_text,,text_to_image,"{""semantic_target"": ""遮光カーテンや、耳に負担の少ない工夫、季節に合った寝具を使うだけでも、眠りやすさが変わる方がいます。"", ""visualizable_core"": ""window daylight and curtain"", ""scene_function"": ""everyday_example"", ""subject_lock"": ""visible Japanese senior daily-life subject or object-focused cue"", ""context_lock"": ""morning_light"", ""visible_text_need"": ""none"", ""risk_guardrails"": ""no panic, no diagnosis, no repeated vid_001/vid_002 scenes"", ""demographic_lock"": ""silver-gray hair, wrinkles, weathered hands, age-appropriate posture""}","Generate a clean editorial manga illustration in a seinen soft educational style, old-school two-dimensional anime influence, clean ink line art, restrained screentone, flat soft low-saturation colors, warm neutral accents, panel-like clarity, low clutter. A visibly elderly Japanese senior with silver-gray hair, fine wrinkles around the eyes, slightly weathered hands, and relaxed age-appropriate posture gently opening curtains or sitting near a bright window in an ordinary Japanese apartment morning, showing natural daylight without rushing. Soft dawn-to-morning light, tidy tatami or simple bedroom/living room details, practical senior home clothing, low clutter. Keep ordinary Japanese domestic cues, practical senior clothing, soft low-saturation colors, and clear panel-like composition. The image should support this narration beat: 遮光カーテンや、耳に負担の少ない工夫、季節に合った寝具を使うだけでも、眠りやすさが変わる方がいます。 No readable text, no numerals, no speech bubbles, no subtitles, avoid photorealism, avoid panic, avoid youthful skin or youthful posture."
47,night_environment,environment_bridge,no_host,no_readable_text,,text_to_image,"{""semantic_target"": ""また、入浴の時間も、少しだけ気にしてみてください。"", ""visualizable_core"": ""bedroom environment"", ""scene_function"": ""environment_bridge"", ""subject_lock"": ""visible Japanese senior daily-life subject or object-focused cue"", ""context_lock"": ""night_environment"", ""visible_text_need"": ""none"", ""risk_guardrails"": ""no panic, no diagnosis, no repeated vid_001/vid_002 scenes"", ""demographic_lock"": ""silver-gray hair, wrinkles, weathered hands, age-appropriate posture""}","Generate a clean editorial manga illustration in a seinen soft educational style, old-school two-dimensional anime influence, clean ink line art, restrained screentone, flat soft low-saturation colors, warm neutral accents, panel-like clarity, low clutter. A quiet Japanese bedroom scene with a visibly elderly Japanese senior with silver-gray hair, fine wrinkles around the eyes, slightly weathered hands, and relaxed age-appropriate posture preparing a calmer sleep environment, dim warm lamp, smartphone placed away from the pillow, bedding arranged neatly. Evening atmosphere, darkened room, calm household props, no visible screen content. Keep ordinary Japanese domestic cues, practical senior clothing, soft low-saturation colors, and clear panel-like composition. The image should support this narration beat: また、入浴の時間も、少しだけ気にしてみてください。 No readable text, no numerals, no speech bubbles, no subtitles, avoid photorealism, avoid panic, avoid youthful skin or youthful posture."
48,night_environment,environment_bridge,no_host,no_readable_text,,text_to_image,"{""semantic_target"": ""寝る直前に熱いお風呂へ長く入ると、体が目覚める方向に傾くことがあります。"", ""visualizable_core"": ""bedroom environment"", ""scene_function"": ""environment_bridge"", ""subject_lock"": ""visible Japanese senior daily-life subject or object-focused cue"", ""context_lock"": ""night_environment"", ""visible_text_need"": ""none"", ""risk_guardrails"": ""no panic, no diagnosis, no repeated vid_001/vid_002 scenes"", ""demographic_lock"": ""silver-gray hair, wrinkles, weathered hands, age-appropriate posture""}","Generate a clean editorial manga illustration in a seinen soft educational style, old-school two-dimensional anime influence, clean ink line art, restrained screentone, flat soft low-saturation colors, warm neutral accents, panel-like clarity, low clutter. A quiet Japanese bedroom scene with a visibly elderly Japanese senior with silver-gray hair, fine wrinkles around the eyes, slightly weathered hands, and relaxed age-appropriate posture preparing a calmer sleep environment, dim warm lamp, smartphone placed away from the pillow, bedding arranged neatly. Evening atmosphere, darkened room, calm household props, no visible screen content. Keep ordinary Japanese domestic cues, practical senior clothing, soft low-saturation colors, and clear panel-like composition. The image should support this narration beat: 寝る直前に熱いお風呂へ長く入ると、体が目覚める方向に傾くことがあります。 No readable text, no numerals, no speech bubbles, no subtitles, avoid photorealism, avoid panic, avoid youthful skin or youthful posture."
49,explanation,environment_bridge,no_host,no_readable_text,,text_to_image,"{""semantic_target"": ""ぬるめのお湯で、寝る少し前に体を温めるくらいが、合う方も多いでしょう。"", ""visualizable_core"": ""senior wellness explanation"", ""scene_function"": ""environment_bridge"", ""subject_lock"": ""visible Japanese senior daily-life subject or object-focused cue"", ""context_lock"": ""explanation"", ""visible_text_need"": ""none"", ""risk_guardrails"": ""no panic, no diagnosis, no repeated vid_001/vid_002 scenes"", ""demographic_lock"": ""silver-gray hair, wrinkles, weathered hands, age-appropriate posture""}","Generate a clean editorial manga illustration in a seinen soft educational style, old-school two-dimensional anime influence, clean ink line art, restrained screentone, flat soft low-saturation colors, warm neutral accents, panel-like clarity, low clutter. A calm educational metaphor scene for senior wellness, showing the body clock as soft morning light entering a Japanese home with a visibly elderly Japanese senior with silver-gray hair, fine wrinkles around the eyes, slightly weathered hands, and relaxed age-appropriate posture nearby. Low-clutter symbolic composition, no fake scientific proof, no medical devices. Keep ordinary Japanese domestic cues, practical senior clothing, soft low-saturation colors, and clear panel-like composition. The image should support this narration beat: ぬるめのお湯で、寝る少し前に体を温めるくらいが、合う方も多いでしょう。 No readable text, no numerals, no speech bubbles, no subtitles, avoid photorealism, avoid panic, avoid youthful skin or youthful posture."
50,explanation,everyday_example,no_host,no_readable_text,,text_to_image,"{""semantic_target"": ""もちろん、持病や体調によって合う方法は違います。"", ""visualizable_core"": ""senior wellness explanation"", ""scene_function"": ""everyday_example"", ""subject_lock"": ""visible Japanese senior daily-life subject or object-focused cue"", ""context_lock"": ""explanation"", ""visible_text_need"": ""none"", ""risk_guardrails"": ""no panic, no diagnosis, no repeated vid_001/vid_002 scenes"", ""demographic_lock"": ""silver-gray hair, wrinkles, weathered hands, age-appropriate posture""}","Generate a clean editorial manga illustration in a seinen soft educational style, old-school two-dimensional anime influence, clean ink line art, restrained screentone, flat soft low-saturation colors, warm neutral accents, panel-like clarity, low clutter. A calm educational metaphor scene for senior wellness, showing the body clock as soft morning light entering a Japanese home with a visibly elderly Japanese senior with silver-gray hair, fine wrinkles around the eyes, slightly weathered hands, and relaxed age-appropriate posture nearby. Low-clutter symbolic composition, no fake scientific proof, no medical devices. Keep ordinary Japanese domestic cues, practical senior clothing, soft low-saturation colors, and clear panel-like composition. The image should support this narration beat: もちろん、持病や体調によって合う方法は違います。 No readable text, no numerals, no speech bubbles, no subtitles, avoid photorealism, avoid panic, avoid youthful skin or youthful posture."
51,night_environment,environment_bridge,no_host,no_readable_text,,text_to_image,"{""semantic_target"": ""大切なのは、夜の環境を、体が静かに休める方向へ少しずつ整えることです。"", ""visualizable_core"": ""bedroom environment"", ""scene_function"": ""environment_bridge"", ""subject_lock"": ""visible Japanese senior daily-life subject or object-focused cue"", ""context_lock"": ""night_environment"", ""visible_text_need"": ""none"", ""risk_guardrails"": ""no panic, no diagnosis, no repeated vid_001/vid_002 scenes"", ""demographic_lock"": ""silver-gray hair, wrinkles, weathered hands, age-appropriate posture""}","Generate a clean editorial manga illustration in a seinen soft educational style, old-school two-dimensional anime influence, clean ink line art, restrained screentone, flat soft low-saturation colors, warm neutral accents, panel-like clarity, low clutter. A quiet Japanese bedroom scene with a visibly elderly Japanese senior with silver-gray hair, fine wrinkles around the eyes, slightly weathered hands, and relaxed age-appropriate posture preparing a calmer sleep environment, dim warm lamp, smartphone placed away from the pillow, bedding arranged neatly. Evening atmosphere, darkened room, calm household props, no visible screen content. Keep ordinary Japanese domestic cues, practical senior clothing, soft low-saturation colors, and clear panel-like composition. The image should support this narration beat: 大切なのは、夜の環境を、体が静かに休める方向へ少しずつ整えることです。 No readable text, no numerals, no speech bubbles, no subtitles, avoid photorealism, avoid panic, avoid youthful skin or youthful posture."
52,morning_light,everyday_example,no_host,no_readable_text,,text_to_image,"{""semantic_target"": ""ここまで、光と寝室の話をしてきました。"", ""visualizable_core"": ""window daylight and curtain"", ""scene_function"": ""everyday_example"", ""subject_lock"": ""visible Japanese senior daily-life subject or object-focused cue"", ""context_lock"": ""morning_light"", ""visible_text_need"": ""none"", ""risk_guardrails"": ""no panic, no diagnosis, no repeated vid_001/vid_002 scenes"", ""demographic_lock"": ""silver-gray hair, wrinkles, weathered hands, age-appropriate posture""}","Generate a clean editorial manga illustration in a seinen soft educational style, old-school two-dimensional anime influence, clean ink line art, restrained screentone, flat soft low-saturation colors, warm neutral accents, panel-like clarity, low clutter. A visibly elderly Japanese senior with silver-gray hair, fine wrinkles around the eyes, slightly weathered hands, and relaxed age-appropriate posture gently opening curtains or sitting near a bright window in an ordinary Japanese apartment morning, showing natural daylight without rushing. Soft dawn-to-morning light, tidy tatami or simple bedroom/living room details, practical senior home clothing, low clutter. Keep ordinary Japanese domestic cues, practical senior clothing, soft low-saturation colors, and clear panel-like composition. The image should support this narration beat: ここまで、光と寝室の話をしてきました。 No readable text, no numerals, no speech bubbles, no subtitles, avoid photorealism, avoid panic, avoid youthful skin or youthful posture."
53,three_points,comparison_pair,no_host,no_readable_text,,text_to_image,"{""semantic_target"": ""ここから三つ目が、とても大切です。"", ""visualizable_core"": ""three gentle review areas"", ""scene_function"": ""comparison_pair"", ""subject_lock"": ""visible Japanese senior daily-life subject or object-focused cue"", ""context_lock"": ""three_points"", ""visible_text_need"": ""none"", ""risk_guardrails"": ""no panic, no diagnosis, no repeated vid_001/vid_002 scenes"", ""demographic_lock"": ""silver-gray hair, wrinkles, weathered hands, age-appropriate posture""}","Generate a clean editorial manga illustration in a seinen soft educational style, old-school two-dimensional anime influence, clean ink line art, restrained screentone, flat soft low-saturation colors, warm neutral accents, panel-like clarity, low clutter. A clean side-by-side educational composition showing morning window light, quiet bedroom, and a simple notebook without any text. Balanced panel-like layout, Japanese home cues, clear but not infographic-like. Keep ordinary Japanese domestic cues, practical senior clothing, soft low-saturation colors, and clear panel-like composition. The image should support this narration beat: ここから三つ目が、とても大切です。 No readable text, no numerals, no speech bubbles, no subtitles, avoid photorealism, avoid panic, avoid youthful skin or youthful posture."
54,record_consult,object_focus,no_host,no_readable_text,,text_to_image,"{""semantic_target"": ""それは、だるさが続くときに、ただ我慢せず、記録して相談することです。"", ""visualizable_core"": ""simple notebook and consultation cue"", ""scene_function"": ""object_focus"", ""subject_lock"": ""visible Japanese senior daily-life subject or object-focused cue"", ""context_lock"": ""record_consult"", ""visible_text_need"": ""none"", ""risk_guardrails"": ""no panic, no diagnosis, no repeated vid_001/vid_002 scenes"", ""demographic_lock"": ""silver-gray hair, wrinkles, weathered hands, age-appropriate posture""}","Generate a clean editorial manga illustration in a seinen soft educational style, old-school two-dimensional anime influence, clean ink line art, restrained screentone, flat soft low-saturation colors, warm neutral accents, panel-like clarity, low clutter. A close calm view of weathered senior hands writing simple marks in a small notebook, or holding it during an ordinary routine clinic consultation context. Ordinary Japanese home table or calm clinic waiting space, blank-looking notebook pages with no readable text. Keep ordinary Japanese domestic cues, practical senior clothing, soft low-saturation colors, and clear panel-like composition. The image should support this narration beat: それは、だるさが続くときに、ただ我慢せず、記録して相談することです。 No readable text, no numerals, no speech bubbles, no subtitles, avoid photorealism, avoid panic, avoid youthful skin or youthful posture."
55,explanation,everyday_example,no_host,no_readable_text,,text_to_image,"{""semantic_target"": ""朝のだるさは、生活習慣だけで説明できる場合もあります。"", ""visualizable_core"": ""senior wellness explanation"", ""scene_function"": ""everyday_example"", ""subject_lock"": ""visible Japanese senior daily-life subject or object-focused cue"", ""context_lock"": ""explanation"", ""visible_text_need"": ""none"", ""risk_guardrails"": ""no panic, no diagnosis, no repeated vid_001/vid_002 scenes"", ""demographic_lock"": ""silver-gray hair, wrinkles, weathered hands, age-appropriate posture""}","Generate a clean editorial manga illustration in a seinen soft educational style, old-school two-dimensional anime influence, clean ink line art, restrained screentone, flat soft low-saturation colors, warm neutral accents, panel-like clarity, low clutter. A calm educational metaphor scene for senior wellness, showing the body clock as soft morning light entering a Japanese home with a visibly elderly Japanese senior with silver-gray hair, fine wrinkles around the eyes, slightly weathered hands, and relaxed age-appropriate posture nearby. Low-clutter symbolic composition, no fake scientific proof, no medical devices. Keep ordinary Japanese domestic cues, practical senior clothing, soft low-saturation colors, and clear panel-like composition. The image should support this narration beat: 朝のだるさは、生活習慣だけで説明できる場合もあります。 No readable text, no numerals, no speech bubbles, no subtitles, avoid photorealism, avoid panic, avoid youthful skin or youthful posture."
56,health_sign,process_metaphor,no_host,no_readable_text,,text_to_image,"{""semantic_target"": ""でも、睡眠の病気や、薬の影響、気持ちの落ち込み、体の病気が関係していることもあります。"", ""visualizable_core"": ""calm symptom awareness"", ""scene_function"": ""process_metaphor"", ""subject_lock"": ""visible Japanese senior daily-life subject or object-focused cue"", ""context_lock"": ""health_sign"", ""visible_text_need"": ""none"", ""risk_guardrails"": ""no panic, no diagnosis, no repeated vid_001/vid_002 scenes"", ""demographic_lock"": ""silver-gray hair, wrinkles, weathered hands, age-appropriate posture""}","Generate a clean editorial manga illustration in a seinen soft educational style, old-school two-dimensional anime influence, clean ink line art, restrained screentone, flat soft low-saturation colors, warm neutral accents, panel-like clarity, low clutter. A restrained symbolic scene about noticing body signals: a visibly elderly Japanese senior with silver-gray hair, fine wrinkles around the eyes, slightly weathered hands, and relaxed age-appropriate posture calmly touching the forehead or sitting beside a bedside table while a family member observes with concern, no emergency. Japanese domestic morning setting, soft light, safe posture, gentle concern. Keep ordinary Japanese domestic cues, practical senior clothing, soft low-saturation colors, and clear panel-like composition. The image should support this narration beat: でも、睡眠の病気や、薬の影響、気持ちの落ち込み、体の病気が関係していることもあります。 No readable text, no numerals, no speech bubbles, no subtitles, avoid photorealism, avoid panic, avoid youthful skin or youthful posture."
57,health_sign,process_metaphor,no_host,no_readable_text,,text_to_image,"{""semantic_target"": ""たとえば、ご家族から、いびきが大きいと言われたことはありませんか。"", ""visualizable_core"": ""calm symptom awareness"", ""scene_function"": ""process_metaphor"", ""subject_lock"": ""visible Japanese senior daily-life subject or object-focused cue"", ""context_lock"": ""health_sign"", ""visible_text_need"": ""none"", ""risk_guardrails"": ""no panic, no diagnosis, no repeated vid_001/vid_002 scenes"", ""demographic_lock"": ""silver-gray hair, wrinkles, weathered hands, age-appropriate posture""}","Generate a clean editorial manga illustration in a seinen soft educational style, old-school two-dimensional anime influence, clean ink line art, restrained screentone, flat soft low-saturation colors, warm neutral accents, panel-like clarity, low clutter. A restrained symbolic scene about noticing body signals: a visibly elderly Japanese senior with silver-gray hair, fine wrinkles around the eyes, slightly weathered hands, and relaxed age-appropriate posture calmly touching the forehead or sitting beside a bedside table while a family member observes with concern, no emergency. Japanese domestic morning setting, soft light, safe posture, gentle concern. Keep ordinary Japanese domestic cues, practical senior clothing, soft low-saturation colors, and clear panel-like composition. The image should support this narration beat: たとえば、ご家族から、いびきが大きいと言われたことはありませんか。 No readable text, no numerals, no speech bubbles, no subtitles, avoid photorealism, avoid panic, avoid youthful skin or youthful posture."
58,health_sign,process_metaphor,no_host,no_readable_text,,text_to_image,"{""semantic_target"": ""眠っている間に呼吸が止まっているように見える、と言われたことはないでしょうか。"", ""visualizable_core"": ""calm symptom awareness"", ""scene_function"": ""process_metaphor"", ""subject_lock"": ""visible Japanese senior daily-life subject or object-focused cue"", ""context_lock"": ""health_sign"", ""visible_text_need"": ""none"", ""risk_guardrails"": ""no panic, no diagnosis, no repeated vid_001/vid_002 scenes"", ""demographic_lock"": ""silver-gray hair, wrinkles, weathered hands, age-appropriate posture""}","Generate a clean editorial manga illustration in a seinen soft educational style, old-school two-dimensional anime influence, clean ink line art, restrained screentone, flat soft low-saturation colors, warm neutral accents, panel-like clarity, low clutter. A restrained symbolic scene about noticing body signals: a visibly elderly Japanese senior with silver-gray hair, fine wrinkles around the eyes, slightly weathered hands, and relaxed age-appropriate posture calmly touching the forehead or sitting beside a bedside table while a family member observes with concern, no emergency. Japanese domestic morning setting, soft light, safe posture, gentle concern. Keep ordinary Japanese domestic cues, practical senior clothing, soft low-saturation colors, and clear panel-like composition. The image should support this narration beat: 眠っている間に呼吸が止まっているように見える、と言われたことはないでしょうか。 No readable text, no numerals, no speech bubbles, no subtitles, avoid photorealism, avoid panic, avoid youthful skin or youthful posture."
59,health_sign,process_metaphor,no_host,no_readable_text,,text_to_image,"{""semantic_target"": ""朝起きたときに頭が痛い。"", ""visualizable_core"": ""calm symptom awareness"", ""scene_function"": ""process_metaphor"", ""subject_lock"": ""visible Japanese senior daily-life subject or object-focused cue"", ""context_lock"": ""health_sign"", ""visible_text_need"": ""none"", ""risk_guardrails"": ""no panic, no diagnosis, no repeated vid_001/vid_002 scenes"", ""demographic_lock"": ""silver-gray hair, wrinkles, weathered hands, age-appropriate posture""}","Generate a clean editorial manga illustration in a seinen soft educational style, old-school two-dimensional anime influence, clean ink line art, restrained screentone, flat soft low-saturation colors, warm neutral accents, panel-like clarity, low clutter. A restrained symbolic scene about noticing body signals: a visibly elderly Japanese senior with silver-gray hair, fine wrinkles around the eyes, slightly weathered hands, and relaxed age-appropriate posture calmly touching the forehead or sitting beside a bedside table while a family member observes with concern, no emergency. Japanese domestic morning setting, soft light, safe posture, gentle concern. Keep ordinary Japanese domestic cues, practical senior clothing, soft low-saturation colors, and clear panel-like composition. The image should support this narration beat: 朝起きたときに頭が痛い。 No readable text, no numerals, no speech bubbles, no subtitles, avoid photorealism, avoid panic, avoid youthful skin or youthful posture."
60,health_sign,process_metaphor,no_host,no_readable_text,,text_to_image,"{""semantic_target"": ""昼間に強い眠気があり、座っているだけでうとうとしてしまう。"", ""visualizable_core"": ""calm symptom awareness"", ""scene_function"": ""process_metaphor"", ""subject_lock"": ""visible Japanese senior daily-life subject or object-focused cue"", ""context_lock"": ""health_sign"", ""visible_text_need"": ""none"", ""risk_guardrails"": ""no panic, no diagnosis, no repeated vid_001/vid_002 scenes"", ""demographic_lock"": ""silver-gray hair, wrinkles, weathered hands, age-appropriate posture""}","Generate a clean editorial manga illustration in a seinen soft educational style, old-school two-dimensional anime influence, clean ink line art, restrained screentone, flat soft low-saturation colors, warm neutral accents, panel-like clarity, low clutter. A restrained symbolic scene about noticing body signals: a visibly elderly Japanese senior with silver-gray hair, fine wrinkles around the eyes, slightly weathered hands, and relaxed age-appropriate posture calmly touching the forehead or sitting beside a bedside table while a family member observes with concern, no emergency. Japanese domestic morning setting, soft light, safe posture, gentle concern. Keep ordinary Japanese domestic cues, practical senior clothing, soft low-saturation colors, and clear panel-like composition. The image should support this narration beat: 昼間に強い眠気があり、座っているだけでうとうとしてしまう。 No readable text, no numerals, no speech bubbles, no subtitles, avoid photorealism, avoid panic, avoid youthful skin or youthful posture."
61,explanation,object_focus,no_host,no_readable_text,,text_to_image,"{""semantic_target"": ""こうしたサインが重なるときは、睡眠の質が下がっている可能性があります。"", ""visualizable_core"": ""senior wellness explanation"", ""scene_function"": ""object_focus"", ""subject_lock"": ""visible Japanese senior daily-life subject or object-focused cue"", ""context_lock"": ""explanation"", ""visible_text_need"": ""none"", ""risk_guardrails"": ""no panic, no diagnosis, no repeated vid_001/vid_002 scenes"", ""demographic_lock"": ""silver-gray hair, wrinkles, weathered hands, age-appropriate posture""}","Generate a clean editorial manga illustration in a seinen soft educational style, old-school two-dimensional anime influence, clean ink line art, restrained screentone, flat soft low-saturation colors, warm neutral accents, panel-like clarity, low clutter. A calm educational metaphor scene for senior wellness, showing the body clock as soft morning light entering a Japanese home with a visibly elderly Japanese senior with silver-gray hair, fine wrinkles around the eyes, slightly weathered hands, and relaxed age-appropriate posture nearby. Low-clutter symbolic composition, no fake scientific proof, no medical devices. Keep ordinary Japanese domestic cues, practical senior clothing, soft low-saturation colors, and clear panel-like composition. The image should support this narration beat: こうしたサインが重なるときは、睡眠の質が下がっている可能性があります。 No readable text, no numerals, no speech bubbles, no subtitles, avoid photorealism, avoid panic, avoid youthful skin or youthful posture."
62,health_sign,process_metaphor,no_host,no_readable_text,,text_to_image,"{""semantic_target"": ""また、最近薬が変わったあとから、朝のだるさが強くなった場合も、自己判断で薬をやめてはいけません。"", ""visualizable_core"": ""calm symptom awareness"", ""scene_function"": ""process_metaphor"", ""subject_lock"": ""visible Japanese senior daily-life subject or object-focused cue"", ""context_lock"": ""health_sign"", ""visible_text_need"": ""none"", ""risk_guardrails"": ""no panic, no diagnosis, no repeated vid_001/vid_002 scenes"", ""demographic_lock"": ""silver-gray hair, wrinkles, weathered hands, age-appropriate posture""}","Generate a clean editorial manga illustration in a seinen soft educational style, old-school two-dimensional anime influence, clean ink line art, restrained screentone, flat soft low-saturation colors, warm neutral accents, panel-like clarity, low clutter. A restrained symbolic scene about noticing body signals: a visibly elderly Japanese senior with silver-gray hair, fine wrinkles around the eyes, slightly weathered hands, and relaxed age-appropriate posture calmly touching the forehead or sitting beside a bedside table while a family member observes with concern, no emergency. Japanese domestic morning setting, soft light, safe posture, gentle concern. Keep ordinary Japanese domestic cues, practical senior clothing, soft low-saturation colors, and clear panel-like composition. The image should support this narration beat: また、最近薬が変わったあとから、朝のだるさが強くなった場合も、自己判断で薬をやめてはいけません。 No readable text, no numerals, no speech bubbles, no subtitles, avoid photorealism, avoid panic, avoid youthful skin or youthful posture."
63,record_consult,object_focus,no_host,no_readable_text,,text_to_image,"{""semantic_target"": ""薬の飲み方や時間が関係していることもあるので、まずは医師や薬剤師に相談してください。"", ""visualizable_core"": ""simple notebook and consultation cue"", ""scene_function"": ""object_focus"", ""subject_lock"": ""visible Japanese senior daily-life subject or object-focused cue"", ""context_lock"": ""record_consult"", ""visible_text_need"": ""none"", ""risk_guardrails"": ""no panic, no diagnosis, no repeated vid_001/vid_002 scenes"", ""demographic_lock"": ""silver-gray hair, wrinkles, weathered hands, age-appropriate posture""}","Generate a clean editorial manga illustration in a seinen soft educational style, old-school two-dimensional anime influence, clean ink line art, restrained screentone, flat soft low-saturation colors, warm neutral accents, panel-like clarity, low clutter. A close calm view of weathered senior hands writing simple marks in a small notebook, or holding it during an ordinary routine clinic consultation context. Ordinary Japanese home table or calm clinic waiting space, blank-looking notebook pages with no readable text. Keep ordinary Japanese domestic cues, practical senior clothing, soft low-saturation colors, and clear panel-like composition. The image should support this narration beat: 薬の飲み方や時間が関係していることもあるので、まずは医師や薬剤師に相談してください。 No readable text, no numerals, no speech bubbles, no subtitles, avoid photorealism, avoid panic, avoid youthful skin or youthful posture."
64,health_sign,process_metaphor,no_host,no_readable_text,,text_to_image,"{""semantic_target"": ""食欲が落ちた。"", ""visualizable_core"": ""calm symptom awareness"", ""scene_function"": ""process_metaphor"", ""subject_lock"": ""visible Japanese senior daily-life subject or object-focused cue"", ""context_lock"": ""health_sign"", ""visible_text_need"": ""none"", ""risk_guardrails"": ""no panic, no diagnosis, no repeated vid_001/vid_002 scenes"", ""demographic_lock"": ""silver-gray hair, wrinkles, weathered hands, age-appropriate posture""}","Generate a clean editorial manga illustration in a seinen soft educational style, old-school two-dimensional anime influence, clean ink line art, restrained screentone, flat soft low-saturation colors, warm neutral accents, panel-like clarity, low clutter. A restrained symbolic scene about noticing body signals: a visibly elderly Japanese senior with silver-gray hair, fine wrinkles around the eyes, slightly weathered hands, and relaxed age-appropriate posture calmly touching the forehead or sitting beside a bedside table while a family member observes with concern, no emergency. Japanese domestic morning setting, soft light, safe posture, gentle concern. Keep ordinary Japanese domestic cues, practical senior clothing, soft low-saturation colors, and clear panel-like composition. The image should support this narration beat: 食欲が落ちた。 No readable text, no numerals, no speech bubbles, no subtitles, avoid photorealism, avoid panic, avoid youthful skin or youthful posture."
65,health_sign,process_metaphor,no_host,no_readable_text,,text_to_image,"{""semantic_target"": ""体重が急に減った。"", ""visualizable_core"": ""calm symptom awareness"", ""scene_function"": ""process_metaphor"", ""subject_lock"": ""visible Japanese senior daily-life subject or object-focused cue"", ""context_lock"": ""health_sign"", ""visible_text_need"": ""none"", ""risk_guardrails"": ""no panic, no diagnosis, no repeated vid_001/vid_002 scenes"", ""demographic_lock"": ""silver-gray hair, wrinkles, weathered hands, age-appropriate posture""}","Generate a clean editorial manga illustration in a seinen soft educational style, old-school two-dimensional anime influence, clean ink line art, restrained screentone, flat soft low-saturation colors, warm neutral accents, panel-like clarity, low clutter. A restrained symbolic scene about noticing body signals: a visibly elderly Japanese senior with silver-gray hair, fine wrinkles around the eyes, slightly weathered hands, and relaxed age-appropriate posture calmly touching the forehead or sitting beside a bedside table while a family member observes with concern, no emergency. Japanese domestic morning setting, soft light, safe posture, gentle concern. Keep ordinary Japanese domestic cues, practical senior clothing, soft low-saturation colors, and clear panel-like composition. The image should support this narration beat: 体重が急に減った。 No readable text, no numerals, no speech bubbles, no subtitles, avoid photorealism, avoid panic, avoid youthful skin or youthful posture."
66,health_sign,process_metaphor,no_host,no_readable_text,,text_to_image,"{""semantic_target"": ""気持ちが沈んで、好きだったことにも興味が湧かない。"", ""visualizable_core"": ""calm symptom awareness"", ""scene_function"": ""process_metaphor"", ""subject_lock"": ""visible Japanese senior daily-life subject or object-focused cue"", ""context_lock"": ""health_sign"", ""visible_text_need"": ""none"", ""risk_guardrails"": ""no panic, no diagnosis, no repeated vid_001/vid_002 scenes"", ""demographic_lock"": ""silver-gray hair, wrinkles, weathered hands, age-appropriate posture""}","Generate a clean editorial manga illustration in a seinen soft educational style, old-school two-dimensional anime influence, clean ink line art, restrained screentone, flat soft low-saturation colors, warm neutral accents, panel-like clarity, low clutter. A restrained symbolic scene about noticing body signals: a visibly elderly Japanese senior with silver-gray hair, fine wrinkles around the eyes, slightly weathered hands, and relaxed age-appropriate posture calmly touching the forehead or sitting beside a bedside table while a family member observes with concern, no emergency. Japanese domestic morning setting, soft light, safe posture, gentle concern. Keep ordinary Japanese domestic cues, practical senior clothing, soft low-saturation colors, and clear panel-like composition. The image should support this narration beat: 気持ちが沈んで、好きだったことにも興味が湧かない。 No readable text, no numerals, no speech bubbles, no subtitles, avoid photorealism, avoid panic, avoid youthful skin or youthful posture."
67,health_sign,process_metaphor,no_host,no_readable_text,,text_to_image,"{""semantic_target"": ""息切れや胸の痛み、強いめまいがある。"", ""visualizable_core"": ""calm symptom awareness"", ""scene_function"": ""process_metaphor"", ""subject_lock"": ""visible Japanese senior daily-life subject or object-focused cue"", ""context_lock"": ""health_sign"", ""visible_text_need"": ""none"", ""risk_guardrails"": ""no panic, no diagnosis, no repeated vid_001/vid_002 scenes"", ""demographic_lock"": ""silver-gray hair, wrinkles, weathered hands, age-appropriate posture""}","Generate a clean editorial manga illustration in a seinen soft educational style, old-school two-dimensional anime influence, clean ink line art, restrained screentone, flat soft low-saturation colors, warm neutral accents, panel-like clarity, low clutter. A restrained symbolic scene about noticing body signals: a visibly elderly Japanese senior with silver-gray hair, fine wrinkles around the eyes, slightly weathered hands, and relaxed age-appropriate posture calmly touching the forehead or sitting beside a bedside table while a family member observes with concern, no emergency. Japanese domestic morning setting, soft light, safe posture, gentle concern. Keep ordinary Japanese domestic cues, practical senior clothing, soft low-saturation colors, and clear panel-like composition. The image should support this narration beat: 息切れや胸の痛み、強いめまいがある。 No readable text, no numerals, no speech bubbles, no subtitles, avoid photorealism, avoid panic, avoid youthful skin or youthful posture."
68,explanation,comparison_pair,no_host,no_readable_text,,text_to_image,"{""semantic_target"": ""このような変化があるときも、朝のだるさだけの問題として済ませない方が安心です。"", ""visualizable_core"": ""senior wellness explanation"", ""scene_function"": ""comparison_pair"", ""subject_lock"": ""visible Japanese senior daily-life subject or object-focused cue"", ""context_lock"": ""explanation"", ""visible_text_need"": ""none"", ""risk_guardrails"": ""no panic, no diagnosis, no repeated vid_001/vid_002 scenes"", ""demographic_lock"": ""silver-gray hair, wrinkles, weathered hands, age-appropriate posture""}","Generate a clean editorial manga illustration in a seinen soft educational style, old-school two-dimensional anime influence, clean ink line art, restrained screentone, flat soft low-saturation colors, warm neutral accents, panel-like clarity, low clutter. A calm educational metaphor scene for senior wellness, showing the body clock as soft morning light entering a Japanese home with a visibly elderly Japanese senior with silver-gray hair, fine wrinkles around the eyes, slightly weathered hands, and relaxed age-appropriate posture nearby. Low-clutter symbolic composition, no fake scientific proof, no medical devices. Keep ordinary Japanese domestic cues, practical senior clothing, soft low-saturation colors, and clear panel-like composition. The image should support this narration beat: このような変化があるときも、朝のだるさだけの問題として済ませない方が安心です。 No readable text, no numerals, no speech bubbles, no subtitles, avoid photorealism, avoid panic, avoid youthful skin or youthful posture."
69,record_consult,object_focus,no_host,no_readable_text,,text_to_image,"{""semantic_target"": ""相談するときに役立つのが、簡単なメモです。"", ""visualizable_core"": ""simple notebook and consultation cue"", ""scene_function"": ""object_focus"", ""subject_lock"": ""visible Japanese senior daily-life subject or object-focused cue"", ""context_lock"": ""record_consult"", ""visible_text_need"": ""none"", ""risk_guardrails"": ""no panic, no diagnosis, no repeated vid_001/vid_002 scenes"", ""demographic_lock"": ""silver-gray hair, wrinkles, weathered hands, age-appropriate posture""}","Generate a clean editorial manga illustration in a seinen soft educational style, old-school two-dimensional anime influence, clean ink line art, restrained screentone, flat soft low-saturation colors, warm neutral accents, panel-like clarity, low clutter. A close calm view of weathered senior hands writing simple marks in a small notebook, or holding it during an ordinary routine clinic consultation context. Ordinary Japanese home table or calm clinic waiting space, blank-looking notebook pages with no readable text. Keep ordinary Japanese domestic cues, practical senior clothing, soft low-saturation colors, and clear panel-like composition. The image should support this narration beat: 相談するときに役立つのが、簡単なメモです。 No readable text, no numerals, no speech bubbles, no subtitles, avoid photorealism, avoid panic, avoid youthful skin or youthful posture."
70,explanation,everyday_example,no_host,no_readable_text,,text_to_image,"{""semantic_target"": ""何時に寝て、何時に起きたか。"", ""visualizable_core"": ""senior wellness explanation"", ""scene_function"": ""everyday_example"", ""subject_lock"": ""visible Japanese senior daily-life subject or object-focused cue"", ""context_lock"": ""explanation"", ""visible_text_need"": ""none"", ""risk_guardrails"": ""no panic, no diagnosis, no repeated vid_001/vid_002 scenes"", ""demographic_lock"": ""silver-gray hair, wrinkles, weathered hands, age-appropriate posture""}","Generate a clean editorial manga illustration in a seinen soft educational style, old-school two-dimensional anime influence, clean ink line art, restrained screentone, flat soft low-saturation colors, warm neutral accents, panel-like clarity, low clutter. A calm educational metaphor scene for senior wellness, showing the body clock as soft morning light entering a Japanese home with a visibly elderly Japanese senior with silver-gray hair, fine wrinkles around the eyes, slightly weathered hands, and relaxed age-appropriate posture nearby. Low-clutter symbolic composition, no fake scientific proof, no medical devices. Keep ordinary Japanese domestic cues, practical senior clothing, soft low-saturation colors, and clear panel-like composition. The image should support this narration beat: 何時に寝て、何時に起きたか。 No readable text, no numerals, no speech bubbles, no subtitles, avoid photorealism, avoid panic, avoid youthful skin or youthful posture."
71,night_environment,environment_bridge,no_host,no_readable_text,,text_to_image,"{""semantic_target"": ""夜中に何回くらい目が覚めたか。"", ""visualizable_core"": ""bedroom environment"", ""scene_function"": ""environment_bridge"", ""subject_lock"": ""visible Japanese senior daily-life subject or object-focused cue"", ""context_lock"": ""night_environment"", ""visible_text_need"": ""none"", ""risk_guardrails"": ""no panic, no diagnosis, no repeated vid_001/vid_002 scenes"", ""demographic_lock"": ""silver-gray hair, wrinkles, weathered hands, age-appropriate posture""}","Generate a clean editorial manga illustration in a seinen soft educational style, old-school two-dimensional anime influence, clean ink line art, restrained screentone, flat soft low-saturation colors, warm neutral accents, panel-like clarity, low clutter. A quiet Japanese bedroom scene with a visibly elderly Japanese senior with silver-gray hair, fine wrinkles around the eyes, slightly weathered hands, and relaxed age-appropriate posture preparing a calmer sleep environment, dim warm lamp, smartphone placed away from the pillow, bedding arranged neatly. Evening atmosphere, darkened room, calm household props, no visible screen content. Keep ordinary Japanese domestic cues, practical senior clothing, soft low-saturation colors, and clear panel-like composition. The image should support this narration beat: 夜中に何回くらい目が覚めたか。 No readable text, no numerals, no speech bubbles, no subtitles, avoid photorealism, avoid panic, avoid youthful skin or youthful posture."
72,explanation,process_metaphor,no_host,no_readable_text,,text_to_image,"{""semantic_target"": ""朝のだるさは、軽いのか、動けないほどなのか。"", ""visualizable_core"": ""senior wellness explanation"", ""scene_function"": ""process_metaphor"", ""subject_lock"": ""visible Japanese senior daily-life subject or object-focused cue"", ""context_lock"": ""explanation"", ""visible_text_need"": ""none"", ""risk_guardrails"": ""no panic, no diagnosis, no repeated vid_001/vid_002 scenes"", ""demographic_lock"": ""silver-gray hair, wrinkles, weathered hands, age-appropriate posture""}","Generate a clean editorial manga illustration in a seinen soft educational style, old-school two-dimensional anime influence, clean ink line art, restrained screentone, flat soft low-saturation colors, warm neutral accents, panel-like clarity, low clutter. A calm educational metaphor scene for senior wellness, showing the body clock as soft morning light entering a Japanese home with a visibly elderly Japanese senior with silver-gray hair, fine wrinkles around the eyes, slightly weathered hands, and relaxed age-appropriate posture nearby. Low-clutter symbolic composition, no fake scientific proof, no medical devices. Keep ordinary Japanese domestic cues, practical senior clothing, soft low-saturation colors, and clear panel-like composition. The image should support this narration beat: 朝のだるさは、軽いのか、動けないほどなのか。 No readable text, no numerals, no speech bubbles, no subtitles, avoid photorealism, avoid panic, avoid youthful skin or youthful posture."
73,explanation,comparison_pair,no_host,no_readable_text,,text_to_image,"{""semantic_target"": ""昼間に眠くなる時間はあるか。"", ""visualizable_core"": ""senior wellness explanation"", ""scene_function"": ""comparison_pair"", ""subject_lock"": ""visible Japanese senior daily-life subject or object-focused cue"", ""context_lock"": ""explanation"", ""visible_text_need"": ""none"", ""risk_guardrails"": ""no panic, no diagnosis, no repeated vid_001/vid_002 scenes"", ""demographic_lock"": ""silver-gray hair, wrinkles, weathered hands, age-appropriate posture""}","Generate a clean editorial manga illustration in a seinen soft educational style, old-school two-dimensional anime influence, clean ink line art, restrained screentone, flat soft low-saturation colors, warm neutral accents, panel-like clarity, low clutter. A calm educational metaphor scene for senior wellness, showing the body clock as soft morning light entering a Japanese home with a visibly elderly Japanese senior with silver-gray hair, fine wrinkles around the eyes, slightly weathered hands, and relaxed age-appropriate posture nearby. Low-clutter symbolic composition, no fake scientific proof, no medical devices. Keep ordinary Japanese domestic cues, practical senior clothing, soft low-saturation colors, and clear panel-like composition. The image should support this narration beat: 昼間に眠くなる時間はあるか。 No readable text, no numerals, no speech bubbles, no subtitles, avoid photorealism, avoid panic, avoid youthful skin or youthful posture."
74,health_sign,process_metaphor,no_host,no_readable_text,,text_to_image,"{""semantic_target"": ""いびきや呼吸のことを、家族に言われたことがあるか。"", ""visualizable_core"": ""calm symptom awareness"", ""scene_function"": ""process_metaphor"", ""subject_lock"": ""visible Japanese senior daily-life subject or object-focused cue"", ""context_lock"": ""health_sign"", ""visible_text_need"": ""none"", ""risk_guardrails"": ""no panic, no diagnosis, no repeated vid_001/vid_002 scenes"", ""demographic_lock"": ""silver-gray hair, wrinkles, weathered hands, age-appropriate posture""}","Generate a clean editorial manga illustration in a seinen soft educational style, old-school two-dimensional anime influence, clean ink line art, restrained screentone, flat soft low-saturation colors, warm neutral accents, panel-like clarity, low clutter. A restrained symbolic scene about noticing body signals: a visibly elderly Japanese senior with silver-gray hair, fine wrinkles around the eyes, slightly weathered hands, and relaxed age-appropriate posture calmly touching the forehead or sitting beside a bedside table while a family member observes with concern, no emergency. Japanese domestic morning setting, soft light, safe posture, gentle concern. Keep ordinary Japanese domestic cues, practical senior clothing, soft low-saturation colors, and clear panel-like composition. The image should support this narration beat: いびきや呼吸のことを、家族に言われたことがあるか。 No readable text, no numerals, no speech bubbles, no subtitles, avoid photorealism, avoid panic, avoid youthful skin or youthful posture."
75,record_consult,object_focus,no_host,no_readable_text,,text_to_image,"{""semantic_target"": ""こうしたことを数日だけでも書いておくと、診察のときに伝えやすくなります。"", ""visualizable_core"": ""simple notebook and consultation cue"", ""scene_function"": ""object_focus"", ""subject_lock"": ""visible Japanese senior daily-life subject or object-focused cue"", ""context_lock"": ""record_consult"", ""visible_text_need"": ""none"", ""risk_guardrails"": ""no panic, no diagnosis, no repeated vid_001/vid_002 scenes"", ""demographic_lock"": ""silver-gray hair, wrinkles, weathered hands, age-appropriate posture""}","Generate a clean editorial manga illustration in a seinen soft educational style, old-school two-dimensional anime influence, clean ink line art, restrained screentone, flat soft low-saturation colors, warm neutral accents, panel-like clarity, low clutter. A close calm view of weathered senior hands writing simple marks in a small notebook, or holding it during an ordinary routine clinic consultation context. Ordinary Japanese home table or calm clinic waiting space, blank-looking notebook pages with no readable text. Keep ordinary Japanese domestic cues, practical senior clothing, soft low-saturation colors, and clear panel-like composition. The image should support this narration beat: こうしたことを数日だけでも書いておくと、診察のときに伝えやすくなります。 No readable text, no numerals, no speech bubbles, no subtitles, avoid photorealism, avoid panic, avoid youthful skin or youthful posture."
76,record_consult,object_focus,no_host,no_readable_text,,text_to_image,"{""semantic_target"": ""完璧な記録でなくて大丈夫です。"", ""visualizable_core"": ""simple notebook and consultation cue"", ""scene_function"": ""object_focus"", ""subject_lock"": ""visible Japanese senior daily-life subject or object-focused cue"", ""context_lock"": ""record_consult"", ""visible_text_need"": ""none"", ""risk_guardrails"": ""no panic, no diagnosis, no repeated vid_001/vid_002 scenes"", ""demographic_lock"": ""silver-gray hair, wrinkles, weathered hands, age-appropriate posture""}","Generate a clean editorial manga illustration in a seinen soft educational style, old-school two-dimensional anime influence, clean ink line art, restrained screentone, flat soft low-saturation colors, warm neutral accents, panel-like clarity, low clutter. A close calm view of weathered senior hands writing simple marks in a small notebook, or holding it during an ordinary routine clinic consultation context. Ordinary Japanese home table or calm clinic waiting space, blank-looking notebook pages with no readable text. Keep ordinary Japanese domestic cues, practical senior clothing, soft low-saturation colors, and clear panel-like composition. The image should support this narration beat: 完璧な記録でなくて大丈夫です。 No readable text, no numerals, no speech bubbles, no subtitles, avoid photorealism, avoid panic, avoid youthful skin or youthful posture."
77,explanation,process_metaphor,no_host,no_readable_text,,text_to_image,"{""semantic_target"": ""丸をつけるだけでも、短い言葉だけでも構いません。"", ""visualizable_core"": ""senior wellness explanation"", ""scene_function"": ""process_metaphor"", ""subject_lock"": ""visible Japanese senior daily-life subject or object-focused cue"", ""context_lock"": ""explanation"", ""visible_text_need"": ""none"", ""risk_guardrails"": ""no panic, no diagnosis, no repeated vid_001/vid_002 scenes"", ""demographic_lock"": ""silver-gray hair, wrinkles, weathered hands, age-appropriate posture""}","Generate a clean editorial manga illustration in a seinen soft educational style, old-school two-dimensional anime influence, clean ink line art, restrained screentone, flat soft low-saturation colors, warm neutral accents, panel-like clarity, low clutter. A calm educational metaphor scene for senior wellness, showing the body clock as soft morning light entering a Japanese home with a visibly elderly Japanese senior with silver-gray hair, fine wrinkles around the eyes, slightly weathered hands, and relaxed age-appropriate posture nearby. Low-clutter symbolic composition, no fake scientific proof, no medical devices. Keep ordinary Japanese domestic cues, practical senior clothing, soft low-saturation colors, and clear panel-like composition. The image should support this narration beat: 丸をつけるだけでも、短い言葉だけでも構いません。 No readable text, no numerals, no speech bubbles, no subtitles, avoid photorealism, avoid panic, avoid youthful skin or youthful posture."
78,explanation,comparison_pair,no_host,no_readable_text,,text_to_image,"{""semantic_target"": ""大事なのは、なんとなくだるい、で終わらせず、体の変化を見える形にすることです。"", ""visualizable_core"": ""senior wellness explanation"", ""scene_function"": ""comparison_pair"", ""subject_lock"": ""visible Japanese senior daily-life subject or object-focused cue"", ""context_lock"": ""explanation"", ""visible_text_need"": ""none"", ""risk_guardrails"": ""no panic, no diagnosis, no repeated vid_001/vid_002 scenes"", ""demographic_lock"": ""silver-gray hair, wrinkles, weathered hands, age-appropriate posture""}","Generate a clean editorial manga illustration in a seinen soft educational style, old-school two-dimensional anime influence, clean ink line art, restrained screentone, flat soft low-saturation colors, warm neutral accents, panel-like clarity, low clutter. A calm educational metaphor scene for senior wellness, showing the body clock as soft morning light entering a Japanese home with a visibly elderly Japanese senior with silver-gray hair, fine wrinkles around the eyes, slightly weathered hands, and relaxed age-appropriate posture nearby. Low-clutter symbolic composition, no fake scientific proof, no medical devices. Keep ordinary Japanese domestic cues, practical senior clothing, soft low-saturation colors, and clear panel-like composition. The image should support this narration beat: 大事なのは、なんとなくだるい、で終わらせず、体の変化を見える形にすることです。 No readable text, no numerals, no speech bubbles, no subtitles, avoid photorealism, avoid panic, avoid youthful skin or youthful posture."
79,explanation,environment_bridge,no_host,no_readable_text,,text_to_image,"{""semantic_target"": ""ここで、注意していただきたいことがあります。"", ""visualizable_core"": ""senior wellness explanation"", ""scene_function"": ""environment_bridge"", ""subject_lock"": ""visible Japanese senior daily-life subject or object-focused cue"", ""context_lock"": ""explanation"", ""visible_text_need"": ""none"", ""risk_guardrails"": ""no panic, no diagnosis, no repeated vid_001/vid_002 scenes"", ""demographic_lock"": ""silver-gray hair, wrinkles, weathered hands, age-appropriate posture""}","Generate a clean editorial manga illustration in a seinen soft educational style, old-school two-dimensional anime influence, clean ink line art, restrained screentone, flat soft low-saturation colors, warm neutral accents, panel-like clarity, low clutter. A calm educational metaphor scene for senior wellness, showing the body clock as soft morning light entering a Japanese home with a visibly elderly Japanese senior with silver-gray hair, fine wrinkles around the eyes, slightly weathered hands, and relaxed age-appropriate posture nearby. Low-clutter symbolic composition, no fake scientific proof, no medical devices. Keep ordinary Japanese domestic cues, practical senior clothing, soft low-saturation colors, and clear panel-like composition. The image should support this narration beat: ここで、注意していただきたいことがあります。 No readable text, no numerals, no speech bubbles, no subtitles, avoid photorealism, avoid panic, avoid youthful skin or youthful posture."
80,explanation,everyday_example,no_host,no_readable_text,,text_to_image,"{""semantic_target"": ""朝のだるさを、サプリや健康食品だけで何とかしようとしないでください。"", ""visualizable_core"": ""senior wellness explanation"", ""scene_function"": ""everyday_example"", ""subject_lock"": ""visible Japanese senior daily-life subject or object-focused cue"", ""context_lock"": ""explanation"", ""visible_text_need"": ""none"", ""risk_guardrails"": ""no panic, no diagnosis, no repeated vid_001/vid_002 scenes"", ""demographic_lock"": ""silver-gray hair, wrinkles, weathered hands, age-appropriate posture""}","Generate a clean editorial manga illustration in a seinen soft educational style, old-school two-dimensional anime influence, clean ink line art, restrained screentone, flat soft low-saturation colors, warm neutral accents, panel-like clarity, low clutter. A calm educational metaphor scene for senior wellness, showing the body clock as soft morning light entering a Japanese home with a visibly elderly Japanese senior with silver-gray hair, fine wrinkles around the eyes, slightly weathered hands, and relaxed age-appropriate posture nearby. Low-clutter symbolic composition, no fake scientific proof, no medical devices. Keep ordinary Japanese domestic cues, practical senior clothing, soft low-saturation colors, and clear panel-like composition. The image should support this narration beat: 朝のだるさを、サプリや健康食品だけで何とかしようとしないでください。 No readable text, no numerals, no speech bubbles, no subtitles, avoid photorealism, avoid panic, avoid youthful skin or youthful posture."
81,record_consult,object_focus,no_host,no_readable_text,,text_to_image,"{""semantic_target"": ""合うものがある方もいるかもしれませんが、原因が別にある場合、見つけるのが遅れてしまうことがあります。"", ""visualizable_core"": ""simple notebook and consultation cue"", ""scene_function"": ""object_focus"", ""subject_lock"": ""visible Japanese senior daily-life subject or object-focused cue"", ""context_lock"": ""record_consult"", ""visible_text_need"": ""none"", ""risk_guardrails"": ""no panic, no diagnosis, no repeated vid_001/vid_002 scenes"", ""demographic_lock"": ""silver-gray hair, wrinkles, weathered hands, age-appropriate posture""}","Generate a clean editorial manga illustration in a seinen soft educational style, old-school two-dimensional anime influence, clean ink line art, restrained screentone, flat soft low-saturation colors, warm neutral accents, panel-like clarity, low clutter. A close calm view of weathered senior hands writing simple marks in a small notebook, or holding it during an ordinary routine clinic consultation context. Ordinary Japanese home table or calm clinic waiting space, blank-looking notebook pages with no readable text. Keep ordinary Japanese domestic cues, practical senior clothing, soft low-saturation colors, and clear panel-like composition. The image should support this narration beat: 合うものがある方もいるかもしれませんが、原因が別にある場合、見つけるのが遅れてしまうことがあります。 No readable text, no numerals, no speech bubbles, no subtitles, avoid photorealism, avoid panic, avoid youthful skin or youthful posture."
82,record_consult,object_focus,no_host,no_readable_text,,text_to_image,"{""semantic_target"": ""特に、強い眠気や息切れ、胸の痛み、体重の変化があるときは、早めにかかりつけ医に相談しましょう。"", ""visualizable_core"": ""simple notebook and consultation cue"", ""scene_function"": ""object_focus"", ""subject_lock"": ""visible Japanese senior daily-life subject or object-focused cue"", ""context_lock"": ""record_consult"", ""visible_text_need"": ""none"", ""risk_guardrails"": ""no panic, no diagnosis, no repeated vid_001/vid_002 scenes"", ""demographic_lock"": ""silver-gray hair, wrinkles, weathered hands, age-appropriate posture""}","Generate a clean editorial manga illustration in a seinen soft educational style, old-school two-dimensional anime influence, clean ink line art, restrained screentone, flat soft low-saturation colors, warm neutral accents, panel-like clarity, low clutter. A close calm view of weathered senior hands writing simple marks in a small notebook, or holding it during an ordinary routine clinic consultation context. Ordinary Japanese home table or calm clinic waiting space, blank-looking notebook pages with no readable text. Keep ordinary Japanese domestic cues, practical senior clothing, soft low-saturation colors, and clear panel-like composition. The image should support this narration beat: 特に、強い眠気や息切れ、胸の痛み、体重の変化があるときは、早めにかかりつけ医に相談しましょう。 No readable text, no numerals, no speech bubbles, no subtitles, avoid photorealism, avoid panic, avoid youthful skin or youthful posture."
83,explanation,comparison_pair,no_host,no_readable_text,,text_to_image,"{""semantic_target"": ""この動画は、日常の見直しのきっかけとしてお届けしています。"", ""visualizable_core"": ""senior wellness explanation"", ""scene_function"": ""comparison_pair"", ""subject_lock"": ""visible Japanese senior daily-life subject or object-focused cue"", ""context_lock"": ""explanation"", ""visible_text_need"": ""none"", ""risk_guardrails"": ""no panic, no diagnosis, no repeated vid_001/vid_002 scenes"", ""demographic_lock"": ""silver-gray hair, wrinkles, weathered hands, age-appropriate posture""}","Generate a clean editorial manga illustration in a seinen soft educational style, old-school two-dimensional anime influence, clean ink line art, restrained screentone, flat soft low-saturation colors, warm neutral accents, panel-like clarity, low clutter. A calm educational metaphor scene for senior wellness, showing the body clock as soft morning light entering a Japanese home with a visibly elderly Japanese senior with silver-gray hair, fine wrinkles around the eyes, slightly weathered hands, and relaxed age-appropriate posture nearby. Low-clutter symbolic composition, no fake scientific proof, no medical devices. Keep ordinary Japanese domestic cues, practical senior clothing, soft low-saturation colors, and clear panel-like composition. The image should support this narration beat: この動画は、日常の見直しのきっかけとしてお届けしています。 No readable text, no numerals, no speech bubbles, no subtitles, avoid photorealism, avoid panic, avoid youthful skin or youthful posture."
84,explanation,environment_bridge,no_host,no_readable_text,,text_to_image,"{""semantic_target"": ""個別の症状や持病がある方は、自己判断せず、医療者の助言を優先してください。"", ""visualizable_core"": ""senior wellness explanation"", ""scene_function"": ""environment_bridge"", ""subject_lock"": ""visible Japanese senior daily-life subject or object-focused cue"", ""context_lock"": ""explanation"", ""visible_text_need"": ""none"", ""risk_guardrails"": ""no panic, no diagnosis, no repeated vid_001/vid_002 scenes"", ""demographic_lock"": ""silver-gray hair, wrinkles, weathered hands, age-appropriate posture""}","Generate a clean editorial manga illustration in a seinen soft educational style, old-school two-dimensional anime influence, clean ink line art, restrained screentone, flat soft low-saturation colors, warm neutral accents, panel-like clarity, low clutter. A calm educational metaphor scene for senior wellness, showing the body clock as soft morning light entering a Japanese home with a visibly elderly Japanese senior with silver-gray hair, fine wrinkles around the eyes, slightly weathered hands, and relaxed age-appropriate posture nearby. Low-clutter symbolic composition, no fake scientific proof, no medical devices. Keep ordinary Japanese domestic cues, practical senior clothing, soft low-saturation colors, and clear panel-like composition. The image should support this narration beat: 個別の症状や持病がある方は、自己判断せず、医療者の助言を優先してください。 No readable text, no numerals, no speech bubbles, no subtitles, avoid photorealism, avoid panic, avoid youthful skin or youthful posture."
85,record_consult,object_focus,no_host,no_readable_text,,text_to_image,"{""semantic_target"": ""もうひとつ、相談の前に覚えておきたいのは、だるさの強さを比べることです。"", ""visualizable_core"": ""simple notebook and consultation cue"", ""scene_function"": ""object_focus"", ""subject_lock"": ""visible Japanese senior daily-life subject or object-focused cue"", ""context_lock"": ""record_consult"", ""visible_text_need"": ""none"", ""risk_guardrails"": ""no panic, no diagnosis, no repeated vid_001/vid_002 scenes"", ""demographic_lock"": ""silver-gray hair, wrinkles, weathered hands, age-appropriate posture""}","Generate a clean editorial manga illustration in a seinen soft educational style, old-school two-dimensional anime influence, clean ink line art, restrained screentone, flat soft low-saturation colors, warm neutral accents, panel-like clarity, low clutter. A close calm view of weathered senior hands writing simple marks in a small notebook, or holding it during an ordinary routine clinic consultation context. Ordinary Japanese home table or calm clinic waiting space, blank-looking notebook pages with no readable text. Keep ordinary Japanese domestic cues, practical senior clothing, soft low-saturation colors, and clear panel-like composition. The image should support this narration beat: もうひとつ、相談の前に覚えておきたいのは、だるさの強さを比べることです。 No readable text, no numerals, no speech bubbles, no subtitles, avoid photorealism, avoid panic, avoid youthful skin or youthful posture."
86,explanation,object_focus,no_host,no_readable_text,,text_to_image,"{""semantic_target"": ""昨日より少し重いのか、毎朝同じように続くのか。"", ""visualizable_core"": ""senior wellness explanation"", ""scene_function"": ""object_focus"", ""subject_lock"": ""visible Japanese senior daily-life subject or object-focused cue"", ""context_lock"": ""explanation"", ""visible_text_need"": ""none"", ""risk_guardrails"": ""no panic, no diagnosis, no repeated vid_001/vid_002 scenes"", ""demographic_lock"": ""silver-gray hair, wrinkles, weathered hands, age-appropriate posture""}","Generate a clean editorial manga illustration in a seinen soft educational style, old-school two-dimensional anime influence, clean ink line art, restrained screentone, flat soft low-saturation colors, warm neutral accents, panel-like clarity, low clutter. A calm educational metaphor scene for senior wellness, showing the body clock as soft morning light entering a Japanese home with a visibly elderly Japanese senior with silver-gray hair, fine wrinkles around the eyes, slightly weathered hands, and relaxed age-appropriate posture nearby. Low-clutter symbolic composition, no fake scientific proof, no medical devices. Keep ordinary Japanese domestic cues, practical senior clothing, soft low-saturation colors, and clear panel-like composition. The image should support this narration beat: 昨日より少し重いのか、毎朝同じように続くのか。 No readable text, no numerals, no speech bubbles, no subtitles, avoid photorealism, avoid panic, avoid youthful skin or youthful posture."
87,explanation,process_metaphor,no_host,no_readable_text,,text_to_image,"{""semantic_target"": ""家事を始めるまでに、いつもより時間がかかるのか。"", ""visualizable_core"": ""senior wellness explanation"", ""scene_function"": ""process_metaphor"", ""subject_lock"": ""visible Japanese senior daily-life subject or object-focused cue"", ""context_lock"": ""explanation"", ""visible_text_need"": ""none"", ""risk_guardrails"": ""no panic, no diagnosis, no repeated vid_001/vid_002 scenes"", ""demographic_lock"": ""silver-gray hair, wrinkles, weathered hands, age-appropriate posture""}","Generate a clean editorial manga illustration in a seinen soft educational style, old-school two-dimensional anime influence, clean ink line art, restrained screentone, flat soft low-saturation colors, warm neutral accents, panel-like clarity, low clutter. A calm educational metaphor scene for senior wellness, showing the body clock as soft morning light entering a Japanese home with a visibly elderly Japanese senior with silver-gray hair, fine wrinkles around the eyes, slightly weathered hands, and relaxed age-appropriate posture nearby. Low-clutter symbolic composition, no fake scientific proof, no medical devices. Keep ordinary Japanese domestic cues, practical senior clothing, soft low-saturation colors, and clear panel-like composition. The image should support this narration beat: 家事を始めるまでに、いつもより時間がかかるのか。 No readable text, no numerals, no speech bubbles, no subtitles, avoid photorealism, avoid panic, avoid youthful skin or youthful posture."
88,explanation,comparison_pair,no_host,no_readable_text,,text_to_image,"{""semantic_target"": ""午後になると楽になるのか、それとも一日中続くのか。"", ""visualizable_core"": ""senior wellness explanation"", ""scene_function"": ""comparison_pair"", ""subject_lock"": ""visible Japanese senior daily-life subject or object-focused cue"", ""context_lock"": ""explanation"", ""visible_text_need"": ""none"", ""risk_guardrails"": ""no panic, no diagnosis, no repeated vid_001/vid_002 scenes"", ""demographic_lock"": ""silver-gray hair, wrinkles, weathered hands, age-appropriate posture""}","Generate a clean editorial manga illustration in a seinen soft educational style, old-school two-dimensional anime influence, clean ink line art, restrained screentone, flat soft low-saturation colors, warm neutral accents, panel-like clarity, low clutter. A calm educational metaphor scene for senior wellness, showing the body clock as soft morning light entering a Japanese home with a visibly elderly Japanese senior with silver-gray hair, fine wrinkles around the eyes, slightly weathered hands, and relaxed age-appropriate posture nearby. Low-clutter symbolic composition, no fake scientific proof, no medical devices. Keep ordinary Japanese domestic cues, practical senior clothing, soft low-saturation colors, and clear panel-like composition. The image should support this narration beat: 午後になると楽になるのか、それとも一日中続くのか。 No readable text, no numerals, no speech bubbles, no subtitles, avoid photorealism, avoid panic, avoid youthful skin or youthful posture."
89,record_consult,object_focus,no_host,no_readable_text,,text_to_image,"{""semantic_target"": ""こうした違いは、診察の場で原因を考える手がかりになります。"", ""visualizable_core"": ""simple notebook and consultation cue"", ""scene_function"": ""object_focus"", ""subject_lock"": ""visible Japanese senior daily-life subject or object-focused cue"", ""context_lock"": ""record_consult"", ""visible_text_need"": ""none"", ""risk_guardrails"": ""no panic, no diagnosis, no repeated vid_001/vid_002 scenes"", ""demographic_lock"": ""silver-gray hair, wrinkles, weathered hands, age-appropriate posture""}","Generate a clean editorial manga illustration in a seinen soft educational style, old-school two-dimensional anime influence, clean ink line art, restrained screentone, flat soft low-saturation colors, warm neutral accents, panel-like clarity, low clutter. A close calm view of weathered senior hands writing simple marks in a small notebook, or holding it during an ordinary routine clinic consultation context. Ordinary Japanese home table or calm clinic waiting space, blank-looking notebook pages with no readable text. Keep ordinary Japanese domestic cues, practical senior clothing, soft low-saturation colors, and clear panel-like composition. The image should support this narration beat: こうした違いは、診察の場で原因を考える手がかりになります。 No readable text, no numerals, no speech bubbles, no subtitles, avoid photorealism, avoid panic, avoid youthful skin or youthful posture."
90,night_environment,environment_bridge,no_host,no_readable_text,,text_to_image,"{""semantic_target"": ""ご家族と一緒に住んでいる方は、夜のいびきや呼吸の様子を聞いてみるのもよいでしょう。"", ""visualizable_core"": ""bedroom environment"", ""scene_function"": ""environment_bridge"", ""subject_lock"": ""visible Japanese senior daily-life subject or object-focused cue"", ""context_lock"": ""night_environment"", ""visible_text_need"": ""none"", ""risk_guardrails"": ""no panic, no diagnosis, no repeated vid_001/vid_002 scenes"", ""demographic_lock"": ""silver-gray hair, wrinkles, weathered hands, age-appropriate posture""}","Generate a clean editorial manga illustration in a seinen soft educational style, old-school two-dimensional anime influence, clean ink line art, restrained screentone, flat soft low-saturation colors, warm neutral accents, panel-like clarity, low clutter. A quiet Japanese bedroom scene with a visibly elderly Japanese senior with silver-gray hair, fine wrinkles around the eyes, slightly weathered hands, and relaxed age-appropriate posture preparing a calmer sleep environment, dim warm lamp, smartphone placed away from the pillow, bedding arranged neatly. Evening atmosphere, darkened room, calm household props, no visible screen content. Keep ordinary Japanese domestic cues, practical senior clothing, soft low-saturation colors, and clear panel-like composition. The image should support this narration beat: ご家族と一緒に住んでいる方は、夜のいびきや呼吸の様子を聞いてみるのもよいでしょう。 No readable text, no numerals, no speech bubbles, no subtitles, avoid photorealism, avoid panic, avoid youthful skin or youthful posture."
91,health_sign,process_metaphor,no_host,no_readable_text,,text_to_image,"{""semantic_target"": ""一人暮らしの方は、朝の頭痛や昼間の眠気を自分の言葉で残しておくだけでも役立ちます。"", ""visualizable_core"": ""calm symptom awareness"", ""scene_function"": ""process_metaphor"", ""subject_lock"": ""visible Japanese senior daily-life subject or object-focused cue"", ""context_lock"": ""health_sign"", ""visible_text_need"": ""none"", ""risk_guardrails"": ""no panic, no diagnosis, no repeated vid_001/vid_002 scenes"", ""demographic_lock"": ""silver-gray hair, wrinkles, weathered hands, age-appropriate posture""}","Generate a clean editorial manga illustration in a seinen soft educational style, old-school two-dimensional anime influence, clean ink line art, restrained screentone, flat soft low-saturation colors, warm neutral accents, panel-like clarity, low clutter. A restrained symbolic scene about noticing body signals: a visibly elderly Japanese senior with silver-gray hair, fine wrinkles around the eyes, slightly weathered hands, and relaxed age-appropriate posture calmly touching the forehead or sitting beside a bedside table while a family member observes with concern, no emergency. Japanese domestic morning setting, soft light, safe posture, gentle concern. Keep ordinary Japanese domestic cues, practical senior clothing, soft low-saturation colors, and clear panel-like composition. The image should support this narration beat: 一人暮らしの方は、朝の頭痛や昼間の眠気を自分の言葉で残しておくだけでも役立ちます。 No readable text, no numerals, no speech bubbles, no subtitles, avoid photorealism, avoid panic, avoid youthful skin or youthful posture."
92,record_consult,object_focus,no_host,no_readable_text,,text_to_image,"{""semantic_target"": ""記録は、きれいに書く必要はありません。"", ""visualizable_core"": ""simple notebook and consultation cue"", ""scene_function"": ""object_focus"", ""subject_lock"": ""visible Japanese senior daily-life subject or object-focused cue"", ""context_lock"": ""record_consult"", ""visible_text_need"": ""none"", ""risk_guardrails"": ""no panic, no diagnosis, no repeated vid_001/vid_002 scenes"", ""demographic_lock"": ""silver-gray hair, wrinkles, weathered hands, age-appropriate posture""}","Generate a clean editorial manga illustration in a seinen soft educational style, old-school two-dimensional anime influence, clean ink line art, restrained screentone, flat soft low-saturation colors, warm neutral accents, panel-like clarity, low clutter. A close calm view of weathered senior hands writing simple marks in a small notebook, or holding it during an ordinary routine clinic consultation context. Ordinary Japanese home table or calm clinic waiting space, blank-looking notebook pages with no readable text. Keep ordinary Japanese domestic cues, practical senior clothing, soft low-saturation colors, and clear panel-like composition. The image should support this narration beat: 記録は、きれいに書く必要はありません。 No readable text, no numerals, no speech bubbles, no subtitles, avoid photorealism, avoid panic, avoid youthful skin or youthful posture."
93,health_sign,process_metaphor,no_host,no_readable_text,,text_to_image,"{""semantic_target"": ""続いているか、強くなっているか、生活に支障があるか。"", ""visualizable_core"": ""calm symptom awareness"", ""scene_function"": ""process_metaphor"", ""subject_lock"": ""visible Japanese senior daily-life subject or object-focused cue"", ""context_lock"": ""health_sign"", ""visible_text_need"": ""none"", ""risk_guardrails"": ""no panic, no diagnosis, no repeated vid_001/vid_002 scenes"", ""demographic_lock"": ""silver-gray hair, wrinkles, weathered hands, age-appropriate posture""}","Generate a clean editorial manga illustration in a seinen soft educational style, old-school two-dimensional anime influence, clean ink line art, restrained screentone, flat soft low-saturation colors, warm neutral accents, panel-like clarity, low clutter. A restrained symbolic scene about noticing body signals: a visibly elderly Japanese senior with silver-gray hair, fine wrinkles around the eyes, slightly weathered hands, and relaxed age-appropriate posture calmly touching the forehead or sitting beside a bedside table while a family member observes with concern, no emergency. Japanese domestic morning setting, soft light, safe posture, gentle concern. Keep ordinary Japanese domestic cues, practical senior clothing, soft low-saturation colors, and clear panel-like composition. The image should support this narration beat: 続いているか、強くなっているか、生活に支障があるか。 No readable text, no numerals, no speech bubbles, no subtitles, avoid photorealism, avoid panic, avoid youthful skin or youthful posture."
94,record_consult,object_focus,no_host,no_readable_text,,text_to_image,"{""semantic_target"": ""その三つがわかるだけでも、相談しやすくなります。"", ""visualizable_core"": ""simple notebook and consultation cue"", ""scene_function"": ""object_focus"", ""subject_lock"": ""visible Japanese senior daily-life subject or object-focused cue"", ""context_lock"": ""record_consult"", ""visible_text_need"": ""none"", ""risk_guardrails"": ""no panic, no diagnosis, no repeated vid_001/vid_002 scenes"", ""demographic_lock"": ""silver-gray hair, wrinkles, weathered hands, age-appropriate posture""}","Generate a clean editorial manga illustration in a seinen soft educational style, old-school two-dimensional anime influence, clean ink line art, restrained screentone, flat soft low-saturation colors, warm neutral accents, panel-like clarity, low clutter. A close calm view of weathered senior hands writing simple marks in a small notebook, or holding it during an ordinary routine clinic consultation context. Ordinary Japanese home table or calm clinic waiting space, blank-looking notebook pages with no readable text. Keep ordinary Japanese domestic cues, practical senior clothing, soft low-saturation colors, and clear panel-like composition. The image should support this narration beat: その三つがわかるだけでも、相談しやすくなります。 No readable text, no numerals, no speech bubbles, no subtitles, avoid photorealism, avoid panic, avoid youthful skin or youthful posture."
95,explanation,everyday_example,no_host,no_readable_text,,text_to_image,"{""semantic_target"": ""無理に完璧な説明を用意しなくても大丈夫です。"", ""visualizable_core"": ""senior wellness explanation"", ""scene_function"": ""everyday_example"", ""subject_lock"": ""visible Japanese senior daily-life subject or object-focused cue"", ""context_lock"": ""explanation"", ""visible_text_need"": ""none"", ""risk_guardrails"": ""no panic, no diagnosis, no repeated vid_001/vid_002 scenes"", ""demographic_lock"": ""silver-gray hair, wrinkles, weathered hands, age-appropriate posture""}","Generate a clean editorial manga illustration in a seinen soft educational style, old-school two-dimensional anime influence, clean ink line art, restrained screentone, flat soft low-saturation colors, warm neutral accents, panel-like clarity, low clutter. A calm educational metaphor scene for senior wellness, showing the body clock as soft morning light entering a Japanese home with a visibly elderly Japanese senior with silver-gray hair, fine wrinkles around the eyes, slightly weathered hands, and relaxed age-appropriate posture nearby. Low-clutter symbolic composition, no fake scientific proof, no medical devices. Keep ordinary Japanese domestic cues, practical senior clothing, soft low-saturation colors, and clear panel-like composition. The image should support this narration beat: 無理に完璧な説明を用意しなくても大丈夫です。 No readable text, no numerals, no speech bubbles, no subtitles, avoid photorealism, avoid panic, avoid youthful skin or youthful posture."
96,three_points,comparison_pair,no_host,no_readable_text,,text_to_image,"{""semantic_target"": ""では、今日の内容をまとめます。"", ""visualizable_core"": ""three gentle review areas"", ""scene_function"": ""comparison_pair"", ""subject_lock"": ""visible Japanese senior daily-life subject or object-focused cue"", ""context_lock"": ""three_points"", ""visible_text_need"": ""none"", ""risk_guardrails"": ""no panic, no diagnosis, no repeated vid_001/vid_002 scenes"", ""demographic_lock"": ""silver-gray hair, wrinkles, weathered hands, age-appropriate posture""}","Generate a clean editorial manga illustration in a seinen soft educational style, old-school two-dimensional anime influence, clean ink line art, restrained screentone, flat soft low-saturation colors, warm neutral accents, panel-like clarity, low clutter. A clean side-by-side educational composition showing morning window light, quiet bedroom, and a simple notebook without any text. Balanced panel-like layout, Japanese home cues, clear but not infographic-like. Keep ordinary Japanese domestic cues, practical senior clothing, soft low-saturation colors, and clear panel-like composition. The image should support this narration beat: では、今日の内容をまとめます。 No readable text, no numerals, no speech bubbles, no subtitles, avoid photorealism, avoid panic, avoid youthful skin or youthful posture."
97,three_points,comparison_pair,no_host,no_readable_text,,text_to_image,"{""semantic_target"": ""朝のだるさが続くときに見直したいことは、三つありました。"", ""visualizable_core"": ""three gentle review areas"", ""scene_function"": ""comparison_pair"", ""subject_lock"": ""visible Japanese senior daily-life subject or object-focused cue"", ""context_lock"": ""three_points"", ""visible_text_need"": ""none"", ""risk_guardrails"": ""no panic, no diagnosis, no repeated vid_001/vid_002 scenes"", ""demographic_lock"": ""silver-gray hair, wrinkles, weathered hands, age-appropriate posture""}","Generate a clean editorial manga illustration in a seinen soft educational style, old-school two-dimensional anime influence, clean ink line art, restrained screentone, flat soft low-saturation colors, warm neutral accents, panel-like clarity, low clutter. A clean side-by-side educational composition showing morning window light, quiet bedroom, and a simple notebook without any text. Balanced panel-like layout, Japanese home cues, clear but not infographic-like. Keep ordinary Japanese domestic cues, practical senior clothing, soft low-saturation colors, and clear panel-like composition. The image should support this narration beat: 朝のだるさが続くときに見直したいことは、三つありました。 No readable text, no numerals, no speech bubbles, no subtitles, avoid photorealism, avoid panic, avoid youthful skin or youthful posture."
98,morning_light,everyday_example,no_host,no_readable_text,,text_to_image,"{""semantic_target"": ""一つ目は、朝の光を少し部屋に入れること。"", ""visualizable_core"": ""window daylight and curtain"", ""scene_function"": ""everyday_example"", ""subject_lock"": ""visible Japanese senior daily-life subject or object-focused cue"", ""context_lock"": ""morning_light"", ""visible_text_need"": ""none"", ""risk_guardrails"": ""no panic, no diagnosis, no repeated vid_001/vid_002 scenes"", ""demographic_lock"": ""silver-gray hair, wrinkles, weathered hands, age-appropriate posture""}","Generate a clean editorial manga illustration in a seinen soft educational style, old-school two-dimensional anime influence, clean ink line art, restrained screentone, flat soft low-saturation colors, warm neutral accents, panel-like clarity, low clutter. A visibly elderly Japanese senior with silver-gray hair, fine wrinkles around the eyes, slightly weathered hands, and relaxed age-appropriate posture gently opening curtains or sitting near a bright window in an ordinary Japanese apartment morning, showing natural daylight without rushing. Soft dawn-to-morning light, tidy tatami or simple bedroom/living room details, practical senior home clothing, low clutter. Keep ordinary Japanese domestic cues, practical senior clothing, soft low-saturation colors, and clear panel-like composition. The image should support this narration beat: 一つ目は、朝の光を少し部屋に入れること。 No readable text, no numerals, no speech bubbles, no subtitles, avoid photorealism, avoid panic, avoid youthful skin or youthful posture."
99,morning_light,everyday_example,no_host,no_readable_text,,text_to_image,"{""semantic_target"": ""二つ目は、前の晩の画面の光や寝室環境を整えること。"", ""visualizable_core"": ""window daylight and curtain"", ""scene_function"": ""everyday_example"", ""subject_lock"": ""visible Japanese senior daily-life subject or object-focused cue"", ""context_lock"": ""morning_light"", ""visible_text_need"": ""none"", ""risk_guardrails"": ""no panic, no diagnosis, no repeated vid_001/vid_002 scenes"", ""demographic_lock"": ""silver-gray hair, wrinkles, weathered hands, age-appropriate posture""}","Generate a clean editorial manga illustration in a seinen soft educational style, old-school two-dimensional anime influence, clean ink line art, restrained screentone, flat soft low-saturation colors, warm neutral accents, panel-like clarity, low clutter. A visibly elderly Japanese senior with silver-gray hair, fine wrinkles around the eyes, slightly weathered hands, and relaxed age-appropriate posture gently opening curtains or sitting near a bright window in an ordinary Japanese apartment morning, showing natural daylight without rushing. Soft dawn-to-morning light, tidy tatami or simple bedroom/living room details, practical senior home clothing, low clutter. Keep ordinary Japanese domestic cues, practical senior clothing, soft low-saturation colors, and clear panel-like composition. The image should support this narration beat: 二つ目は、前の晩の画面の光や寝室環境を整えること。 No readable text, no numerals, no speech bubbles, no subtitles, avoid photorealism, avoid panic, avoid youthful skin or youthful posture."
100,record_consult,object_focus,no_host,no_readable_text,,text_to_image,"{""semantic_target"": ""三つ目は、だるさが続くときに記録して相談することです。"", ""visualizable_core"": ""simple notebook and consultation cue"", ""scene_function"": ""object_focus"", ""subject_lock"": ""visible Japanese senior daily-life subject or object-focused cue"", ""context_lock"": ""record_consult"", ""visible_text_need"": ""none"", ""risk_guardrails"": ""no panic, no diagnosis, no repeated vid_001/vid_002 scenes"", ""demographic_lock"": ""silver-gray hair, wrinkles, weathered hands, age-appropriate posture""}","Generate a clean editorial manga illustration in a seinen soft educational style, old-school two-dimensional anime influence, clean ink line art, restrained screentone, flat soft low-saturation colors, warm neutral accents, panel-like clarity, low clutter. A close calm view of weathered senior hands writing simple marks in a small notebook, or holding it during an ordinary routine clinic consultation context. Ordinary Japanese home table or calm clinic waiting space, blank-looking notebook pages with no readable text. Keep ordinary Japanese domestic cues, practical senior clothing, soft low-saturation colors, and clear panel-like composition. The image should support this narration beat: 三つ目は、だるさが続くときに記録して相談することです。 No readable text, no numerals, no speech bubbles, no subtitles, avoid photorealism, avoid panic, avoid youthful skin or youthful posture."
101,closing,environment_bridge,no_host,no_readable_text,,text_to_image,"{""semantic_target"": ""すべてを一度に変える必要はありません。"", ""visualizable_core"": ""calm morning close"", ""scene_function"": ""environment_bridge"", ""subject_lock"": ""visible Japanese senior daily-life subject or object-focused cue"", ""context_lock"": ""closing"", ""visible_text_need"": ""none"", ""risk_guardrails"": ""no panic, no diagnosis, no repeated vid_001/vid_002 scenes"", ""demographic_lock"": ""silver-gray hair, wrinkles, weathered hands, age-appropriate posture""}","Generate a clean editorial manga illustration in a seinen soft educational style, old-school two-dimensional anime influence, clean ink line art, restrained screentone, flat soft low-saturation colors, warm neutral accents, panel-like clarity, low clutter. A visibly elderly Japanese senior with silver-gray hair, fine wrinkles around the eyes, slightly weathered hands, and relaxed age-appropriate posture beginning a calm morning with slightly opened curtains and a small notebook on the table, gentle hopeful mood. Warm Japanese apartment morning, uncluttered, reassuring atmosphere. Keep ordinary Japanese domestic cues, practical senior clothing, soft low-saturation colors, and clear panel-like composition. The image should support this narration beat: すべてを一度に変える必要はありません。 No readable text, no numerals, no speech bubbles, no subtitles, avoid photorealism, avoid panic, avoid youthful skin or youthful posture."
102,morning_light,everyday_example,no_host,no_readable_text,,text_to_image,"{""semantic_target"": ""明日の朝は、まずカーテンを少し開ける。"", ""visualizable_core"": ""window daylight and curtain"", ""scene_function"": ""everyday_example"", ""subject_lock"": ""visible Japanese senior daily-life subject or object-focused cue"", ""context_lock"": ""morning_light"", ""visible_text_need"": ""none"", ""risk_guardrails"": ""no panic, no diagnosis, no repeated vid_001/vid_002 scenes"", ""demographic_lock"": ""silver-gray hair, wrinkles, weathered hands, age-appropriate posture""}","Generate a clean editorial manga illustration in a seinen soft educational style, old-school two-dimensional anime influence, clean ink line art, restrained screentone, flat soft low-saturation colors, warm neutral accents, panel-like clarity, low clutter. A visibly elderly Japanese senior with silver-gray hair, fine wrinkles around the eyes, slightly weathered hands, and relaxed age-appropriate posture gently opening curtains or sitting near a bright window in an ordinary Japanese apartment morning, showing natural daylight without rushing. Soft dawn-to-morning light, tidy tatami or simple bedroom/living room details, practical senior home clothing, low clutter. Keep ordinary Japanese domestic cues, practical senior clothing, soft low-saturation colors, and clear panel-like composition. The image should support this narration beat: 明日の朝は、まずカーテンを少し開ける。 No readable text, no numerals, no speech bubbles, no subtitles, avoid photorealism, avoid panic, avoid youthful skin or youthful posture."
103,night_environment,object_focus,no_host,no_readable_text,,text_to_image,"{""semantic_target"": ""今夜は、寝る前の画面を少し早めに閉じる。"", ""visualizable_core"": ""bedroom environment"", ""scene_function"": ""object_focus"", ""subject_lock"": ""visible Japanese senior daily-life subject or object-focused cue"", ""context_lock"": ""night_environment"", ""visible_text_need"": ""none"", ""risk_guardrails"": ""no panic, no diagnosis, no repeated vid_001/vid_002 scenes"", ""demographic_lock"": ""silver-gray hair, wrinkles, weathered hands, age-appropriate posture""}","Generate a clean editorial manga illustration in a seinen soft educational style, old-school two-dimensional anime influence, clean ink line art, restrained screentone, flat soft low-saturation colors, warm neutral accents, panel-like clarity, low clutter. A quiet Japanese bedroom scene with a visibly elderly Japanese senior with silver-gray hair, fine wrinkles around the eyes, slightly weathered hands, and relaxed age-appropriate posture preparing a calmer sleep environment, dim warm lamp, smartphone placed away from the pillow, bedding arranged neatly. Evening atmosphere, darkened room, calm household props, no visible screen content. Keep ordinary Japanese domestic cues, practical senior clothing, soft low-saturation colors, and clear panel-like composition. The image should support this narration beat: 今夜は、寝る前の画面を少し早めに閉じる。 No readable text, no numerals, no speech bubbles, no subtitles, avoid photorealism, avoid panic, avoid youthful skin or youthful posture."
104,record_consult,object_focus,no_host,no_readable_text,,text_to_image,"{""semantic_target"": ""そして、だるさが続く日は、短くメモを残してみる。"", ""visualizable_core"": ""simple notebook and consultation cue"", ""scene_function"": ""object_focus"", ""subject_lock"": ""visible Japanese senior daily-life subject or object-focused cue"", ""context_lock"": ""record_consult"", ""visible_text_need"": ""none"", ""risk_guardrails"": ""no panic, no diagnosis, no repeated vid_001/vid_002 scenes"", ""demographic_lock"": ""silver-gray hair, wrinkles, weathered hands, age-appropriate posture""}","Generate a clean editorial manga illustration in a seinen soft educational style, old-school two-dimensional anime influence, clean ink line art, restrained screentone, flat soft low-saturation colors, warm neutral accents, panel-like clarity, low clutter. A close calm view of weathered senior hands writing simple marks in a small notebook, or holding it during an ordinary routine clinic consultation context. Ordinary Japanese home table or calm clinic waiting space, blank-looking notebook pages with no readable text. Keep ordinary Japanese domestic cues, practical senior clothing, soft low-saturation colors, and clear panel-like composition. The image should support this narration beat: そして、だるさが続く日は、短くメモを残してみる。 No readable text, no numerals, no speech bubbles, no subtitles, avoid photorealism, avoid panic, avoid youthful skin or youthful posture."
105,closing,environment_bridge,no_host,no_readable_text,,text_to_image,"{""semantic_target"": ""そのくらいの小さな一歩で十分です。"", ""visualizable_core"": ""calm morning close"", ""scene_function"": ""environment_bridge"", ""subject_lock"": ""visible Japanese senior daily-life subject or object-focused cue"", ""context_lock"": ""closing"", ""visible_text_need"": ""none"", ""risk_guardrails"": ""no panic, no diagnosis, no repeated vid_001/vid_002 scenes"", ""demographic_lock"": ""silver-gray hair, wrinkles, weathered hands, age-appropriate posture""}","Generate a clean editorial manga illustration in a seinen soft educational style, old-school two-dimensional anime influence, clean ink line art, restrained screentone, flat soft low-saturation colors, warm neutral accents, panel-like clarity, low clutter. A visibly elderly Japanese senior with silver-gray hair, fine wrinkles around the eyes, slightly weathered hands, and relaxed age-appropriate posture beginning a calm morning with slightly opened curtains and a small notebook on the table, gentle hopeful mood. Warm Japanese apartment morning, uncluttered, reassuring atmosphere. Keep ordinary Japanese domestic cues, practical senior clothing, soft low-saturation colors, and clear panel-like composition. The image should support this narration beat: そのくらいの小さな一歩で十分です。 No readable text, no numerals, no speech bubbles, no subtitles, avoid photorealism, avoid panic, avoid youthful skin or youthful posture."
106,closing,environment_bridge,no_host,no_readable_text,,text_to_image,"{""semantic_target"": ""朝の体は、急に変えようとしなくても大丈夫です。"", ""visualizable_core"": ""calm morning close"", ""scene_function"": ""environment_bridge"", ""subject_lock"": ""visible Japanese senior daily-life subject or object-focused cue"", ""context_lock"": ""closing"", ""visible_text_need"": ""none"", ""risk_guardrails"": ""no panic, no diagnosis, no repeated vid_001/vid_002 scenes"", ""demographic_lock"": ""silver-gray hair, wrinkles, weathered hands, age-appropriate posture""}","Generate a clean editorial manga illustration in a seinen soft educational style, old-school two-dimensional anime influence, clean ink line art, restrained screentone, flat soft low-saturation colors, warm neutral accents, panel-like clarity, low clutter. A visibly elderly Japanese senior with silver-gray hair, fine wrinkles around the eyes, slightly weathered hands, and relaxed age-appropriate posture beginning a calm morning with slightly opened curtains and a small notebook on the table, gentle hopeful mood. Warm Japanese apartment morning, uncluttered, reassuring atmosphere. Keep ordinary Japanese domestic cues, practical senior clothing, soft low-saturation colors, and clear panel-like composition. The image should support this narration beat: 朝の体は、急に変えようとしなくても大丈夫です。 No readable text, no numerals, no speech bubbles, no subtitles, avoid photorealism, avoid panic, avoid youthful skin or youthful posture."
107,closing,environment_bridge,no_host,no_readable_text,,text_to_image,"{""semantic_target"": ""やさしく合図を送りながら、ご自身の体の声を少しずつ聞いていきましょう。"", ""visualizable_core"": ""calm morning close"", ""scene_function"": ""environment_bridge"", ""subject_lock"": ""visible Japanese senior daily-life subject or object-focused cue"", ""context_lock"": ""closing"", ""visible_text_need"": ""none"", ""risk_guardrails"": ""no panic, no diagnosis, no repeated vid_001/vid_002 scenes"", ""demographic_lock"": ""silver-gray hair, wrinkles, weathered hands, age-appropriate posture""}","Generate a clean editorial manga illustration in a seinen soft educational style, old-school two-dimensional anime influence, clean ink line art, restrained screentone, flat soft low-saturation colors, warm neutral accents, panel-like clarity, low clutter. A visibly elderly Japanese senior with silver-gray hair, fine wrinkles around the eyes, slightly weathered hands, and relaxed age-appropriate posture beginning a calm morning with slightly opened curtains and a small notebook on the table, gentle hopeful mood. Warm Japanese apartment morning, uncluttered, reassuring atmosphere. Keep ordinary Japanese domestic cues, practical senior clothing, soft low-saturation colors, and clear panel-like composition. The image should support this narration beat: やさしく合図を送りながら、ご自身の体の声を少しずつ聞いていきましょう。 No readable text, no numerals, no speech bubbles, no subtitles, avoid photorealism, avoid panic, avoid youthful skin or youthful posture."
108,closing,environment_bridge,no_host,no_readable_text,,text_to_image,"{""semantic_target"": ""今日も最後までご覧いただき、ありがとうございました。"", ""visualizable_core"": ""calm morning close"", ""scene_function"": ""environment_bridge"", ""subject_lock"": ""visible Japanese senior daily-life subject or object-focused cue"", ""context_lock"": ""closing"", ""visible_text_need"": ""none"", ""risk_guardrails"": ""no panic, no diagnosis, no repeated vid_001/vid_002 scenes"", ""demographic_lock"": ""silver-gray hair, wrinkles, weathered hands, age-appropriate posture""}","Generate a clean editorial manga illustration in a seinen soft educational style, old-school two-dimensional anime influence, clean ink line art, restrained screentone, flat soft low-saturation colors, warm neutral accents, panel-like clarity, low clutter. A visibly elderly Japanese senior with silver-gray hair, fine wrinkles around the eyes, slightly weathered hands, and relaxed age-appropriate posture beginning a calm morning with slightly opened curtains and a small notebook on the table, gentle hopeful mood. Warm Japanese apartment morning, uncluttered, reassuring atmosphere. Keep ordinary Japanese domestic cues, practical senior clothing, soft low-saturation colors, and clear panel-like composition. The image should support this narration beat: 今日も最後までご覧いただき、ありがとうございました。 No readable text, no numerals, no speech bubbles, no subtitles, avoid photorealism, avoid panic, avoid youthful skin or youthful posture."
109,closing,environment_bridge,no_host,no_readable_text,,text_to_image,"{""semantic_target"": ""どうぞ、明日の朝が少しでも穏やかに始まりますように。"", ""visualizable_core"": ""calm morning close"", ""scene_function"": ""environment_bridge"", ""subject_lock"": ""visible Japanese senior daily-life subject or object-focused cue"", ""context_lock"": ""closing"", ""visible_text_need"": ""none"", ""risk_guardrails"": ""no panic, no diagnosis, no repeated vid_001/vid_002 scenes"", ""demographic_lock"": ""silver-gray hair, wrinkles, weathered hands, age-appropriate posture""}","Generate a clean editorial manga illustration in a seinen soft educational style, old-school two-dimensional anime influence, clean ink line art, restrained screentone, flat soft low-saturation colors, warm neutral accents, panel-like clarity, low clutter. A visibly elderly Japanese senior with silver-gray hair, fine wrinkles around the eyes, slightly weathered hands, and relaxed age-appropriate posture beginning a calm morning with slightly opened curtains and a small notebook on the table, gentle hopeful mood. Warm Japanese apartment morning, uncluttered, reassuring atmosphere. Keep ordinary Japanese domestic cues, practical senior clothing, soft low-saturation colors, and clear panel-like composition. The image should support this narration beat: どうぞ、明日の朝が少しでも穏やかに始まりますように。 No readable text, no numerals, no speech bubbles, no subtitles, avoid photorealism, avoid panic, avoid youthful skin or youthful posture."
