script_text,prompt_img_nano,prompt_video_veo3
朝、目が覚めた瞬間から、もう体が重い。,"Generate a clean editorial manga illustration in a seinen soft educational style, old-school two-dimensional anime influence, clean ink line art, restrained screentone, flat soft low-saturation colors, warm neutral accents, panel-like clarity, low clutter. A visibly elderly Japanese senior with silver-gray hair, fine wrinkles around the eyes, slightly weathered hands, and relaxed age-appropriate posture sitting quietly at the edge of a bed or futon in a dim morning Japanese room, body feeling heavy but safe and calm. Closed curtains with faint dawn light, rumpled bedding, no medical emergency cues. Keep ordinary Japanese domestic cues, practical senior clothing, soft low-saturation colors, and clear panel-like composition. The image should support this narration beat: 朝、目が覚めた瞬間から、もう体が重い。 No readable text, no numerals, no speech bubbles, no subtitles, avoid photorealism, avoid panic, avoid youthful skin or youthful posture.","Focused motion beat 1 for heavy morning scene. danger reveal role; Slow forward drift; the subject slowly lifts the head and breathes calmly without speaking. Keep attention on the heavy but safe morning posture. curtain shadows move faintly in the dim morning light. Preserve the calm senior-friendly educational mood and the existing illustration style. (Silent video, no audio). No dialogue, no lip sync, no direct-to-camera speech, no singing, no chanting, no new readable text, no character redesign, no scene redesign."
布団の中で十分休んだはずなのに、起きる気力がなかなか湧いてこない。,"Generate a clean editorial manga illustration in a seinen soft educational style, old-school two-dimensional anime influence, clean ink line art, restrained screentone, flat soft low-saturation colors, warm neutral accents, panel-like clarity, low clutter. A visibly elderly Japanese senior with silver-gray hair, fine wrinkles around the eyes, slightly weathered hands, and relaxed age-appropriate posture sitting quietly at the edge of a bed or futon in a dim morning Japanese room, body feeling heavy but safe and calm. Closed curtains with faint dawn light, rumpled bedding, no medical emergency cues. Keep ordinary Japanese domestic cues, practical senior clothing, soft low-saturation colors, and clear panel-like composition. The image should support this narration beat: 布団の中で十分休んだはずなのに、起きる気力がなかなか湧いてこない。 No readable text, no numerals, no speech bubbles, no subtitles, avoid photorealism, avoid panic, avoid youthful skin or youthful posture.","Focused motion beat 2 for heavy morning scene. near miss role; Gentle lateral slide; the subject slowly lifts the head and breathes calmly without speaking. Keep attention on the heavy but safe morning posture. curtain shadows move faintly in the dim morning light. Preserve the calm senior-friendly educational mood and the existing illustration style. (Silent video, no audio). No dialogue, no lip sync, no direct-to-camera speech, no singing, no chanting, no new readable text, no character redesign, no scene redesign."
そんな朝が、何日も続いていませんか。,"Generate a clean editorial manga illustration in a seinen soft educational style, old-school two-dimensional anime influence, clean ink line art, restrained screentone, flat soft low-saturation colors, warm neutral accents, panel-like clarity, low clutter. A visibly elderly Japanese senior with silver-gray hair, fine wrinkles around the eyes, slightly weathered hands, and relaxed age-appropriate posture sitting quietly at the edge of a bed or futon in a dim morning Japanese room, body feeling heavy but safe and calm. Closed curtains with faint dawn light, rumpled bedding, no medical emergency cues. Keep ordinary Japanese domestic cues, practical senior clothing, soft low-saturation colors, and clear panel-like composition. The image should support this narration beat: そんな朝が、何日も続いていませんか。 No readable text, no numerals, no speech bubbles, no subtitles, avoid photorealism, avoid panic, avoid youthful skin or youthful posture.","Focused motion beat 3 for heavy morning scene. contrast role; Soft overhead-to-front tilt; the subject slowly lifts the head and breathes calmly without speaking. Keep attention on the heavy but safe morning posture. curtain shadows move faintly in the dim morning light. Preserve the calm senior-friendly educational mood and the existing illustration style. (Silent video, no audio). No dialogue, no lip sync, no direct-to-camera speech, no singing, no chanting, no new readable text, no character redesign, no scene redesign."
年齢のせいだから仕方ない、と片づけたくなることもありますよね。,"Generate a clean editorial manga illustration in a seinen soft educational style, old-school two-dimensional anime influence, clean ink line art, restrained screentone, flat soft low-saturation colors, warm neutral accents, panel-like clarity, low clutter. A visibly elderly Japanese senior with silver-gray hair, fine wrinkles around the eyes, slightly weathered hands, and relaxed age-appropriate posture sitting quietly at the edge of a bed or futon in a dim morning Japanese room, body feeling heavy but safe and calm. Closed curtains with faint dawn light, rumpled bedding, no medical emergency cues. Keep ordinary Japanese domestic cues, practical senior clothing, soft low-saturation colors, and clear panel-like composition. The image should support this narration beat: 年齢のせいだから仕方ない、と片づけたくなることもありますよね。 No readable text, no numerals, no speech bubbles, no subtitles, avoid photorealism, avoid panic, avoid youthful skin or youthful posture.","Focused motion beat 4 for heavy morning scene. checklist role; Measured parallax hold; the subject slowly lifts the head and breathes calmly without speaking. Keep attention on the heavy but safe morning posture. curtain shadows move faintly in the dim morning light. Preserve the calm senior-friendly educational mood and the existing illustration style. (Silent video, no audio). No dialogue, no lip sync, no direct-to-camera speech, no singing, no chanting, no new readable text, no character redesign, no scene redesign."
でも、朝のだるさには、暮らしの中で見直せる手がかりが隠れていることがあります。,"Generate a clean editorial manga illustration in a seinen soft educational style, old-school two-dimensional anime influence, clean ink line art, restrained screentone, flat soft low-saturation colors, warm neutral accents, panel-like clarity, low clutter. A visibly elderly Japanese senior with silver-gray hair, fine wrinkles around the eyes, slightly weathered hands, and relaxed age-appropriate posture sitting quietly at the edge of a bed or futon in a dim morning Japanese room, body feeling heavy but safe and calm. Closed curtains with faint dawn light, rumpled bedding, no medical emergency cues. Keep ordinary Japanese domestic cues, practical senior clothing, soft low-saturation colors, and clear panel-like composition. The image should support this narration beat: でも、朝のだるさには、暮らしの中で見直せる手がかりが隠れていることがあります。 No readable text, no numerals, no speech bubbles, no subtitles, avoid photorealism, avoid panic, avoid youthful skin or youthful posture.","Focused motion beat 5 for heavy morning scene. expert emphasis role; Calm push-in; the subject slowly lifts the head and breathes calmly without speaking. Keep attention on the heavy but safe morning posture. curtain shadows move faintly in the dim morning light. Preserve the calm senior-friendly educational mood and the existing illustration style. (Silent video, no audio). No dialogue, no lip sync, no direct-to-camera speech, no singing, no chanting, no new readable text, no character redesign, no scene redesign."
今日の動画では、朝のだるさが続く方に確認していただきたいことを、三つに絞ってお話しします。,"Generate a clean editorial manga illustration in a seinen soft educational style, old-school two-dimensional anime influence, clean ink line art, restrained screentone, flat soft low-saturation colors, warm neutral accents, panel-like clarity, low clutter. A clean side-by-side educational composition showing morning window light, quiet bedroom, and a simple notebook without any text. Balanced panel-like layout, Japanese home cues, clear but not infographic-like. Keep ordinary Japanese domestic cues, practical senior clothing, soft low-saturation colors, and clear panel-like composition. The image should support this narration beat: 今日の動画では、朝のだるさが続く方に確認していただきたいことを、三つに絞ってお話しします。 No readable text, no numerals, no speech bubbles, no subtitles, avoid photorealism, avoid panic, avoid youthful skin or youthful posture.","Focused motion beat 6 for three gentle review areas. solution demo role; Subtle rightward pan; the camera glides from the window-light area toward the notebook area in a restrained comparison. Keep attention on the review areas. subtle parallax separates the review areas. Preserve the calm senior-friendly educational mood and the existing illustration style. (Silent video, no audio). No dialogue, no lip sync, no direct-to-camera speech, no singing, no chanting, no new readable text, no character redesign, no scene redesign."
一つ目は、朝の光の入れ方。,"Generate a clean editorial manga illustration in a seinen soft educational style, old-school two-dimensional anime influence, clean ink line art, restrained screentone, flat soft low-saturation colors, warm neutral accents, panel-like clarity, low clutter. A visibly elderly Japanese senior with silver-gray hair, fine wrinkles around the eyes, slightly weathered hands, and relaxed age-appropriate posture gently opening curtains or sitting near a bright window in an ordinary Japanese apartment morning, showing natural daylight without rushing. Soft dawn-to-morning light, tidy tatami or simple bedroom/living room details, practical senior home clothing, low clutter. Keep ordinary Japanese domestic cues, practical senior clothing, soft low-saturation colors, and clear panel-like composition. The image should support this narration beat: 一つ目は、朝の光の入れ方。 No readable text, no numerals, no speech bubbles, no subtitles, avoid photorealism, avoid panic, avoid youthful skin or youthful posture.","Focused motion beat 7 for window daylight and curtain. danger reveal role; Slow reveal drift; the hand eases the curtain slightly while daylight grows softly across the floor. Keep attention on the daylight entering the room. dust motes drift in the beam and fabric edges move subtly. Preserve the calm senior-friendly educational mood and the existing illustration style. (Silent video, no audio). No dialogue, no lip sync, no direct-to-camera speech, no singing, no chanting, no new readable text, no character redesign, no scene redesign."
二つ目は、前の晩の寝室の整え方。,"Generate a clean editorial manga illustration in a seinen soft educational style, old-school two-dimensional anime influence, clean ink line art, restrained screentone, flat soft low-saturation colors, warm neutral accents, panel-like clarity, low clutter. A quiet Japanese bedroom scene with a visibly elderly Japanese senior with silver-gray hair, fine wrinkles around the eyes, slightly weathered hands, and relaxed age-appropriate posture preparing a calmer sleep environment, dim warm lamp, smartphone placed away from the pillow, bedding arranged neatly. Evening atmosphere, darkened room, calm household props, no visible screen content. Keep ordinary Japanese domestic cues, practical senior clothing, soft low-saturation colors, and clear panel-like composition. The image should support this narration beat: 二つ目は、前の晩の寝室の整え方。 No readable text, no numerals, no speech bubbles, no subtitles, avoid photorealism, avoid panic, avoid youthful skin or youthful posture.","Focused motion beat 8 for bedroom environment. near miss role; Steady observational hold; the hand places the phone farther from the pillow or smooths the bedding in one small action. Keep attention on the calmer sleep environment. the lamp glow steadies and the curtain edge barely shifts. Preserve the calm senior-friendly educational mood and the existing illustration style. (Silent video, no audio). No dialogue, no lip sync, no direct-to-camera speech, no singing, no chanting, no new readable text, no character redesign, no scene redesign."
三つ目は、だるさが続くときの記録と相談の目安です。,"Generate a clean editorial manga illustration in a seinen soft educational style, old-school two-dimensional anime influence, clean ink line art, restrained screentone, flat soft low-saturation colors, warm neutral accents, panel-like clarity, low clutter. A close calm view of weathered senior hands writing simple marks in a small notebook, or holding it during an ordinary routine clinic consultation context. Ordinary Japanese home table or calm clinic waiting space, blank-looking notebook pages with no readable text. Keep ordinary Japanese domestic cues, practical senior clothing, soft low-saturation colors, and clear panel-like composition. The image should support this narration beat: 三つ目は、だるさが続くときの記録と相談の目安です。 No readable text, no numerals, no speech bubbles, no subtitles, avoid photorealism, avoid panic, avoid youthful skin or youthful posture.","Focused motion beat 9 for simple notebook and consultation cue. contrast role; Slow forward drift; the hand adds a small mark to the notebook or gently closes it after checking. Keep attention on the simple note-taking action. paper edges lift slightly with the movement. Preserve the calm senior-friendly educational mood and the existing illustration style. (Silent video, no audio). No dialogue, no lip sync, no direct-to-camera speech, no singing, no chanting, no new readable text, no character redesign, no scene redesign."
今回は、前の二本で扱った朝の基本動作や食事の話を、ここでは繰り返しません。,"Generate a clean editorial manga illustration in a seinen soft educational style, old-school two-dimensional anime influence, clean ink line art, restrained screentone, flat soft low-saturation colors, warm neutral accents, panel-like clarity, low clutter. A visibly elderly Japanese senior with silver-gray hair, fine wrinkles around the eyes, slightly weathered hands, and relaxed age-appropriate posture sitting quietly at the edge of a bed or futon in a dim morning Japanese room, body feeling heavy but safe and calm. Closed curtains with faint dawn light, rumpled bedding, no medical emergency cues. Keep ordinary Japanese domestic cues, practical senior clothing, soft low-saturation colors, and clear panel-like composition. The image should support this narration beat: 今回は、前の二本で扱った朝の基本動作や食事の話を、ここでは繰り返しません。 No readable text, no numerals, no speech bubbles, no subtitles, avoid photorealism, avoid panic, avoid youthful skin or youthful posture.","Focused motion beat 10 for heavy morning scene. checklist role; Gentle lateral slide; the subject slowly lifts the head and breathes calmly without speaking. Keep attention on the heavy but safe morning posture. curtain shadows move faintly in the dim morning light. Preserve the calm senior-friendly educational mood and the existing illustration style. (Silent video, no audio). No dialogue, no lip sync, no direct-to-camera speech, no singing, no chanting, no new readable text, no character redesign, no scene redesign."
そこは大切ですが、今日は別の角度から、朝の重さを見ていきましょう。,"Generate a clean editorial manga illustration in a seinen soft educational style, old-school two-dimensional anime influence, clean ink line art, restrained screentone, flat soft low-saturation colors, warm neutral accents, panel-like clarity, low clutter. A visibly elderly Japanese senior with silver-gray hair, fine wrinkles around the eyes, slightly weathered hands, and relaxed age-appropriate posture sitting quietly at the edge of a bed or futon in a dim morning Japanese room, body feeling heavy but safe and calm. Closed curtains with faint dawn light, rumpled bedding, no medical emergency cues. Keep ordinary Japanese domestic cues, practical senior clothing, soft low-saturation colors, and clear panel-like composition. The image should support this narration beat: そこは大切ですが、今日は別の角度から、朝の重さを見ていきましょう。 No readable text, no numerals, no speech bubbles, no subtitles, avoid photorealism, avoid panic, avoid youthful skin or youthful posture.","Focused motion beat 11 for heavy morning scene. expert emphasis role; Soft overhead-to-front tilt; the subject slowly lifts the head and breathes calmly without speaking. Keep attention on the heavy but safe morning posture. curtain shadows move faintly in the dim morning light. Preserve the calm senior-friendly educational mood and the existing illustration style. (Silent video, no audio). No dialogue, no lip sync, no direct-to-camera speech, no singing, no chanting, no new readable text, no character redesign, no scene redesign."
まず知っておきたいのは、朝のだるさは、気合いの問題だけではないということです。,"Generate a clean editorial manga illustration in a seinen soft educational style, old-school two-dimensional anime influence, clean ink line art, restrained screentone, flat soft low-saturation colors, warm neutral accents, panel-like clarity, low clutter. A visibly elderly Japanese senior with silver-gray hair, fine wrinkles around the eyes, slightly weathered hands, and relaxed age-appropriate posture sitting quietly at the edge of a bed or futon in a dim morning Japanese room, body feeling heavy but safe and calm. Closed curtains with faint dawn light, rumpled bedding, no medical emergency cues. Keep ordinary Japanese domestic cues, practical senior clothing, soft low-saturation colors, and clear panel-like composition. The image should support this narration beat: まず知っておきたいのは、朝のだるさは、気合いの問題だけではないということです。 No readable text, no numerals, no speech bubbles, no subtitles, avoid photorealism, avoid panic, avoid youthful skin or youthful posture.","Focused motion beat 12 for heavy morning scene. solution demo role; Measured parallax hold; the subject slowly lifts the head and breathes calmly without speaking. Keep attention on the heavy but safe morning posture. curtain shadows move faintly in the dim morning light. Preserve the calm senior-friendly educational mood and the existing illustration style. (Silent video, no audio). No dialogue, no lip sync, no direct-to-camera speech, no singing, no chanting, no new readable text, no character redesign, no scene redesign."
体には、一日のリズムを作る時計のような働きがあります。,"Generate a clean editorial manga illustration in a seinen soft educational style, old-school two-dimensional anime influence, clean ink line art, restrained screentone, flat soft low-saturation colors, warm neutral accents, panel-like clarity, low clutter. A calm educational metaphor scene for senior wellness, showing the body clock as soft morning light entering a Japanese home with a visibly elderly Japanese senior with silver-gray hair, fine wrinkles around the eyes, slightly weathered hands, and relaxed age-appropriate posture nearby. Low-clutter symbolic composition, no fake scientific proof, no medical devices. Keep ordinary Japanese domestic cues, practical senior clothing, soft low-saturation colors, and clear panel-like composition. The image should support this narration beat: 体には、一日のリズムを作る時計のような働きがあります。 No readable text, no numerals, no speech bubbles, no subtitles, avoid photorealism, avoid panic, avoid youthful skin or youthful posture.","Focused motion beat 13 for senior wellness explanation. danger reveal role; Calm push-in; the symbolic light cue drifts gently across the composition. Keep attention on the quiet explanatory cue. soft layered parallax suggests the body clock settling. Preserve the calm senior-friendly educational mood and the existing illustration style. (Silent video, no audio). No dialogue, no lip sync, no direct-to-camera speech, no singing, no chanting, no new readable text, no character redesign, no scene redesign."
この時計がうまく朝に合わないと、目は覚めていても、体の中はまだ夜の続きのようになります。,"Generate a clean editorial manga illustration in a seinen soft educational style, old-school two-dimensional anime influence, clean ink line art, restrained screentone, flat soft low-saturation colors, warm neutral accents, panel-like clarity, low clutter. A quiet Japanese bedroom scene with a visibly elderly Japanese senior with silver-gray hair, fine wrinkles around the eyes, slightly weathered hands, and relaxed age-appropriate posture preparing a calmer sleep environment, dim warm lamp, smartphone placed away from the pillow, bedding arranged neatly. Evening atmosphere, darkened room, calm household props, no visible screen content. Keep ordinary Japanese domestic cues, practical senior clothing, soft low-saturation colors, and clear panel-like composition. The image should support this narration beat: この時計がうまく朝に合わないと、目は覚めていても、体の中はまだ夜の続きのようになります。 No readable text, no numerals, no speech bubbles, no subtitles, avoid photorealism, avoid panic, avoid youthful skin or youthful posture.","Focused motion beat 14 for bedroom environment. near miss role; Subtle rightward pan; the hand places the phone farther from the pillow or smooths the bedding in one small action. Keep attention on the calmer sleep environment. the lamp glow steadies and the curtain edge barely shifts. Preserve the calm senior-friendly educational mood and the existing illustration style. (Silent video, no audio). No dialogue, no lip sync, no direct-to-camera speech, no singing, no chanting, no new readable text, no character redesign, no scene redesign."
さらに、前の晩の眠りが浅かったり、途中で何度も目が覚めたりすると、朝の回復感が弱くなります。,"Generate a clean editorial manga illustration in a seinen soft educational style, old-school two-dimensional anime influence, clean ink line art, restrained screentone, flat soft low-saturation colors, warm neutral accents, panel-like clarity, low clutter. A calm educational metaphor scene for senior wellness, showing the body clock as soft morning light entering a Japanese home with a visibly elderly Japanese senior with silver-gray hair, fine wrinkles around the eyes, slightly weathered hands, and relaxed age-appropriate posture nearby. Low-clutter symbolic composition, no fake scientific proof, no medical devices. Keep ordinary Japanese domestic cues, practical senior clothing, soft low-saturation colors, and clear panel-like composition. The image should support this narration beat: さらに、前の晩の眠りが浅かったり、途中で何度も目が覚めたりすると、朝の回復感が弱くなります。 No readable text, no numerals, no speech bubbles, no subtitles, avoid photorealism, avoid panic, avoid youthful skin or youthful posture.","Focused motion beat 15 for senior wellness explanation. contrast role; Slow reveal drift; the symbolic light cue drifts gently across the composition. Keep attention on the quiet explanatory cue. soft layered parallax suggests the body clock settling. Preserve the calm senior-friendly educational mood and the existing illustration style. (Silent video, no audio). No dialogue, no lip sync, no direct-to-camera speech, no singing, no chanting, no new readable text, no character redesign, no scene redesign."
自分では寝たつもりでも、体はあまり休めていないことがあるんですね。,"Generate a clean editorial manga illustration in a seinen soft educational style, old-school two-dimensional anime influence, clean ink line art, restrained screentone, flat soft low-saturation colors, warm neutral accents, panel-like clarity, low clutter. A calm educational metaphor scene for senior wellness, showing the body clock as soft morning light entering a Japanese home with a visibly elderly Japanese senior with silver-gray hair, fine wrinkles around the eyes, slightly weathered hands, and relaxed age-appropriate posture nearby. Low-clutter symbolic composition, no fake scientific proof, no medical devices. Keep ordinary Japanese domestic cues, practical senior clothing, soft low-saturation colors, and clear panel-like composition. The image should support this narration beat: 自分では寝たつもりでも、体はあまり休めていないことがあるんですね。 No readable text, no numerals, no speech bubbles, no subtitles, avoid photorealism, avoid panic, avoid youthful skin or youthful posture.","Focused motion beat 16 for senior wellness explanation. checklist role; Steady observational hold; the symbolic light cue drifts gently across the composition. Keep attention on the quiet explanatory cue. soft layered parallax suggests the body clock settling. Preserve the calm senior-friendly educational mood and the existing illustration style. (Silent video, no audio). No dialogue, no lip sync, no direct-to-camera speech, no singing, no chanting, no new readable text, no character redesign, no scene redesign."
だから、朝だけを見ても、原因がわかりにくいことがあります。,"Generate a clean editorial manga illustration in a seinen soft educational style, old-school two-dimensional anime influence, clean ink line art, restrained screentone, flat soft low-saturation colors, warm neutral accents, panel-like clarity, low clutter. A close calm view of weathered senior hands writing simple marks in a small notebook, or holding it during an ordinary routine clinic consultation context. Ordinary Japanese home table or calm clinic waiting space, blank-looking notebook pages with no readable text. Keep ordinary Japanese domestic cues, practical senior clothing, soft low-saturation colors, and clear panel-like composition. The image should support this narration beat: だから、朝だけを見ても、原因がわかりにくいことがあります。 No readable text, no numerals, no speech bubbles, no subtitles, avoid photorealism, avoid panic, avoid youthful skin or youthful posture.","Focused motion beat 17 for simple notebook and consultation cue. expert emphasis role; Slow forward drift; the hand adds a small mark to the notebook or gently closes it after checking. Keep attention on the simple note-taking action. paper edges lift slightly with the movement. Preserve the calm senior-friendly educational mood and the existing illustration style. (Silent video, no audio). No dialogue, no lip sync, no direct-to-camera speech, no singing, no chanting, no new readable text, no character redesign, no scene redesign."
朝、夜、そして体からのサインを、落ち着いて分けて見ていくことが大切です。,"Generate a clean editorial manga illustration in a seinen soft educational style, old-school two-dimensional anime influence, clean ink line art, restrained screentone, flat soft low-saturation colors, warm neutral accents, panel-like clarity, low clutter. A quiet Japanese bedroom scene with a visibly elderly Japanese senior with silver-gray hair, fine wrinkles around the eyes, slightly weathered hands, and relaxed age-appropriate posture preparing a calmer sleep environment, dim warm lamp, smartphone placed away from the pillow, bedding arranged neatly. Evening atmosphere, darkened room, calm household props, no visible screen content. Keep ordinary Japanese domestic cues, practical senior clothing, soft low-saturation colors, and clear panel-like composition. The image should support this narration beat: 朝、夜、そして体からのサインを、落ち着いて分けて見ていくことが大切です。 No readable text, no numerals, no speech bubbles, no subtitles, avoid photorealism, avoid panic, avoid youthful skin or youthful posture.","Focused motion beat 18 for bedroom environment. solution demo role; Gentle lateral slide; the hand places the phone farther from the pillow or smooths the bedding in one small action. Keep attention on the calmer sleep environment. the lamp glow steadies and the curtain edge barely shifts. Preserve the calm senior-friendly educational mood and the existing illustration style. (Silent video, no audio). No dialogue, no lip sync, no direct-to-camera speech, no singing, no chanting, no new readable text, no character redesign, no scene redesign."
では、一つ目の見直しです。,"Generate a clean editorial manga illustration in a seinen soft educational style, old-school two-dimensional anime influence, clean ink line art, restrained screentone, flat soft low-saturation colors, warm neutral accents, panel-like clarity, low clutter. A clean side-by-side educational composition showing morning window light, quiet bedroom, and a simple notebook without any text. Balanced panel-like layout, Japanese home cues, clear but not infographic-like. Keep ordinary Japanese domestic cues, practical senior clothing, soft low-saturation colors, and clear panel-like composition. The image should support this narration beat: では、一つ目の見直しです。 No readable text, no numerals, no speech bubbles, no subtitles, avoid photorealism, avoid panic, avoid youthful skin or youthful posture.","Focused motion beat 19 for three gentle review areas. danger reveal role; Soft overhead-to-front tilt; the camera glides from the window-light area toward the notebook area in a restrained comparison. Keep attention on the review areas. subtle parallax separates the review areas. Preserve the calm senior-friendly educational mood and the existing illustration style. (Silent video, no audio). No dialogue, no lip sync, no direct-to-camera speech, no singing, no chanting, no new readable text, no character redesign, no scene redesign."
朝、部屋が暗いまま長い時間を過ごしていませんか。,"Generate a clean editorial manga illustration in a seinen soft educational style, old-school two-dimensional anime influence, clean ink line art, restrained screentone, flat soft low-saturation colors, warm neutral accents, panel-like clarity, low clutter. A calm educational metaphor scene for senior wellness, showing the body clock as soft morning light entering a Japanese home with a visibly elderly Japanese senior with silver-gray hair, fine wrinkles around the eyes, slightly weathered hands, and relaxed age-appropriate posture nearby. Low-clutter symbolic composition, no fake scientific proof, no medical devices. Keep ordinary Japanese domestic cues, practical senior clothing, soft low-saturation colors, and clear panel-like composition. The image should support this narration beat: 朝、部屋が暗いまま長い時間を過ごしていませんか。 No readable text, no numerals, no speech bubbles, no subtitles, avoid photorealism, avoid panic, avoid youthful skin or youthful posture.","Focused motion beat 20 for senior wellness explanation. near miss role; Measured parallax hold; the symbolic light cue drifts gently across the composition. Keep attention on the quiet explanatory cue. soft layered parallax suggests the body clock settling. Preserve the calm senior-friendly educational mood and the existing illustration style. (Silent video, no audio). No dialogue, no lip sync, no direct-to-camera speech, no singing, no chanting, no new readable text, no character redesign, no scene redesign."
起きてもカーテンを閉めたまま、薄暗い部屋でぼんやり座っている。,"Generate a clean editorial manga illustration in a seinen soft educational style, old-school two-dimensional anime influence, clean ink line art, restrained screentone, flat soft low-saturation colors, warm neutral accents, panel-like clarity, low clutter. A visibly elderly Japanese senior with silver-gray hair, fine wrinkles around the eyes, slightly weathered hands, and relaxed age-appropriate posture gently opening curtains or sitting near a bright window in an ordinary Japanese apartment morning, showing natural daylight without rushing. Soft dawn-to-morning light, tidy tatami or simple bedroom/living room details, practical senior home clothing, low clutter. Keep ordinary Japanese domestic cues, practical senior clothing, soft low-saturation colors, and clear panel-like composition. The image should support this narration beat: 起きてもカーテンを閉めたまま、薄暗い部屋でぼんやり座っている。 No readable text, no numerals, no speech bubbles, no subtitles, avoid photorealism, avoid panic, avoid youthful skin or youthful posture.","Focused motion beat 21 for window daylight and curtain. contrast role; Calm push-in; the hand eases the curtain slightly while daylight grows softly across the floor. Keep attention on the daylight entering the room. dust motes drift in the beam and fabric edges move subtly. Preserve the calm senior-friendly educational mood and the existing illustration style. (Silent video, no audio). No dialogue, no lip sync, no direct-to-camera speech, no singing, no chanting, no new readable text, no character redesign, no scene redesign."
雨戸や遮光カーテンを閉めたまま、気がつくと午前中が過ぎている。,"Generate a clean editorial manga illustration in a seinen soft educational style, old-school two-dimensional anime influence, clean ink line art, restrained screentone, flat soft low-saturation colors, warm neutral accents, panel-like clarity, low clutter. A visibly elderly Japanese senior with silver-gray hair, fine wrinkles around the eyes, slightly weathered hands, and relaxed age-appropriate posture gently opening curtains or sitting near a bright window in an ordinary Japanese apartment morning, showing natural daylight without rushing. Soft dawn-to-morning light, tidy tatami or simple bedroom/living room details, practical senior home clothing, low clutter. Keep ordinary Japanese domestic cues, practical senior clothing, soft low-saturation colors, and clear panel-like composition. The image should support this narration beat: 雨戸や遮光カーテンを閉めたまま、気がつくと午前中が過ぎている。 No readable text, no numerals, no speech bubbles, no subtitles, avoid photorealism, avoid panic, avoid youthful skin or youthful posture.","Focused motion beat 22 for window daylight and curtain. checklist role; Subtle rightward pan; the hand eases the curtain slightly while daylight grows softly across the floor. Keep attention on the daylight entering the room. dust motes drift in the beam and fabric edges move subtly. Preserve the calm senior-friendly educational mood and the existing illustration style. (Silent video, no audio). No dialogue, no lip sync, no direct-to-camera speech, no singing, no chanting, no new readable text, no character redesign, no scene redesign."
こういう朝は、体の時計に、朝が来たという合図が届きにくくなります。,"Generate a clean editorial manga illustration in a seinen soft educational style, old-school two-dimensional anime influence, clean ink line art, restrained screentone, flat soft low-saturation colors, warm neutral accents, panel-like clarity, low clutter. A calm educational metaphor scene for senior wellness, showing the body clock as soft morning light entering a Japanese home with a visibly elderly Japanese senior with silver-gray hair, fine wrinkles around the eyes, slightly weathered hands, and relaxed age-appropriate posture nearby. Low-clutter symbolic composition, no fake scientific proof, no medical devices. Keep ordinary Japanese domestic cues, practical senior clothing, soft low-saturation colors, and clear panel-like composition. The image should support this narration beat: こういう朝は、体の時計に、朝が来たという合図が届きにくくなります。 No readable text, no numerals, no speech bubbles, no subtitles, avoid photorealism, avoid panic, avoid youthful skin or youthful posture.","Focused motion beat 23 for senior wellness explanation. expert emphasis role; Slow reveal drift; the symbolic light cue drifts gently across the composition. Keep attention on the quiet explanatory cue. soft layered parallax suggests the body clock settling. Preserve the calm senior-friendly educational mood and the existing illustration style. (Silent video, no audio). No dialogue, no lip sync, no direct-to-camera speech, no singing, no chanting, no new readable text, no character redesign, no scene redesign."
厚生労働省の睡眠に関する情報でも、朝から午前中の光は、体内時計を整えるうえで大切だとされています。,"Generate a clean editorial manga illustration in a seinen soft educational style, old-school two-dimensional anime influence, clean ink line art, restrained screentone, flat soft low-saturation colors, warm neutral accents, panel-like clarity, low clutter. A visibly elderly Japanese senior with silver-gray hair, fine wrinkles around the eyes, slightly weathered hands, and relaxed age-appropriate posture gently opening curtains or sitting near a bright window in an ordinary Japanese apartment morning, showing natural daylight without rushing. Soft dawn-to-morning light, tidy tatami or simple bedroom/living room details, practical senior home clothing, low clutter. Keep ordinary Japanese domestic cues, practical senior clothing, soft low-saturation colors, and clear panel-like composition. The image should support this narration beat: 厚生労働省の睡眠に関する情報でも、朝から午前中の光は、体内時計を整えるうえで大切だとされています。 No readable text, no numerals, no speech bubbles, no subtitles, avoid photorealism, avoid panic, avoid youthful skin or youthful posture.","Focused motion beat 24 for window daylight and curtain. solution demo role; Steady observational hold; the hand eases the curtain slightly while daylight grows softly across the floor. Keep attention on the daylight entering the room. dust motes drift in the beam and fabric edges move subtly. Preserve the calm senior-friendly educational mood and the existing illustration style. (Silent video, no audio). No dialogue, no lip sync, no direct-to-camera speech, no singing, no chanting, no new readable text, no character redesign, no scene redesign."
難しいことをする必要はありません。,"Generate a clean editorial manga illustration in a seinen soft educational style, old-school two-dimensional anime influence, clean ink line art, restrained screentone, flat soft low-saturation colors, warm neutral accents, panel-like clarity, low clutter. A calm educational metaphor scene for senior wellness, showing the body clock as soft morning light entering a Japanese home with a visibly elderly Japanese senior with silver-gray hair, fine wrinkles around the eyes, slightly weathered hands, and relaxed age-appropriate posture nearby. Low-clutter symbolic composition, no fake scientific proof, no medical devices. Keep ordinary Japanese domestic cues, practical senior clothing, soft low-saturation colors, and clear panel-like composition. The image should support this narration beat: 難しいことをする必要はありません。 No readable text, no numerals, no speech bubbles, no subtitles, avoid photorealism, avoid panic, avoid youthful skin or youthful posture.","Focused motion beat 25 for senior wellness explanation. danger reveal role; Slow forward drift; the symbolic light cue drifts gently across the composition. Keep attention on the quiet explanatory cue. soft layered parallax suggests the body clock settling. Preserve the calm senior-friendly educational mood and the existing illustration style. (Silent video, no audio). No dialogue, no lip sync, no direct-to-camera speech, no singing, no chanting, no new readable text, no character redesign, no scene redesign."
まず、目が覚めたらカーテンを少し開けて、部屋に自然の光を入れてみましょう。,"Generate a clean editorial manga illustration in a seinen soft educational style, old-school two-dimensional anime influence, clean ink line art, restrained screentone, flat soft low-saturation colors, warm neutral accents, panel-like clarity, low clutter. A visibly elderly Japanese senior with silver-gray hair, fine wrinkles around the eyes, slightly weathered hands, and relaxed age-appropriate posture gently opening curtains or sitting near a bright window in an ordinary Japanese apartment morning, showing natural daylight without rushing. Soft dawn-to-morning light, tidy tatami or simple bedroom/living room details, practical senior home clothing, low clutter. Keep ordinary Japanese domestic cues, practical senior clothing, soft low-saturation colors, and clear panel-like composition. The image should support this narration beat: まず、目が覚めたらカーテンを少し開けて、部屋に自然の光を入れてみましょう。 No readable text, no numerals, no speech bubbles, no subtitles, avoid photorealism, avoid panic, avoid youthful skin or youthful posture.","Focused motion beat 26 for window daylight and curtain. near miss role; Gentle lateral slide; the hand eases the curtain slightly while daylight grows softly across the floor. Keep attention on the daylight entering the room. dust motes drift in the beam and fabric edges move subtly. Preserve the calm senior-friendly educational mood and the existing illustration style. (Silent video, no audio). No dialogue, no lip sync, no direct-to-camera speech, no singing, no chanting, no new readable text, no character redesign, no scene redesign."
外に出られる日なら、玄関先やベランダで空を見るだけでも構いません。,"Generate a clean editorial manga illustration in a seinen soft educational style, old-school two-dimensional anime influence, clean ink line art, restrained screentone, flat soft low-saturation colors, warm neutral accents, panel-like clarity, low clutter. A visibly elderly Japanese senior with silver-gray hair, fine wrinkles around the eyes, slightly weathered hands, and relaxed age-appropriate posture gently opening curtains or sitting near a bright window in an ordinary Japanese apartment morning, showing natural daylight without rushing. Soft dawn-to-morning light, tidy tatami or simple bedroom/living room details, practical senior home clothing, low clutter. Keep ordinary Japanese domestic cues, practical senior clothing, soft low-saturation colors, and clear panel-like composition. The image should support this narration beat: 外に出られる日なら、玄関先やベランダで空を見るだけでも構いません。 No readable text, no numerals, no speech bubbles, no subtitles, avoid photorealism, avoid panic, avoid youthful skin or youthful posture.","Focused motion beat 27 for window daylight and curtain. contrast role; Soft overhead-to-front tilt; the hand eases the curtain slightly while daylight grows softly across the floor. Keep attention on the daylight entering the room. dust motes drift in the beam and fabric edges move subtly. Preserve the calm senior-friendly educational mood and the existing illustration style. (Silent video, no audio). No dialogue, no lip sync, no direct-to-camera speech, no singing, no chanting, no new readable text, no character redesign, no scene redesign."
足元が不安な日は、無理に歩き回らず、明るい窓際に座るだけでもよいのです。,"Generate a clean editorial manga illustration in a seinen soft educational style, old-school two-dimensional anime influence, clean ink line art, restrained screentone, flat soft low-saturation colors, warm neutral accents, panel-like clarity, low clutter. A visibly elderly Japanese senior with silver-gray hair, fine wrinkles around the eyes, slightly weathered hands, and relaxed age-appropriate posture gently opening curtains or sitting near a bright window in an ordinary Japanese apartment morning, showing natural daylight without rushing. Soft dawn-to-morning light, tidy tatami or simple bedroom/living room details, practical senior home clothing, low clutter. Keep ordinary Japanese domestic cues, practical senior clothing, soft low-saturation colors, and clear panel-like composition. The image should support this narration beat: 足元が不安な日は、無理に歩き回らず、明るい窓際に座るだけでもよいのです。 No readable text, no numerals, no speech bubbles, no subtitles, avoid photorealism, avoid panic, avoid youthful skin or youthful posture.","Focused motion beat 28 for window daylight and curtain. checklist role; Measured parallax hold; the hand eases the curtain slightly while daylight grows softly across the floor. Keep attention on the daylight entering the room. dust motes drift in the beam and fabric edges move subtly. Preserve the calm senior-friendly educational mood and the existing illustration style. (Silent video, no audio). No dialogue, no lip sync, no direct-to-camera speech, no singing, no chanting, no new readable text, no character redesign, no scene redesign."
大切なのは、体に、今日は始まりましたよ、とやさしく知らせることです。,"Generate a clean editorial manga illustration in a seinen soft educational style, old-school two-dimensional anime influence, clean ink line art, restrained screentone, flat soft low-saturation colors, warm neutral accents, panel-like clarity, low clutter. A calm educational metaphor scene for senior wellness, showing the body clock as soft morning light entering a Japanese home with a visibly elderly Japanese senior with silver-gray hair, fine wrinkles around the eyes, slightly weathered hands, and relaxed age-appropriate posture nearby. Low-clutter symbolic composition, no fake scientific proof, no medical devices. Keep ordinary Japanese domestic cues, practical senior clothing, soft low-saturation colors, and clear panel-like composition. The image should support this narration beat: 大切なのは、体に、今日は始まりましたよ、とやさしく知らせることです。 No readable text, no numerals, no speech bubbles, no subtitles, avoid photorealism, avoid panic, avoid youthful skin or youthful posture.","Focused motion beat 29 for senior wellness explanation. expert emphasis role; Calm push-in; the symbolic light cue drifts gently across the composition. Keep attention on the quiet explanatory cue. soft layered parallax suggests the body clock settling. Preserve the calm senior-friendly educational mood and the existing illustration style. (Silent video, no audio). No dialogue, no lip sync, no direct-to-camera speech, no singing, no chanting, no new readable text, no character redesign, no scene redesign."
ただし、早ければ早いほど良い、という意味ではありません。,"Generate a clean editorial manga illustration in a seinen soft educational style, old-school two-dimensional anime influence, clean ink line art, restrained screentone, flat soft low-saturation colors, warm neutral accents, panel-like clarity, low clutter. A calm educational metaphor scene for senior wellness, showing the body clock as soft morning light entering a Japanese home with a visibly elderly Japanese senior with silver-gray hair, fine wrinkles around the eyes, slightly weathered hands, and relaxed age-appropriate posture nearby. Low-clutter symbolic composition, no fake scientific proof, no medical devices. Keep ordinary Japanese domestic cues, practical senior clothing, soft low-saturation colors, and clear panel-like composition. The image should support this narration beat: ただし、早ければ早いほど良い、という意味ではありません。 No readable text, no numerals, no speech bubbles, no subtitles, avoid photorealism, avoid panic, avoid youthful skin or youthful posture.","Focused motion beat 30 for senior wellness explanation. solution demo role; Subtle rightward pan; the symbolic light cue drifts gently across the composition. Keep attention on the quiet explanatory cue. soft layered parallax suggests the body clock settling. Preserve the calm senior-friendly educational mood and the existing illustration style. (Silent video, no audio). No dialogue, no lip sync, no direct-to-camera speech, no singing, no chanting, no new readable text, no character redesign, no scene redesign."
夕方に眠くなるのが早すぎて困っている方は、早朝の強い光でさらに朝型に寄りすぎることもあります。,"Generate a clean editorial manga illustration in a seinen soft educational style, old-school two-dimensional anime influence, clean ink line art, restrained screentone, flat soft low-saturation colors, warm neutral accents, panel-like clarity, low clutter. A visibly elderly Japanese senior with silver-gray hair, fine wrinkles around the eyes, slightly weathered hands, and relaxed age-appropriate posture gently opening curtains or sitting near a bright window in an ordinary Japanese apartment morning, showing natural daylight without rushing. Soft dawn-to-morning light, tidy tatami or simple bedroom/living room details, practical senior home clothing, low clutter. Keep ordinary Japanese domestic cues, practical senior clothing, soft low-saturation colors, and clear panel-like composition. The image should support this narration beat: 夕方に眠くなるのが早すぎて困っている方は、早朝の強い光でさらに朝型に寄りすぎることもあります。 No readable text, no numerals, no speech bubbles, no subtitles, avoid photorealism, avoid panic, avoid youthful skin or youthful posture.","Focused motion beat 31 for window daylight and curtain. danger reveal role; Slow reveal drift; the hand eases the curtain slightly while daylight grows softly across the floor. Keep attention on the daylight entering the room. dust motes drift in the beam and fabric edges move subtly. Preserve the calm senior-friendly educational mood and the existing illustration style. (Silent video, no audio). No dialogue, no lip sync, no direct-to-camera speech, no singing, no chanting, no new readable text, no character redesign, no scene redesign."
その場合は、無理に暗いうちから起きて光を浴びようとしないでください。,"Generate a clean editorial manga illustration in a seinen soft educational style, old-school two-dimensional anime influence, clean ink line art, restrained screentone, flat soft low-saturation colors, warm neutral accents, panel-like clarity, low clutter. A visibly elderly Japanese senior with silver-gray hair, fine wrinkles around the eyes, slightly weathered hands, and relaxed age-appropriate posture gently opening curtains or sitting near a bright window in an ordinary Japanese apartment morning, showing natural daylight without rushing. Soft dawn-to-morning light, tidy tatami or simple bedroom/living room details, practical senior home clothing, low clutter. Keep ordinary Japanese domestic cues, practical senior clothing, soft low-saturation colors, and clear panel-like composition. The image should support this narration beat: その場合は、無理に暗いうちから起きて光を浴びようとしないでください。 No readable text, no numerals, no speech bubbles, no subtitles, avoid photorealism, avoid panic, avoid youthful skin or youthful posture.","Focused motion beat 32 for window daylight and curtain. near miss role; Steady observational hold; the hand eases the curtain slightly while daylight grows softly across the floor. Keep attention on the daylight entering the room. dust motes drift in the beam and fabric edges move subtly. Preserve the calm senior-friendly educational mood and the existing illustration style. (Silent video, no audio). No dialogue, no lip sync, no direct-to-camera speech, no singing, no chanting, no new readable text, no character redesign, no scene redesign."
ご自身の生活時間に合わせて、朝から午前中の明るさを少し増やす、くらいで十分です。,"Generate a clean editorial manga illustration in a seinen soft educational style, old-school two-dimensional anime influence, clean ink line art, restrained screentone, flat soft low-saturation colors, warm neutral accents, panel-like clarity, low clutter. A visibly elderly Japanese senior with silver-gray hair, fine wrinkles around the eyes, slightly weathered hands, and relaxed age-appropriate posture gently opening curtains or sitting near a bright window in an ordinary Japanese apartment morning, showing natural daylight without rushing. Soft dawn-to-morning light, tidy tatami or simple bedroom/living room details, practical senior home clothing, low clutter. Keep ordinary Japanese domestic cues, practical senior clothing, soft low-saturation colors, and clear panel-like composition. The image should support this narration beat: ご自身の生活時間に合わせて、朝から午前中の明るさを少し増やす、くらいで十分です。 No readable text, no numerals, no speech bubbles, no subtitles, avoid photorealism, avoid panic, avoid youthful skin or youthful posture.","Focused motion beat 33 for window daylight and curtain. contrast role; Slow forward drift; the hand eases the curtain slightly while daylight grows softly across the floor. Keep attention on the daylight entering the room. dust motes drift in the beam and fabric edges move subtly. Preserve the calm senior-friendly educational mood and the existing illustration style. (Silent video, no audio). No dialogue, no lip sync, no direct-to-camera speech, no singing, no chanting, no new readable text, no character redesign, no scene redesign."
続いて、二つ目の見直しです。,"Generate a clean editorial manga illustration in a seinen soft educational style, old-school two-dimensional anime influence, clean ink line art, restrained screentone, flat soft low-saturation colors, warm neutral accents, panel-like clarity, low clutter. A clean side-by-side educational composition showing morning window light, quiet bedroom, and a simple notebook without any text. Balanced panel-like layout, Japanese home cues, clear but not infographic-like. Keep ordinary Japanese domestic cues, practical senior clothing, soft low-saturation colors, and clear panel-like composition. The image should support this narration beat: 続いて、二つ目の見直しです。 No readable text, no numerals, no speech bubbles, no subtitles, avoid photorealism, avoid panic, avoid youthful skin or youthful posture.","Focused motion beat 34 for three gentle review areas. checklist role; Gentle lateral slide; the camera glides from the window-light area toward the notebook area in a restrained comparison. Keep attention on the review areas. subtle parallax separates the review areas. Preserve the calm senior-friendly educational mood and the existing illustration style. (Silent video, no audio). No dialogue, no lip sync, no direct-to-camera speech, no singing, no chanting, no new readable text, no character redesign, no scene redesign."
朝のだるさは、実は前の晩の寝室から始まっていることがあります。,"Generate a clean editorial manga illustration in a seinen soft educational style, old-school two-dimensional anime influence, clean ink line art, restrained screentone, flat soft low-saturation colors, warm neutral accents, panel-like clarity, low clutter. A quiet Japanese bedroom scene with a visibly elderly Japanese senior with silver-gray hair, fine wrinkles around the eyes, slightly weathered hands, and relaxed age-appropriate posture preparing a calmer sleep environment, dim warm lamp, smartphone placed away from the pillow, bedding arranged neatly. Evening atmosphere, darkened room, calm household props, no visible screen content. Keep ordinary Japanese domestic cues, practical senior clothing, soft low-saturation colors, and clear panel-like composition. The image should support this narration beat: 朝のだるさは、実は前の晩の寝室から始まっていることがあります。 No readable text, no numerals, no speech bubbles, no subtitles, avoid photorealism, avoid panic, avoid youthful skin or youthful posture.","Focused motion beat 35 for bedroom environment. expert emphasis role; Soft overhead-to-front tilt; the hand places the phone farther from the pillow or smooths the bedding in one small action. Keep attention on the calmer sleep environment. the lamp glow steadies and the curtain edge barely shifts. Preserve the calm senior-friendly educational mood and the existing illustration style. (Silent video, no audio). No dialogue, no lip sync, no direct-to-camera speech, no singing, no chanting, no new readable text, no character redesign, no scene redesign."
寝る直前まで、スマートフォンやタブレットを見ていませんか。,"Generate a clean editorial manga illustration in a seinen soft educational style, old-school two-dimensional anime influence, clean ink line art, restrained screentone, flat soft low-saturation colors, warm neutral accents, panel-like clarity, low clutter. A quiet Japanese bedroom scene with a visibly elderly Japanese senior with silver-gray hair, fine wrinkles around the eyes, slightly weathered hands, and relaxed age-appropriate posture preparing a calmer sleep environment, dim warm lamp, smartphone placed away from the pillow, bedding arranged neatly. Evening atmosphere, darkened room, calm household props, no visible screen content. Keep ordinary Japanese domestic cues, practical senior clothing, soft low-saturation colors, and clear panel-like composition. The image should support this narration beat: 寝る直前まで、スマートフォンやタブレットを見ていませんか。 No readable text, no numerals, no speech bubbles, no subtitles, avoid photorealism, avoid panic, avoid youthful skin or youthful posture.","Focused motion beat 36 for bedroom environment. solution demo role; Measured parallax hold; the hand places the phone farther from the pillow or smooths the bedding in one small action. Keep attention on the calmer sleep environment. the lamp glow steadies and the curtain edge barely shifts. Preserve the calm senior-friendly educational mood and the existing illustration style. (Silent video, no audio). No dialogue, no lip sync, no direct-to-camera speech, no singing, no chanting, no new readable text, no character redesign, no scene redesign."
画面の光は、思っている以上に目と脳を起こしてしまうことがあります。,"Generate a clean editorial manga illustration in a seinen soft educational style, old-school two-dimensional anime influence, clean ink line art, restrained screentone, flat soft low-saturation colors, warm neutral accents, panel-like clarity, low clutter. A visibly elderly Japanese senior with silver-gray hair, fine wrinkles around the eyes, slightly weathered hands, and relaxed age-appropriate posture gently opening curtains or sitting near a bright window in an ordinary Japanese apartment morning, showing natural daylight without rushing. Soft dawn-to-morning light, tidy tatami or simple bedroom/living room details, practical senior home clothing, low clutter. Keep ordinary Japanese domestic cues, practical senior clothing, soft low-saturation colors, and clear panel-like composition. The image should support this narration beat: 画面の光は、思っている以上に目と脳を起こしてしまうことがあります。 No readable text, no numerals, no speech bubbles, no subtitles, avoid photorealism, avoid panic, avoid youthful skin or youthful posture.","Focused motion beat 37 for window daylight and curtain. danger reveal role; Calm push-in; the hand eases the curtain slightly while daylight grows softly across the floor. Keep attention on the daylight entering the room. dust motes drift in the beam and fabric edges move subtly. Preserve the calm senior-friendly educational mood and the existing illustration style. (Silent video, no audio). No dialogue, no lip sync, no direct-to-camera speech, no singing, no chanting, no new readable text, no character redesign, no scene redesign."
特に白っぽく明るい光は、体の時計に、まだ夜ではないですよ、と伝えてしまいやすいのです。,"Generate a clean editorial manga illustration in a seinen soft educational style, old-school two-dimensional anime influence, clean ink line art, restrained screentone, flat soft low-saturation colors, warm neutral accents, panel-like clarity, low clutter. A visibly elderly Japanese senior with silver-gray hair, fine wrinkles around the eyes, slightly weathered hands, and relaxed age-appropriate posture gently opening curtains or sitting near a bright window in an ordinary Japanese apartment morning, showing natural daylight without rushing. Soft dawn-to-morning light, tidy tatami or simple bedroom/living room details, practical senior home clothing, low clutter. Keep ordinary Japanese domestic cues, practical senior clothing, soft low-saturation colors, and clear panel-like composition. The image should support this narration beat: 特に白っぽく明るい光は、体の時計に、まだ夜ではないですよ、と伝えてしまいやすいのです。 No readable text, no numerals, no speech bubbles, no subtitles, avoid photorealism, avoid panic, avoid youthful skin or youthful posture.","Focused motion beat 38 for window daylight and curtain. near miss role; Subtle rightward pan; the hand eases the curtain slightly while daylight grows softly across the floor. Keep attention on the daylight entering the room. dust motes drift in the beam and fabric edges move subtly. Preserve the calm senior-friendly educational mood and the existing illustration style. (Silent video, no audio). No dialogue, no lip sync, no direct-to-camera speech, no singing, no chanting, no new readable text, no character redesign, no scene redesign."
すると、寝つく時間が遅れたり、眠りが浅くなったりして、朝の回復感が弱くなることがあります。,"Generate a clean editorial manga illustration in a seinen soft educational style, old-school two-dimensional anime influence, clean ink line art, restrained screentone, flat soft low-saturation colors, warm neutral accents, panel-like clarity, low clutter. A calm educational metaphor scene for senior wellness, showing the body clock as soft morning light entering a Japanese home with a visibly elderly Japanese senior with silver-gray hair, fine wrinkles around the eyes, slightly weathered hands, and relaxed age-appropriate posture nearby. Low-clutter symbolic composition, no fake scientific proof, no medical devices. Keep ordinary Japanese domestic cues, practical senior clothing, soft low-saturation colors, and clear panel-like composition. The image should support this narration beat: すると、寝つく時間が遅れたり、眠りが浅くなったりして、朝の回復感が弱くなることがあります。 No readable text, no numerals, no speech bubbles, no subtitles, avoid photorealism, avoid panic, avoid youthful skin or youthful posture.","Focused motion beat 39 for senior wellness explanation. contrast role; Slow reveal drift; the symbolic light cue drifts gently across the composition. Keep attention on the quiet explanatory cue. soft layered parallax suggests the body clock settling. Preserve the calm senior-friendly educational mood and the existing illustration style. (Silent video, no audio). No dialogue, no lip sync, no direct-to-camera speech, no singing, no chanting, no new readable text, no character redesign, no scene redesign."
寝る前の情報も、意外と体を疲れさせます。,"Generate a clean editorial manga illustration in a seinen soft educational style, old-school two-dimensional anime influence, clean ink line art, restrained screentone, flat soft low-saturation colors, warm neutral accents, panel-like clarity, low clutter. A calm educational metaphor scene for senior wellness, showing the body clock as soft morning light entering a Japanese home with a visibly elderly Japanese senior with silver-gray hair, fine wrinkles around the eyes, slightly weathered hands, and relaxed age-appropriate posture nearby. Low-clutter symbolic composition, no fake scientific proof, no medical devices. Keep ordinary Japanese domestic cues, practical senior clothing, soft low-saturation colors, and clear panel-like composition. The image should support this narration beat: 寝る前の情報も、意外と体を疲れさせます。 No readable text, no numerals, no speech bubbles, no subtitles, avoid photorealism, avoid panic, avoid youthful skin or youthful posture.","Focused motion beat 40 for senior wellness explanation. checklist role; Steady observational hold; the symbolic light cue drifts gently across the composition. Keep attention on the quiet explanatory cue. soft layered parallax suggests the body clock settling. Preserve the calm senior-friendly educational mood and the existing illustration style. (Silent video, no audio). No dialogue, no lip sync, no direct-to-camera speech, no singing, no chanting, no new readable text, no character redesign, no scene redesign."
ニュースを見て不安になったり、連絡を返そうとして頭が働き続けたりすることもありますよね。,"Generate a clean editorial manga illustration in a seinen soft educational style, old-school two-dimensional anime influence, clean ink line art, restrained screentone, flat soft low-saturation colors, warm neutral accents, panel-like clarity, low clutter. A restrained symbolic scene about noticing body signals: a visibly elderly Japanese senior with silver-gray hair, fine wrinkles around the eyes, slightly weathered hands, and relaxed age-appropriate posture calmly touching the forehead or sitting beside a bedside table while a family member observes with concern, no emergency. Japanese domestic morning setting, soft light, safe posture, gentle concern. Keep ordinary Japanese domestic cues, practical senior clothing, soft low-saturation colors, and clear panel-like composition. The image should support this narration beat: ニュースを見て不安になったり、連絡を返そうとして頭が働き続けたりすることもありますよね。 No readable text, no numerals, no speech bubbles, no subtitles, avoid photorealism, avoid panic, avoid youthful skin or youthful posture.","Focused motion beat 41 for calm symptom awareness. expert emphasis role; Slow forward drift; the subject makes a small thoughtful pause and adjusts posture safely. Keep attention on the body-signal awareness cue. soft morning light changes gently around the bedside. Preserve the calm senior-friendly educational mood and the existing illustration style. (Silent video, no audio). No dialogue, no lip sync, no direct-to-camera speech, no singing, no chanting, no new readable text, no character redesign, no scene redesign."
できれば、寝る少し前からは、画面を遠ざける時間を作ってみましょう。,"Generate a clean editorial manga illustration in a seinen soft educational style, old-school two-dimensional anime influence, clean ink line art, restrained screentone, flat soft low-saturation colors, warm neutral accents, panel-like clarity, low clutter. A quiet Japanese bedroom scene with a visibly elderly Japanese senior with silver-gray hair, fine wrinkles around the eyes, slightly weathered hands, and relaxed age-appropriate posture preparing a calmer sleep environment, dim warm lamp, smartphone placed away from the pillow, bedding arranged neatly. Evening atmosphere, darkened room, calm household props, no visible screen content. Keep ordinary Japanese domestic cues, practical senior clothing, soft low-saturation colors, and clear panel-like composition. The image should support this narration beat: できれば、寝る少し前からは、画面を遠ざける時間を作ってみましょう。 No readable text, no numerals, no speech bubbles, no subtitles, avoid photorealism, avoid panic, avoid youthful skin or youthful posture.","Focused motion beat 42 for bedroom environment. solution demo role; Gentle lateral slide; the hand places the phone farther from the pillow or smooths the bedding in one small action. Keep attention on the calmer sleep environment. the lamp glow steadies and the curtain edge barely shifts. Preserve the calm senior-friendly educational mood and the existing illustration style. (Silent video, no audio). No dialogue, no lip sync, no direct-to-camera speech, no singing, no chanting, no new readable text, no character redesign, no scene redesign."
どうしても必要な場合は、明るさを下げて、短い時間で終えるようにしてみてください。,"Generate a clean editorial manga illustration in a seinen soft educational style, old-school two-dimensional anime influence, clean ink line art, restrained screentone, flat soft low-saturation colors, warm neutral accents, panel-like clarity, low clutter. A visibly elderly Japanese senior with silver-gray hair, fine wrinkles around the eyes, slightly weathered hands, and relaxed age-appropriate posture gently opening curtains or sitting near a bright window in an ordinary Japanese apartment morning, showing natural daylight without rushing. Soft dawn-to-morning light, tidy tatami or simple bedroom/living room details, practical senior home clothing, low clutter. Keep ordinary Japanese domestic cues, practical senior clothing, soft low-saturation colors, and clear panel-like composition. The image should support this narration beat: どうしても必要な場合は、明るさを下げて、短い時間で終えるようにしてみてください。 No readable text, no numerals, no speech bubbles, no subtitles, avoid photorealism, avoid panic, avoid youthful skin or youthful posture.","Focused motion beat 43 for window daylight and curtain. danger reveal role; Soft overhead-to-front tilt; the hand eases the curtain slightly while daylight grows softly across the floor. Keep attention on the daylight entering the room. dust motes drift in the beam and fabric edges move subtly. Preserve the calm senior-friendly educational mood and the existing illustration style. (Silent video, no audio). No dialogue, no lip sync, no direct-to-camera speech, no singing, no chanting, no new readable text, no character redesign, no scene redesign."
寝室そのものも、朝のだるさに関係します。,"Generate a clean editorial manga illustration in a seinen soft educational style, old-school two-dimensional anime influence, clean ink line art, restrained screentone, flat soft low-saturation colors, warm neutral accents, panel-like clarity, low clutter. A quiet Japanese bedroom scene with a visibly elderly Japanese senior with silver-gray hair, fine wrinkles around the eyes, slightly weathered hands, and relaxed age-appropriate posture preparing a calmer sleep environment, dim warm lamp, smartphone placed away from the pillow, bedding arranged neatly. Evening atmosphere, darkened room, calm household props, no visible screen content. Keep ordinary Japanese domestic cues, practical senior clothing, soft low-saturation colors, and clear panel-like composition. The image should support this narration beat: 寝室そのものも、朝のだるさに関係します。 No readable text, no numerals, no speech bubbles, no subtitles, avoid photorealism, avoid panic, avoid youthful skin or youthful posture.","Focused motion beat 44 for bedroom environment. near miss role; Measured parallax hold; the hand places the phone farther from the pillow or smooths the bedding in one small action. Keep attention on the calmer sleep environment. the lamp glow steadies and the curtain edge barely shifts. Preserve the calm senior-friendly educational mood and the existing illustration style. (Silent video, no audio). No dialogue, no lip sync, no direct-to-camera speech, no singing, no chanting, no new readable text, no character redesign, no scene redesign."
部屋が暑すぎたり寒すぎたりすると、眠っている間に体が休みにくくなります。,"Generate a clean editorial manga illustration in a seinen soft educational style, old-school two-dimensional anime influence, clean ink line art, restrained screentone, flat soft low-saturation colors, warm neutral accents, panel-like clarity, low clutter. A calm educational metaphor scene for senior wellness, showing the body clock as soft morning light entering a Japanese home with a visibly elderly Japanese senior with silver-gray hair, fine wrinkles around the eyes, slightly weathered hands, and relaxed age-appropriate posture nearby. Low-clutter symbolic composition, no fake scientific proof, no medical devices. Keep ordinary Japanese domestic cues, practical senior clothing, soft low-saturation colors, and clear panel-like composition. The image should support this narration beat: 部屋が暑すぎたり寒すぎたりすると、眠っている間に体が休みにくくなります。 No readable text, no numerals, no speech bubbles, no subtitles, avoid photorealism, avoid panic, avoid youthful skin or youthful posture.","Focused motion beat 45 for senior wellness explanation. contrast role; Calm push-in; the symbolic light cue drifts gently across the composition. Keep attention on the quiet explanatory cue. soft layered parallax suggests the body clock settling. Preserve the calm senior-friendly educational mood and the existing illustration style. (Silent video, no audio). No dialogue, no lip sync, no direct-to-camera speech, no singing, no chanting, no new readable text, no character redesign, no scene redesign."
車の音や家の中の物音で、何度も浅く目が覚めることもあります。,"Generate a clean editorial manga illustration in a seinen soft educational style, old-school two-dimensional anime influence, clean ink line art, restrained screentone, flat soft low-saturation colors, warm neutral accents, panel-like clarity, low clutter. A calm educational metaphor scene for senior wellness, showing the body clock as soft morning light entering a Japanese home with a visibly elderly Japanese senior with silver-gray hair, fine wrinkles around the eyes, slightly weathered hands, and relaxed age-appropriate posture nearby. Low-clutter symbolic composition, no fake scientific proof, no medical devices. Keep ordinary Japanese domestic cues, practical senior clothing, soft low-saturation colors, and clear panel-like composition. The image should support this narration beat: 車の音や家の中の物音で、何度も浅く目が覚めることもあります。 No readable text, no numerals, no speech bubbles, no subtitles, avoid photorealism, avoid panic, avoid youthful skin or youthful posture.","Focused motion beat 46 for senior wellness explanation. checklist role; Subtle rightward pan; the symbolic light cue drifts gently across the composition. Keep attention on the quiet explanatory cue. soft layered parallax suggests the body clock settling. Preserve the calm senior-friendly educational mood and the existing illustration style. (Silent video, no audio). No dialogue, no lip sync, no direct-to-camera speech, no singing, no chanting, no new readable text, no character redesign, no scene redesign."
遮光カーテンや、耳に負担の少ない工夫、季節に合った寝具を使うだけでも、眠りやすさが変わる方がいます。,"Generate a clean editorial manga illustration in a seinen soft educational style, old-school two-dimensional anime influence, clean ink line art, restrained screentone, flat soft low-saturation colors, warm neutral accents, panel-like clarity, low clutter. A visibly elderly Japanese senior with silver-gray hair, fine wrinkles around the eyes, slightly weathered hands, and relaxed age-appropriate posture gently opening curtains or sitting near a bright window in an ordinary Japanese apartment morning, showing natural daylight without rushing. Soft dawn-to-morning light, tidy tatami or simple bedroom/living room details, practical senior home clothing, low clutter. Keep ordinary Japanese domestic cues, practical senior clothing, soft low-saturation colors, and clear panel-like composition. The image should support this narration beat: 遮光カーテンや、耳に負担の少ない工夫、季節に合った寝具を使うだけでも、眠りやすさが変わる方がいます。 No readable text, no numerals, no speech bubbles, no subtitles, avoid photorealism, avoid panic, avoid youthful skin or youthful posture.","Focused motion beat 47 for window daylight and curtain. expert emphasis role; Slow reveal drift; the hand eases the curtain slightly while daylight grows softly across the floor. Keep attention on the daylight entering the room. dust motes drift in the beam and fabric edges move subtly. Preserve the calm senior-friendly educational mood and the existing illustration style. (Silent video, no audio). No dialogue, no lip sync, no direct-to-camera speech, no singing, no chanting, no new readable text, no character redesign, no scene redesign."
また、入浴の時間も、少しだけ気にしてみてください。,"Generate a clean editorial manga illustration in a seinen soft educational style, old-school two-dimensional anime influence, clean ink line art, restrained screentone, flat soft low-saturation colors, warm neutral accents, panel-like clarity, low clutter. A quiet Japanese bedroom scene with a visibly elderly Japanese senior with silver-gray hair, fine wrinkles around the eyes, slightly weathered hands, and relaxed age-appropriate posture preparing a calmer sleep environment, dim warm lamp, smartphone placed away from the pillow, bedding arranged neatly. Evening atmosphere, darkened room, calm household props, no visible screen content. Keep ordinary Japanese domestic cues, practical senior clothing, soft low-saturation colors, and clear panel-like composition. The image should support this narration beat: また、入浴の時間も、少しだけ気にしてみてください。 No readable text, no numerals, no speech bubbles, no subtitles, avoid photorealism, avoid panic, avoid youthful skin or youthful posture.","Focused motion beat 48 for bedroom environment. solution demo role; Steady observational hold; the hand places the phone farther from the pillow or smooths the bedding in one small action. Keep attention on the calmer sleep environment. the lamp glow steadies and the curtain edge barely shifts. Preserve the calm senior-friendly educational mood and the existing illustration style. (Silent video, no audio). No dialogue, no lip sync, no direct-to-camera speech, no singing, no chanting, no new readable text, no character redesign, no scene redesign."
寝る直前に熱いお風呂へ長く入ると、体が目覚める方向に傾くことがあります。,"Generate a clean editorial manga illustration in a seinen soft educational style, old-school two-dimensional anime influence, clean ink line art, restrained screentone, flat soft low-saturation colors, warm neutral accents, panel-like clarity, low clutter. A quiet Japanese bedroom scene with a visibly elderly Japanese senior with silver-gray hair, fine wrinkles around the eyes, slightly weathered hands, and relaxed age-appropriate posture preparing a calmer sleep environment, dim warm lamp, smartphone placed away from the pillow, bedding arranged neatly. Evening atmosphere, darkened room, calm household props, no visible screen content. Keep ordinary Japanese domestic cues, practical senior clothing, soft low-saturation colors, and clear panel-like composition. The image should support this narration beat: 寝る直前に熱いお風呂へ長く入ると、体が目覚める方向に傾くことがあります。 No readable text, no numerals, no speech bubbles, no subtitles, avoid photorealism, avoid panic, avoid youthful skin or youthful posture.","Focused motion beat 49 for bedroom environment. danger reveal role; Slow forward drift; the hand places the phone farther from the pillow or smooths the bedding in one small action. Keep attention on the calmer sleep environment. the lamp glow steadies and the curtain edge barely shifts. Preserve the calm senior-friendly educational mood and the existing illustration style. (Silent video, no audio). No dialogue, no lip sync, no direct-to-camera speech, no singing, no chanting, no new readable text, no character redesign, no scene redesign."
ぬるめのお湯で、寝る少し前に体を温めるくらいが、合う方も多いでしょう。,"Generate a clean editorial manga illustration in a seinen soft educational style, old-school two-dimensional anime influence, clean ink line art, restrained screentone, flat soft low-saturation colors, warm neutral accents, panel-like clarity, low clutter. A calm educational metaphor scene for senior wellness, showing the body clock as soft morning light entering a Japanese home with a visibly elderly Japanese senior with silver-gray hair, fine wrinkles around the eyes, slightly weathered hands, and relaxed age-appropriate posture nearby. Low-clutter symbolic composition, no fake scientific proof, no medical devices. Keep ordinary Japanese domestic cues, practical senior clothing, soft low-saturation colors, and clear panel-like composition. The image should support this narration beat: ぬるめのお湯で、寝る少し前に体を温めるくらいが、合う方も多いでしょう。 No readable text, no numerals, no speech bubbles, no subtitles, avoid photorealism, avoid panic, avoid youthful skin or youthful posture.","Focused motion beat 50 for senior wellness explanation. near miss role; Gentle lateral slide; the symbolic light cue drifts gently across the composition. Keep attention on the quiet explanatory cue. soft layered parallax suggests the body clock settling. Preserve the calm senior-friendly educational mood and the existing illustration style. (Silent video, no audio). No dialogue, no lip sync, no direct-to-camera speech, no singing, no chanting, no new readable text, no character redesign, no scene redesign."
もちろん、持病や体調によって合う方法は違います。,"Generate a clean editorial manga illustration in a seinen soft educational style, old-school two-dimensional anime influence, clean ink line art, restrained screentone, flat soft low-saturation colors, warm neutral accents, panel-like clarity, low clutter. A calm educational metaphor scene for senior wellness, showing the body clock as soft morning light entering a Japanese home with a visibly elderly Japanese senior with silver-gray hair, fine wrinkles around the eyes, slightly weathered hands, and relaxed age-appropriate posture nearby. Low-clutter symbolic composition, no fake scientific proof, no medical devices. Keep ordinary Japanese domestic cues, practical senior clothing, soft low-saturation colors, and clear panel-like composition. The image should support this narration beat: もちろん、持病や体調によって合う方法は違います。 No readable text, no numerals, no speech bubbles, no subtitles, avoid photorealism, avoid panic, avoid youthful skin or youthful posture.","Focused motion beat 51 for senior wellness explanation. contrast role; Soft overhead-to-front tilt; the symbolic light cue drifts gently across the composition. Keep attention on the quiet explanatory cue. soft layered parallax suggests the body clock settling. Preserve the calm senior-friendly educational mood and the existing illustration style. (Silent video, no audio). No dialogue, no lip sync, no direct-to-camera speech, no singing, no chanting, no new readable text, no character redesign, no scene redesign."
大切なのは、夜の環境を、体が静かに休める方向へ少しずつ整えることです。,"Generate a clean editorial manga illustration in a seinen soft educational style, old-school two-dimensional anime influence, clean ink line art, restrained screentone, flat soft low-saturation colors, warm neutral accents, panel-like clarity, low clutter. A quiet Japanese bedroom scene with a visibly elderly Japanese senior with silver-gray hair, fine wrinkles around the eyes, slightly weathered hands, and relaxed age-appropriate posture preparing a calmer sleep environment, dim warm lamp, smartphone placed away from the pillow, bedding arranged neatly. Evening atmosphere, darkened room, calm household props, no visible screen content. Keep ordinary Japanese domestic cues, practical senior clothing, soft low-saturation colors, and clear panel-like composition. The image should support this narration beat: 大切なのは、夜の環境を、体が静かに休める方向へ少しずつ整えることです。 No readable text, no numerals, no speech bubbles, no subtitles, avoid photorealism, avoid panic, avoid youthful skin or youthful posture.","Focused motion beat 52 for bedroom environment. checklist role; Measured parallax hold; the hand places the phone farther from the pillow or smooths the bedding in one small action. Keep attention on the calmer sleep environment. the lamp glow steadies and the curtain edge barely shifts. Preserve the calm senior-friendly educational mood and the existing illustration style. (Silent video, no audio). No dialogue, no lip sync, no direct-to-camera speech, no singing, no chanting, no new readable text, no character redesign, no scene redesign."
ここまで、光と寝室の話をしてきました。,"Generate a clean editorial manga illustration in a seinen soft educational style, old-school two-dimensional anime influence, clean ink line art, restrained screentone, flat soft low-saturation colors, warm neutral accents, panel-like clarity, low clutter. A visibly elderly Japanese senior with silver-gray hair, fine wrinkles around the eyes, slightly weathered hands, and relaxed age-appropriate posture gently opening curtains or sitting near a bright window in an ordinary Japanese apartment morning, showing natural daylight without rushing. Soft dawn-to-morning light, tidy tatami or simple bedroom/living room details, practical senior home clothing, low clutter. Keep ordinary Japanese domestic cues, practical senior clothing, soft low-saturation colors, and clear panel-like composition. The image should support this narration beat: ここまで、光と寝室の話をしてきました。 No readable text, no numerals, no speech bubbles, no subtitles, avoid photorealism, avoid panic, avoid youthful skin or youthful posture.","Focused motion beat 53 for window daylight and curtain. expert emphasis role; Calm push-in; the hand eases the curtain slightly while daylight grows softly across the floor. Keep attention on the daylight entering the room. dust motes drift in the beam and fabric edges move subtly. Preserve the calm senior-friendly educational mood and the existing illustration style. (Silent video, no audio). No dialogue, no lip sync, no direct-to-camera speech, no singing, no chanting, no new readable text, no character redesign, no scene redesign."
ここから三つ目が、とても大切です。,"Generate a clean editorial manga illustration in a seinen soft educational style, old-school two-dimensional anime influence, clean ink line art, restrained screentone, flat soft low-saturation colors, warm neutral accents, panel-like clarity, low clutter. A clean side-by-side educational composition showing morning window light, quiet bedroom, and a simple notebook without any text. Balanced panel-like layout, Japanese home cues, clear but not infographic-like. Keep ordinary Japanese domestic cues, practical senior clothing, soft low-saturation colors, and clear panel-like composition. The image should support this narration beat: ここから三つ目が、とても大切です。 No readable text, no numerals, no speech bubbles, no subtitles, avoid photorealism, avoid panic, avoid youthful skin or youthful posture.","Focused motion beat 54 for three gentle review areas. solution demo role; Subtle rightward pan; the camera glides from the window-light area toward the notebook area in a restrained comparison. Keep attention on the review areas. subtle parallax separates the review areas. Preserve the calm senior-friendly educational mood and the existing illustration style. (Silent video, no audio). No dialogue, no lip sync, no direct-to-camera speech, no singing, no chanting, no new readable text, no character redesign, no scene redesign."
それは、だるさが続くときに、ただ我慢せず、記録して相談することです。,"Generate a clean editorial manga illustration in a seinen soft educational style, old-school two-dimensional anime influence, clean ink line art, restrained screentone, flat soft low-saturation colors, warm neutral accents, panel-like clarity, low clutter. A close calm view of weathered senior hands writing simple marks in a small notebook, or holding it during an ordinary routine clinic consultation context. Ordinary Japanese home table or calm clinic waiting space, blank-looking notebook pages with no readable text. Keep ordinary Japanese domestic cues, practical senior clothing, soft low-saturation colors, and clear panel-like composition. The image should support this narration beat: それは、だるさが続くときに、ただ我慢せず、記録して相談することです。 No readable text, no numerals, no speech bubbles, no subtitles, avoid photorealism, avoid panic, avoid youthful skin or youthful posture.","Focused motion beat 55 for simple notebook and consultation cue. danger reveal role; Slow reveal drift; the hand adds a small mark to the notebook or gently closes it after checking. Keep attention on the simple note-taking action. paper edges lift slightly with the movement. Preserve the calm senior-friendly educational mood and the existing illustration style. (Silent video, no audio). No dialogue, no lip sync, no direct-to-camera speech, no singing, no chanting, no new readable text, no character redesign, no scene redesign."
朝のだるさは、生活習慣だけで説明できる場合もあります。,"Generate a clean editorial manga illustration in a seinen soft educational style, old-school two-dimensional anime influence, clean ink line art, restrained screentone, flat soft low-saturation colors, warm neutral accents, panel-like clarity, low clutter. A calm educational metaphor scene for senior wellness, showing the body clock as soft morning light entering a Japanese home with a visibly elderly Japanese senior with silver-gray hair, fine wrinkles around the eyes, slightly weathered hands, and relaxed age-appropriate posture nearby. Low-clutter symbolic composition, no fake scientific proof, no medical devices. Keep ordinary Japanese domestic cues, practical senior clothing, soft low-saturation colors, and clear panel-like composition. The image should support this narration beat: 朝のだるさは、生活習慣だけで説明できる場合もあります。 No readable text, no numerals, no speech bubbles, no subtitles, avoid photorealism, avoid panic, avoid youthful skin or youthful posture.","Focused motion beat 56 for senior wellness explanation. near miss role; Steady observational hold; the symbolic light cue drifts gently across the composition. Keep attention on the quiet explanatory cue. soft layered parallax suggests the body clock settling. Preserve the calm senior-friendly educational mood and the existing illustration style. (Silent video, no audio). No dialogue, no lip sync, no direct-to-camera speech, no singing, no chanting, no new readable text, no character redesign, no scene redesign."
でも、睡眠の病気や、薬の影響、気持ちの落ち込み、体の病気が関係していることもあります。,"Generate a clean editorial manga illustration in a seinen soft educational style, old-school two-dimensional anime influence, clean ink line art, restrained screentone, flat soft low-saturation colors, warm neutral accents, panel-like clarity, low clutter. A restrained symbolic scene about noticing body signals: a visibly elderly Japanese senior with silver-gray hair, fine wrinkles around the eyes, slightly weathered hands, and relaxed age-appropriate posture calmly touching the forehead or sitting beside a bedside table while a family member observes with concern, no emergency. Japanese domestic morning setting, soft light, safe posture, gentle concern. Keep ordinary Japanese domestic cues, practical senior clothing, soft low-saturation colors, and clear panel-like composition. The image should support this narration beat: でも、睡眠の病気や、薬の影響、気持ちの落ち込み、体の病気が関係していることもあります。 No readable text, no numerals, no speech bubbles, no subtitles, avoid photorealism, avoid panic, avoid youthful skin or youthful posture.","Focused motion beat 57 for calm symptom awareness. contrast role; Slow forward drift; the subject makes a small thoughtful pause and adjusts posture safely. Keep attention on the body-signal awareness cue. soft morning light changes gently around the bedside. Preserve the calm senior-friendly educational mood and the existing illustration style. (Silent video, no audio). No dialogue, no lip sync, no direct-to-camera speech, no singing, no chanting, no new readable text, no character redesign, no scene redesign."
たとえば、ご家族から、いびきが大きいと言われたことはありませんか。,"Generate a clean editorial manga illustration in a seinen soft educational style, old-school two-dimensional anime influence, clean ink line art, restrained screentone, flat soft low-saturation colors, warm neutral accents, panel-like clarity, low clutter. A restrained symbolic scene about noticing body signals: a visibly elderly Japanese senior with silver-gray hair, fine wrinkles around the eyes, slightly weathered hands, and relaxed age-appropriate posture calmly touching the forehead or sitting beside a bedside table while a family member observes with concern, no emergency. Japanese domestic morning setting, soft light, safe posture, gentle concern. Keep ordinary Japanese domestic cues, practical senior clothing, soft low-saturation colors, and clear panel-like composition. The image should support this narration beat: たとえば、ご家族から、いびきが大きいと言われたことはありませんか。 No readable text, no numerals, no speech bubbles, no subtitles, avoid photorealism, avoid panic, avoid youthful skin or youthful posture.","Focused motion beat 58 for calm symptom awareness. checklist role; Gentle lateral slide; the subject makes a small thoughtful pause and adjusts posture safely. Keep attention on the body-signal awareness cue. soft morning light changes gently around the bedside. Preserve the calm senior-friendly educational mood and the existing illustration style. (Silent video, no audio). No dialogue, no lip sync, no direct-to-camera speech, no singing, no chanting, no new readable text, no character redesign, no scene redesign."
眠っている間に呼吸が止まっているように見える、と言われたことはないでしょうか。,"Generate a clean editorial manga illustration in a seinen soft educational style, old-school two-dimensional anime influence, clean ink line art, restrained screentone, flat soft low-saturation colors, warm neutral accents, panel-like clarity, low clutter. A restrained symbolic scene about noticing body signals: a visibly elderly Japanese senior with silver-gray hair, fine wrinkles around the eyes, slightly weathered hands, and relaxed age-appropriate posture calmly touching the forehead or sitting beside a bedside table while a family member observes with concern, no emergency. Japanese domestic morning setting, soft light, safe posture, gentle concern. Keep ordinary Japanese domestic cues, practical senior clothing, soft low-saturation colors, and clear panel-like composition. The image should support this narration beat: 眠っている間に呼吸が止まっているように見える、と言われたことはないでしょうか。 No readable text, no numerals, no speech bubbles, no subtitles, avoid photorealism, avoid panic, avoid youthful skin or youthful posture.","Focused motion beat 59 for calm symptom awareness. expert emphasis role; Soft overhead-to-front tilt; the subject makes a small thoughtful pause and adjusts posture safely. Keep attention on the body-signal awareness cue. soft morning light changes gently around the bedside. Preserve the calm senior-friendly educational mood and the existing illustration style. (Silent video, no audio). No dialogue, no lip sync, no direct-to-camera speech, no singing, no chanting, no new readable text, no character redesign, no scene redesign."
朝起きたときに頭が痛い。,"Generate a clean editorial manga illustration in a seinen soft educational style, old-school two-dimensional anime influence, clean ink line art, restrained screentone, flat soft low-saturation colors, warm neutral accents, panel-like clarity, low clutter. A restrained symbolic scene about noticing body signals: a visibly elderly Japanese senior with silver-gray hair, fine wrinkles around the eyes, slightly weathered hands, and relaxed age-appropriate posture calmly touching the forehead or sitting beside a bedside table while a family member observes with concern, no emergency. Japanese domestic morning setting, soft light, safe posture, gentle concern. Keep ordinary Japanese domestic cues, practical senior clothing, soft low-saturation colors, and clear panel-like composition. The image should support this narration beat: 朝起きたときに頭が痛い。 No readable text, no numerals, no speech bubbles, no subtitles, avoid photorealism, avoid panic, avoid youthful skin or youthful posture.","Focused motion beat 60 for calm symptom awareness. solution demo role; Measured parallax hold; the subject makes a small thoughtful pause and adjusts posture safely. Keep attention on the body-signal awareness cue. soft morning light changes gently around the bedside. Preserve the calm senior-friendly educational mood and the existing illustration style. (Silent video, no audio). No dialogue, no lip sync, no direct-to-camera speech, no singing, no chanting, no new readable text, no character redesign, no scene redesign."
昼間に強い眠気があり、座っているだけでうとうとしてしまう。,"Generate a clean editorial manga illustration in a seinen soft educational style, old-school two-dimensional anime influence, clean ink line art, restrained screentone, flat soft low-saturation colors, warm neutral accents, panel-like clarity, low clutter. A restrained symbolic scene about noticing body signals: a visibly elderly Japanese senior with silver-gray hair, fine wrinkles around the eyes, slightly weathered hands, and relaxed age-appropriate posture calmly touching the forehead or sitting beside a bedside table while a family member observes with concern, no emergency. Japanese domestic morning setting, soft light, safe posture, gentle concern. Keep ordinary Japanese domestic cues, practical senior clothing, soft low-saturation colors, and clear panel-like composition. The image should support this narration beat: 昼間に強い眠気があり、座っているだけでうとうとしてしまう。 No readable text, no numerals, no speech bubbles, no subtitles, avoid photorealism, avoid panic, avoid youthful skin or youthful posture.","Focused motion beat 61 for calm symptom awareness. danger reveal role; Calm push-in; the subject makes a small thoughtful pause and adjusts posture safely. Keep attention on the body-signal awareness cue. soft morning light changes gently around the bedside. Preserve the calm senior-friendly educational mood and the existing illustration style. (Silent video, no audio). No dialogue, no lip sync, no direct-to-camera speech, no singing, no chanting, no new readable text, no character redesign, no scene redesign."
こうしたサインが重なるときは、睡眠の質が下がっている可能性があります。,"Generate a clean editorial manga illustration in a seinen soft educational style, old-school two-dimensional anime influence, clean ink line art, restrained screentone, flat soft low-saturation colors, warm neutral accents, panel-like clarity, low clutter. A calm educational metaphor scene for senior wellness, showing the body clock as soft morning light entering a Japanese home with a visibly elderly Japanese senior with silver-gray hair, fine wrinkles around the eyes, slightly weathered hands, and relaxed age-appropriate posture nearby. Low-clutter symbolic composition, no fake scientific proof, no medical devices. Keep ordinary Japanese domestic cues, practical senior clothing, soft low-saturation colors, and clear panel-like composition. The image should support this narration beat: こうしたサインが重なるときは、睡眠の質が下がっている可能性があります。 No readable text, no numerals, no speech bubbles, no subtitles, avoid photorealism, avoid panic, avoid youthful skin or youthful posture.","Focused motion beat 62 for senior wellness explanation. near miss role; Subtle rightward pan; the symbolic light cue drifts gently across the composition. Keep attention on the quiet explanatory cue. soft layered parallax suggests the body clock settling. Preserve the calm senior-friendly educational mood and the existing illustration style. (Silent video, no audio). No dialogue, no lip sync, no direct-to-camera speech, no singing, no chanting, no new readable text, no character redesign, no scene redesign."
また、最近薬が変わったあとから、朝のだるさが強くなった場合も、自己判断で薬をやめてはいけません。,"Generate a clean editorial manga illustration in a seinen soft educational style, old-school two-dimensional anime influence, clean ink line art, restrained screentone, flat soft low-saturation colors, warm neutral accents, panel-like clarity, low clutter. A restrained symbolic scene about noticing body signals: a visibly elderly Japanese senior with silver-gray hair, fine wrinkles around the eyes, slightly weathered hands, and relaxed age-appropriate posture calmly touching the forehead or sitting beside a bedside table while a family member observes with concern, no emergency. Japanese domestic morning setting, soft light, safe posture, gentle concern. Keep ordinary Japanese domestic cues, practical senior clothing, soft low-saturation colors, and clear panel-like composition. The image should support this narration beat: また、最近薬が変わったあとから、朝のだるさが強くなった場合も、自己判断で薬をやめてはいけません。 No readable text, no numerals, no speech bubbles, no subtitles, avoid photorealism, avoid panic, avoid youthful skin or youthful posture.","Focused motion beat 63 for calm symptom awareness. contrast role; Slow reveal drift; the subject makes a small thoughtful pause and adjusts posture safely. Keep attention on the body-signal awareness cue. soft morning light changes gently around the bedside. Preserve the calm senior-friendly educational mood and the existing illustration style. (Silent video, no audio). No dialogue, no lip sync, no direct-to-camera speech, no singing, no chanting, no new readable text, no character redesign, no scene redesign."
薬の飲み方や時間が関係していることもあるので、まずは医師や薬剤師に相談してください。,"Generate a clean editorial manga illustration in a seinen soft educational style, old-school two-dimensional anime influence, clean ink line art, restrained screentone, flat soft low-saturation colors, warm neutral accents, panel-like clarity, low clutter. A close calm view of weathered senior hands writing simple marks in a small notebook, or holding it during an ordinary routine clinic consultation context. Ordinary Japanese home table or calm clinic waiting space, blank-looking notebook pages with no readable text. Keep ordinary Japanese domestic cues, practical senior clothing, soft low-saturation colors, and clear panel-like composition. The image should support this narration beat: 薬の飲み方や時間が関係していることもあるので、まずは医師や薬剤師に相談してください。 No readable text, no numerals, no speech bubbles, no subtitles, avoid photorealism, avoid panic, avoid youthful skin or youthful posture.","Focused motion beat 64 for simple notebook and consultation cue. checklist role; Steady observational hold; the hand adds a small mark to the notebook or gently closes it after checking. Keep attention on the simple note-taking action. paper edges lift slightly with the movement. Preserve the calm senior-friendly educational mood and the existing illustration style. (Silent video, no audio). No dialogue, no lip sync, no direct-to-camera speech, no singing, no chanting, no new readable text, no character redesign, no scene redesign."
食欲が落ちた。,"Generate a clean editorial manga illustration in a seinen soft educational style, old-school two-dimensional anime influence, clean ink line art, restrained screentone, flat soft low-saturation colors, warm neutral accents, panel-like clarity, low clutter. A restrained symbolic scene about noticing body signals: a visibly elderly Japanese senior with silver-gray hair, fine wrinkles around the eyes, slightly weathered hands, and relaxed age-appropriate posture calmly touching the forehead or sitting beside a bedside table while a family member observes with concern, no emergency. Japanese domestic morning setting, soft light, safe posture, gentle concern. Keep ordinary Japanese domestic cues, practical senior clothing, soft low-saturation colors, and clear panel-like composition. The image should support this narration beat: 食欲が落ちた。 No readable text, no numerals, no speech bubbles, no subtitles, avoid photorealism, avoid panic, avoid youthful skin or youthful posture.","Focused motion beat 65 for calm symptom awareness. expert emphasis role; Slow forward drift; the subject makes a small thoughtful pause and adjusts posture safely. Keep attention on the body-signal awareness cue. soft morning light changes gently around the bedside. Preserve the calm senior-friendly educational mood and the existing illustration style. (Silent video, no audio). No dialogue, no lip sync, no direct-to-camera speech, no singing, no chanting, no new readable text, no character redesign, no scene redesign."
体重が急に減った。,"Generate a clean editorial manga illustration in a seinen soft educational style, old-school two-dimensional anime influence, clean ink line art, restrained screentone, flat soft low-saturation colors, warm neutral accents, panel-like clarity, low clutter. A restrained symbolic scene about noticing body signals: a visibly elderly Japanese senior with silver-gray hair, fine wrinkles around the eyes, slightly weathered hands, and relaxed age-appropriate posture calmly touching the forehead or sitting beside a bedside table while a family member observes with concern, no emergency. Japanese domestic morning setting, soft light, safe posture, gentle concern. Keep ordinary Japanese domestic cues, practical senior clothing, soft low-saturation colors, and clear panel-like composition. The image should support this narration beat: 体重が急に減った。 No readable text, no numerals, no speech bubbles, no subtitles, avoid photorealism, avoid panic, avoid youthful skin or youthful posture.","Focused motion beat 66 for calm symptom awareness. solution demo role; Gentle lateral slide; the subject makes a small thoughtful pause and adjusts posture safely. Keep attention on the body-signal awareness cue. soft morning light changes gently around the bedside. Preserve the calm senior-friendly educational mood and the existing illustration style. (Silent video, no audio). No dialogue, no lip sync, no direct-to-camera speech, no singing, no chanting, no new readable text, no character redesign, no scene redesign."
気持ちが沈んで、好きだったことにも興味が湧かない。,"Generate a clean editorial manga illustration in a seinen soft educational style, old-school two-dimensional anime influence, clean ink line art, restrained screentone, flat soft low-saturation colors, warm neutral accents, panel-like clarity, low clutter. A restrained symbolic scene about noticing body signals: a visibly elderly Japanese senior with silver-gray hair, fine wrinkles around the eyes, slightly weathered hands, and relaxed age-appropriate posture calmly touching the forehead or sitting beside a bedside table while a family member observes with concern, no emergency. Japanese domestic morning setting, soft light, safe posture, gentle concern. Keep ordinary Japanese domestic cues, practical senior clothing, soft low-saturation colors, and clear panel-like composition. The image should support this narration beat: 気持ちが沈んで、好きだったことにも興味が湧かない。 No readable text, no numerals, no speech bubbles, no subtitles, avoid photorealism, avoid panic, avoid youthful skin or youthful posture.","Focused motion beat 67 for calm symptom awareness. danger reveal role; Soft overhead-to-front tilt; the subject makes a small thoughtful pause and adjusts posture safely. Keep attention on the body-signal awareness cue. soft morning light changes gently around the bedside. Preserve the calm senior-friendly educational mood and the existing illustration style. (Silent video, no audio). No dialogue, no lip sync, no direct-to-camera speech, no singing, no chanting, no new readable text, no character redesign, no scene redesign."
息切れや胸の痛み、強いめまいがある。,"Generate a clean editorial manga illustration in a seinen soft educational style, old-school two-dimensional anime influence, clean ink line art, restrained screentone, flat soft low-saturation colors, warm neutral accents, panel-like clarity, low clutter. A restrained symbolic scene about noticing body signals: a visibly elderly Japanese senior with silver-gray hair, fine wrinkles around the eyes, slightly weathered hands, and relaxed age-appropriate posture calmly touching the forehead or sitting beside a bedside table while a family member observes with concern, no emergency. Japanese domestic morning setting, soft light, safe posture, gentle concern. Keep ordinary Japanese domestic cues, practical senior clothing, soft low-saturation colors, and clear panel-like composition. The image should support this narration beat: 息切れや胸の痛み、強いめまいがある。 No readable text, no numerals, no speech bubbles, no subtitles, avoid photorealism, avoid panic, avoid youthful skin or youthful posture.","Focused motion beat 68 for calm symptom awareness. near miss role; Measured parallax hold; the subject makes a small thoughtful pause and adjusts posture safely. Keep attention on the body-signal awareness cue. soft morning light changes gently around the bedside. Preserve the calm senior-friendly educational mood and the existing illustration style. (Silent video, no audio). No dialogue, no lip sync, no direct-to-camera speech, no singing, no chanting, no new readable text, no character redesign, no scene redesign."
このような変化があるときも、朝のだるさだけの問題として済ませない方が安心です。,"Generate a clean editorial manga illustration in a seinen soft educational style, old-school two-dimensional anime influence, clean ink line art, restrained screentone, flat soft low-saturation colors, warm neutral accents, panel-like clarity, low clutter. A calm educational metaphor scene for senior wellness, showing the body clock as soft morning light entering a Japanese home with a visibly elderly Japanese senior with silver-gray hair, fine wrinkles around the eyes, slightly weathered hands, and relaxed age-appropriate posture nearby. Low-clutter symbolic composition, no fake scientific proof, no medical devices. Keep ordinary Japanese domestic cues, practical senior clothing, soft low-saturation colors, and clear panel-like composition. The image should support this narration beat: このような変化があるときも、朝のだるさだけの問題として済ませない方が安心です。 No readable text, no numerals, no speech bubbles, no subtitles, avoid photorealism, avoid panic, avoid youthful skin or youthful posture.","Focused motion beat 69 for senior wellness explanation. contrast role; Calm push-in; the symbolic light cue drifts gently across the composition. Keep attention on the quiet explanatory cue. soft layered parallax suggests the body clock settling. Preserve the calm senior-friendly educational mood and the existing illustration style. (Silent video, no audio). No dialogue, no lip sync, no direct-to-camera speech, no singing, no chanting, no new readable text, no character redesign, no scene redesign."
相談するときに役立つのが、簡単なメモです。,"Generate a clean editorial manga illustration in a seinen soft educational style, old-school two-dimensional anime influence, clean ink line art, restrained screentone, flat soft low-saturation colors, warm neutral accents, panel-like clarity, low clutter. A close calm view of weathered senior hands writing simple marks in a small notebook, or holding it during an ordinary routine clinic consultation context. Ordinary Japanese home table or calm clinic waiting space, blank-looking notebook pages with no readable text. Keep ordinary Japanese domestic cues, practical senior clothing, soft low-saturation colors, and clear panel-like composition. The image should support this narration beat: 相談するときに役立つのが、簡単なメモです。 No readable text, no numerals, no speech bubbles, no subtitles, avoid photorealism, avoid panic, avoid youthful skin or youthful posture.","Focused motion beat 70 for simple notebook and consultation cue. checklist role; Subtle rightward pan; the hand adds a small mark to the notebook or gently closes it after checking. Keep attention on the simple note-taking action. paper edges lift slightly with the movement. Preserve the calm senior-friendly educational mood and the existing illustration style. (Silent video, no audio). No dialogue, no lip sync, no direct-to-camera speech, no singing, no chanting, no new readable text, no character redesign, no scene redesign."
何時に寝て、何時に起きたか。,"Generate a clean editorial manga illustration in a seinen soft educational style, old-school two-dimensional anime influence, clean ink line art, restrained screentone, flat soft low-saturation colors, warm neutral accents, panel-like clarity, low clutter. A calm educational metaphor scene for senior wellness, showing the body clock as soft morning light entering a Japanese home with a visibly elderly Japanese senior with silver-gray hair, fine wrinkles around the eyes, slightly weathered hands, and relaxed age-appropriate posture nearby. Low-clutter symbolic composition, no fake scientific proof, no medical devices. Keep ordinary Japanese domestic cues, practical senior clothing, soft low-saturation colors, and clear panel-like composition. The image should support this narration beat: 何時に寝て、何時に起きたか。 No readable text, no numerals, no speech bubbles, no subtitles, avoid photorealism, avoid panic, avoid youthful skin or youthful posture.","Focused motion beat 71 for senior wellness explanation. expert emphasis role; Slow reveal drift; the symbolic light cue drifts gently across the composition. Keep attention on the quiet explanatory cue. soft layered parallax suggests the body clock settling. Preserve the calm senior-friendly educational mood and the existing illustration style. (Silent video, no audio). No dialogue, no lip sync, no direct-to-camera speech, no singing, no chanting, no new readable text, no character redesign, no scene redesign."
夜中に何回くらい目が覚めたか。,"Generate a clean editorial manga illustration in a seinen soft educational style, old-school two-dimensional anime influence, clean ink line art, restrained screentone, flat soft low-saturation colors, warm neutral accents, panel-like clarity, low clutter. A quiet Japanese bedroom scene with a visibly elderly Japanese senior with silver-gray hair, fine wrinkles around the eyes, slightly weathered hands, and relaxed age-appropriate posture preparing a calmer sleep environment, dim warm lamp, smartphone placed away from the pillow, bedding arranged neatly. Evening atmosphere, darkened room, calm household props, no visible screen content. Keep ordinary Japanese domestic cues, practical senior clothing, soft low-saturation colors, and clear panel-like composition. The image should support this narration beat: 夜中に何回くらい目が覚めたか。 No readable text, no numerals, no speech bubbles, no subtitles, avoid photorealism, avoid panic, avoid youthful skin or youthful posture.","Focused motion beat 72 for bedroom environment. solution demo role; Steady observational hold; the hand places the phone farther from the pillow or smooths the bedding in one small action. Keep attention on the calmer sleep environment. the lamp glow steadies and the curtain edge barely shifts. Preserve the calm senior-friendly educational mood and the existing illustration style. (Silent video, no audio). No dialogue, no lip sync, no direct-to-camera speech, no singing, no chanting, no new readable text, no character redesign, no scene redesign."
朝のだるさは、軽いのか、動けないほどなのか。,"Generate a clean editorial manga illustration in a seinen soft educational style, old-school two-dimensional anime influence, clean ink line art, restrained screentone, flat soft low-saturation colors, warm neutral accents, panel-like clarity, low clutter. A calm educational metaphor scene for senior wellness, showing the body clock as soft morning light entering a Japanese home with a visibly elderly Japanese senior with silver-gray hair, fine wrinkles around the eyes, slightly weathered hands, and relaxed age-appropriate posture nearby. Low-clutter symbolic composition, no fake scientific proof, no medical devices. Keep ordinary Japanese domestic cues, practical senior clothing, soft low-saturation colors, and clear panel-like composition. The image should support this narration beat: 朝のだるさは、軽いのか、動けないほどなのか。 No readable text, no numerals, no speech bubbles, no subtitles, avoid photorealism, avoid panic, avoid youthful skin or youthful posture.","Focused motion beat 73 for senior wellness explanation. danger reveal role; Slow forward drift; the symbolic light cue drifts gently across the composition. Keep attention on the quiet explanatory cue. soft layered parallax suggests the body clock settling. Preserve the calm senior-friendly educational mood and the existing illustration style. (Silent video, no audio). No dialogue, no lip sync, no direct-to-camera speech, no singing, no chanting, no new readable text, no character redesign, no scene redesign."
昼間に眠くなる時間はあるか。,"Generate a clean editorial manga illustration in a seinen soft educational style, old-school two-dimensional anime influence, clean ink line art, restrained screentone, flat soft low-saturation colors, warm neutral accents, panel-like clarity, low clutter. A calm educational metaphor scene for senior wellness, showing the body clock as soft morning light entering a Japanese home with a visibly elderly Japanese senior with silver-gray hair, fine wrinkles around the eyes, slightly weathered hands, and relaxed age-appropriate posture nearby. Low-clutter symbolic composition, no fake scientific proof, no medical devices. Keep ordinary Japanese domestic cues, practical senior clothing, soft low-saturation colors, and clear panel-like composition. The image should support this narration beat: 昼間に眠くなる時間はあるか。 No readable text, no numerals, no speech bubbles, no subtitles, avoid photorealism, avoid panic, avoid youthful skin or youthful posture.","Focused motion beat 74 for senior wellness explanation. near miss role; Gentle lateral slide; the symbolic light cue drifts gently across the composition. Keep attention on the quiet explanatory cue. soft layered parallax suggests the body clock settling. Preserve the calm senior-friendly educational mood and the existing illustration style. (Silent video, no audio). No dialogue, no lip sync, no direct-to-camera speech, no singing, no chanting, no new readable text, no character redesign, no scene redesign."
いびきや呼吸のことを、家族に言われたことがあるか。,"Generate a clean editorial manga illustration in a seinen soft educational style, old-school two-dimensional anime influence, clean ink line art, restrained screentone, flat soft low-saturation colors, warm neutral accents, panel-like clarity, low clutter. A restrained symbolic scene about noticing body signals: a visibly elderly Japanese senior with silver-gray hair, fine wrinkles around the eyes, slightly weathered hands, and relaxed age-appropriate posture calmly touching the forehead or sitting beside a bedside table while a family member observes with concern, no emergency. Japanese domestic morning setting, soft light, safe posture, gentle concern. Keep ordinary Japanese domestic cues, practical senior clothing, soft low-saturation colors, and clear panel-like composition. The image should support this narration beat: いびきや呼吸のことを、家族に言われたことがあるか。 No readable text, no numerals, no speech bubbles, no subtitles, avoid photorealism, avoid panic, avoid youthful skin or youthful posture.","Focused motion beat 75 for calm symptom awareness. contrast role; Soft overhead-to-front tilt; the subject makes a small thoughtful pause and adjusts posture safely. Keep attention on the body-signal awareness cue. soft morning light changes gently around the bedside. Preserve the calm senior-friendly educational mood and the existing illustration style. (Silent video, no audio). No dialogue, no lip sync, no direct-to-camera speech, no singing, no chanting, no new readable text, no character redesign, no scene redesign."
こうしたことを数日だけでも書いておくと、診察のときに伝えやすくなります。,"Generate a clean editorial manga illustration in a seinen soft educational style, old-school two-dimensional anime influence, clean ink line art, restrained screentone, flat soft low-saturation colors, warm neutral accents, panel-like clarity, low clutter. A close calm view of weathered senior hands writing simple marks in a small notebook, or holding it during an ordinary routine clinic consultation context. Ordinary Japanese home table or calm clinic waiting space, blank-looking notebook pages with no readable text. Keep ordinary Japanese domestic cues, practical senior clothing, soft low-saturation colors, and clear panel-like composition. The image should support this narration beat: こうしたことを数日だけでも書いておくと、診察のときに伝えやすくなります。 No readable text, no numerals, no speech bubbles, no subtitles, avoid photorealism, avoid panic, avoid youthful skin or youthful posture.","Focused motion beat 76 for simple notebook and consultation cue. checklist role; Measured parallax hold; the hand adds a small mark to the notebook or gently closes it after checking. Keep attention on the simple note-taking action. paper edges lift slightly with the movement. Preserve the calm senior-friendly educational mood and the existing illustration style. (Silent video, no audio). No dialogue, no lip sync, no direct-to-camera speech, no singing, no chanting, no new readable text, no character redesign, no scene redesign."
完璧な記録でなくて大丈夫です。,"Generate a clean editorial manga illustration in a seinen soft educational style, old-school two-dimensional anime influence, clean ink line art, restrained screentone, flat soft low-saturation colors, warm neutral accents, panel-like clarity, low clutter. A close calm view of weathered senior hands writing simple marks in a small notebook, or holding it during an ordinary routine clinic consultation context. Ordinary Japanese home table or calm clinic waiting space, blank-looking notebook pages with no readable text. Keep ordinary Japanese domestic cues, practical senior clothing, soft low-saturation colors, and clear panel-like composition. The image should support this narration beat: 完璧な記録でなくて大丈夫です。 No readable text, no numerals, no speech bubbles, no subtitles, avoid photorealism, avoid panic, avoid youthful skin or youthful posture.","Focused motion beat 77 for simple notebook and consultation cue. expert emphasis role; Calm push-in; the hand adds a small mark to the notebook or gently closes it after checking. Keep attention on the simple note-taking action. paper edges lift slightly with the movement. Preserve the calm senior-friendly educational mood and the existing illustration style. (Silent video, no audio). No dialogue, no lip sync, no direct-to-camera speech, no singing, no chanting, no new readable text, no character redesign, no scene redesign."
丸をつけるだけでも、短い言葉だけでも構いません。,"Generate a clean editorial manga illustration in a seinen soft educational style, old-school two-dimensional anime influence, clean ink line art, restrained screentone, flat soft low-saturation colors, warm neutral accents, panel-like clarity, low clutter. A calm educational metaphor scene for senior wellness, showing the body clock as soft morning light entering a Japanese home with a visibly elderly Japanese senior with silver-gray hair, fine wrinkles around the eyes, slightly weathered hands, and relaxed age-appropriate posture nearby. Low-clutter symbolic composition, no fake scientific proof, no medical devices. Keep ordinary Japanese domestic cues, practical senior clothing, soft low-saturation colors, and clear panel-like composition. The image should support this narration beat: 丸をつけるだけでも、短い言葉だけでも構いません。 No readable text, no numerals, no speech bubbles, no subtitles, avoid photorealism, avoid panic, avoid youthful skin or youthful posture.","Focused motion beat 78 for senior wellness explanation. solution demo role; Subtle rightward pan; the symbolic light cue drifts gently across the composition. Keep attention on the quiet explanatory cue. soft layered parallax suggests the body clock settling. Preserve the calm senior-friendly educational mood and the existing illustration style. (Silent video, no audio). No dialogue, no lip sync, no direct-to-camera speech, no singing, no chanting, no new readable text, no character redesign, no scene redesign."
大事なのは、なんとなくだるい、で終わらせず、体の変化を見える形にすることです。,"Generate a clean editorial manga illustration in a seinen soft educational style, old-school two-dimensional anime influence, clean ink line art, restrained screentone, flat soft low-saturation colors, warm neutral accents, panel-like clarity, low clutter. A calm educational metaphor scene for senior wellness, showing the body clock as soft morning light entering a Japanese home with a visibly elderly Japanese senior with silver-gray hair, fine wrinkles around the eyes, slightly weathered hands, and relaxed age-appropriate posture nearby. Low-clutter symbolic composition, no fake scientific proof, no medical devices. Keep ordinary Japanese domestic cues, practical senior clothing, soft low-saturation colors, and clear panel-like composition. The image should support this narration beat: 大事なのは、なんとなくだるい、で終わらせず、体の変化を見える形にすることです。 No readable text, no numerals, no speech bubbles, no subtitles, avoid photorealism, avoid panic, avoid youthful skin or youthful posture.","Focused motion beat 79 for senior wellness explanation. danger reveal role; Slow reveal drift; the symbolic light cue drifts gently across the composition. Keep attention on the quiet explanatory cue. soft layered parallax suggests the body clock settling. Preserve the calm senior-friendly educational mood and the existing illustration style. (Silent video, no audio). No dialogue, no lip sync, no direct-to-camera speech, no singing, no chanting, no new readable text, no character redesign, no scene redesign."
ここで、注意していただきたいことがあります。,"Generate a clean editorial manga illustration in a seinen soft educational style, old-school two-dimensional anime influence, clean ink line art, restrained screentone, flat soft low-saturation colors, warm neutral accents, panel-like clarity, low clutter. A calm educational metaphor scene for senior wellness, showing the body clock as soft morning light entering a Japanese home with a visibly elderly Japanese senior with silver-gray hair, fine wrinkles around the eyes, slightly weathered hands, and relaxed age-appropriate posture nearby. Low-clutter symbolic composition, no fake scientific proof, no medical devices. Keep ordinary Japanese domestic cues, practical senior clothing, soft low-saturation colors, and clear panel-like composition. The image should support this narration beat: ここで、注意していただきたいことがあります。 No readable text, no numerals, no speech bubbles, no subtitles, avoid photorealism, avoid panic, avoid youthful skin or youthful posture.","Focused motion beat 80 for senior wellness explanation. near miss role; Steady observational hold; the symbolic light cue drifts gently across the composition. Keep attention on the quiet explanatory cue. soft layered parallax suggests the body clock settling. Preserve the calm senior-friendly educational mood and the existing illustration style. (Silent video, no audio). No dialogue, no lip sync, no direct-to-camera speech, no singing, no chanting, no new readable text, no character redesign, no scene redesign."
朝のだるさを、サプリや健康食品だけで何とかしようとしないでください。,"Generate a clean editorial manga illustration in a seinen soft educational style, old-school two-dimensional anime influence, clean ink line art, restrained screentone, flat soft low-saturation colors, warm neutral accents, panel-like clarity, low clutter. A calm educational metaphor scene for senior wellness, showing the body clock as soft morning light entering a Japanese home with a visibly elderly Japanese senior with silver-gray hair, fine wrinkles around the eyes, slightly weathered hands, and relaxed age-appropriate posture nearby. Low-clutter symbolic composition, no fake scientific proof, no medical devices. Keep ordinary Japanese domestic cues, practical senior clothing, soft low-saturation colors, and clear panel-like composition. The image should support this narration beat: 朝のだるさを、サプリや健康食品だけで何とかしようとしないでください。 No readable text, no numerals, no speech bubbles, no subtitles, avoid photorealism, avoid panic, avoid youthful skin or youthful posture.","Focused motion beat 81 for senior wellness explanation. contrast role; Slow forward drift; the symbolic light cue drifts gently across the composition. Keep attention on the quiet explanatory cue. soft layered parallax suggests the body clock settling. Preserve the calm senior-friendly educational mood and the existing illustration style. (Silent video, no audio). No dialogue, no lip sync, no direct-to-camera speech, no singing, no chanting, no new readable text, no character redesign, no scene redesign."
合うものがある方もいるかもしれませんが、原因が別にある場合、見つけるのが遅れてしまうことがあります。,"Generate a clean editorial manga illustration in a seinen soft educational style, old-school two-dimensional anime influence, clean ink line art, restrained screentone, flat soft low-saturation colors, warm neutral accents, panel-like clarity, low clutter. A close calm view of weathered senior hands writing simple marks in a small notebook, or holding it during an ordinary routine clinic consultation context. Ordinary Japanese home table or calm clinic waiting space, blank-looking notebook pages with no readable text. Keep ordinary Japanese domestic cues, practical senior clothing, soft low-saturation colors, and clear panel-like composition. The image should support this narration beat: 合うものがある方もいるかもしれませんが、原因が別にある場合、見つけるのが遅れてしまうことがあります。 No readable text, no numerals, no speech bubbles, no subtitles, avoid photorealism, avoid panic, avoid youthful skin or youthful posture.","Focused motion beat 82 for simple notebook and consultation cue. checklist role; Gentle lateral slide; the hand adds a small mark to the notebook or gently closes it after checking. Keep attention on the simple note-taking action. paper edges lift slightly with the movement. Preserve the calm senior-friendly educational mood and the existing illustration style. (Silent video, no audio). No dialogue, no lip sync, no direct-to-camera speech, no singing, no chanting, no new readable text, no character redesign, no scene redesign."
特に、強い眠気や息切れ、胸の痛み、体重の変化があるときは、早めにかかりつけ医に相談しましょう。,"Generate a clean editorial manga illustration in a seinen soft educational style, old-school two-dimensional anime influence, clean ink line art, restrained screentone, flat soft low-saturation colors, warm neutral accents, panel-like clarity, low clutter. A close calm view of weathered senior hands writing simple marks in a small notebook, or holding it during an ordinary routine clinic consultation context. Ordinary Japanese home table or calm clinic waiting space, blank-looking notebook pages with no readable text. Keep ordinary Japanese domestic cues, practical senior clothing, soft low-saturation colors, and clear panel-like composition. The image should support this narration beat: 特に、強い眠気や息切れ、胸の痛み、体重の変化があるときは、早めにかかりつけ医に相談しましょう。 No readable text, no numerals, no speech bubbles, no subtitles, avoid photorealism, avoid panic, avoid youthful skin or youthful posture.","Focused motion beat 83 for simple notebook and consultation cue. expert emphasis role; Soft overhead-to-front tilt; the hand adds a small mark to the notebook or gently closes it after checking. Keep attention on the simple note-taking action. paper edges lift slightly with the movement. Preserve the calm senior-friendly educational mood and the existing illustration style. (Silent video, no audio). No dialogue, no lip sync, no direct-to-camera speech, no singing, no chanting, no new readable text, no character redesign, no scene redesign."
この動画は、日常の見直しのきっかけとしてお届けしています。,"Generate a clean editorial manga illustration in a seinen soft educational style, old-school two-dimensional anime influence, clean ink line art, restrained screentone, flat soft low-saturation colors, warm neutral accents, panel-like clarity, low clutter. A calm educational metaphor scene for senior wellness, showing the body clock as soft morning light entering a Japanese home with a visibly elderly Japanese senior with silver-gray hair, fine wrinkles around the eyes, slightly weathered hands, and relaxed age-appropriate posture nearby. Low-clutter symbolic composition, no fake scientific proof, no medical devices. Keep ordinary Japanese domestic cues, practical senior clothing, soft low-saturation colors, and clear panel-like composition. The image should support this narration beat: この動画は、日常の見直しのきっかけとしてお届けしています。 No readable text, no numerals, no speech bubbles, no subtitles, avoid photorealism, avoid panic, avoid youthful skin or youthful posture.","Focused motion beat 84 for senior wellness explanation. solution demo role; Measured parallax hold; the symbolic light cue drifts gently across the composition. Keep attention on the quiet explanatory cue. soft layered parallax suggests the body clock settling. Preserve the calm senior-friendly educational mood and the existing illustration style. (Silent video, no audio). No dialogue, no lip sync, no direct-to-camera speech, no singing, no chanting, no new readable text, no character redesign, no scene redesign."
個別の症状や持病がある方は、自己判断せず、医療者の助言を優先してください。,"Generate a clean editorial manga illustration in a seinen soft educational style, old-school two-dimensional anime influence, clean ink line art, restrained screentone, flat soft low-saturation colors, warm neutral accents, panel-like clarity, low clutter. A calm educational metaphor scene for senior wellness, showing the body clock as soft morning light entering a Japanese home with a visibly elderly Japanese senior with silver-gray hair, fine wrinkles around the eyes, slightly weathered hands, and relaxed age-appropriate posture nearby. Low-clutter symbolic composition, no fake scientific proof, no medical devices. Keep ordinary Japanese domestic cues, practical senior clothing, soft low-saturation colors, and clear panel-like composition. The image should support this narration beat: 個別の症状や持病がある方は、自己判断せず、医療者の助言を優先してください。 No readable text, no numerals, no speech bubbles, no subtitles, avoid photorealism, avoid panic, avoid youthful skin or youthful posture.","Focused motion beat 85 for senior wellness explanation. danger reveal role; Calm push-in; the symbolic light cue drifts gently across the composition. Keep attention on the quiet explanatory cue. soft layered parallax suggests the body clock settling. Preserve the calm senior-friendly educational mood and the existing illustration style. (Silent video, no audio). No dialogue, no lip sync, no direct-to-camera speech, no singing, no chanting, no new readable text, no character redesign, no scene redesign."
もうひとつ、相談の前に覚えておきたいのは、だるさの強さを比べることです。,"Generate a clean editorial manga illustration in a seinen soft educational style, old-school two-dimensional anime influence, clean ink line art, restrained screentone, flat soft low-saturation colors, warm neutral accents, panel-like clarity, low clutter. A close calm view of weathered senior hands writing simple marks in a small notebook, or holding it during an ordinary routine clinic consultation context. Ordinary Japanese home table or calm clinic waiting space, blank-looking notebook pages with no readable text. Keep ordinary Japanese domestic cues, practical senior clothing, soft low-saturation colors, and clear panel-like composition. The image should support this narration beat: もうひとつ、相談の前に覚えておきたいのは、だるさの強さを比べることです。 No readable text, no numerals, no speech bubbles, no subtitles, avoid photorealism, avoid panic, avoid youthful skin or youthful posture.","Focused motion beat 86 for simple notebook and consultation cue. near miss role; Subtle rightward pan; the hand adds a small mark to the notebook or gently closes it after checking. Keep attention on the simple note-taking action. paper edges lift slightly with the movement. Preserve the calm senior-friendly educational mood and the existing illustration style. (Silent video, no audio). No dialogue, no lip sync, no direct-to-camera speech, no singing, no chanting, no new readable text, no character redesign, no scene redesign."
昨日より少し重いのか、毎朝同じように続くのか。,"Generate a clean editorial manga illustration in a seinen soft educational style, old-school two-dimensional anime influence, clean ink line art, restrained screentone, flat soft low-saturation colors, warm neutral accents, panel-like clarity, low clutter. A calm educational metaphor scene for senior wellness, showing the body clock as soft morning light entering a Japanese home with a visibly elderly Japanese senior with silver-gray hair, fine wrinkles around the eyes, slightly weathered hands, and relaxed age-appropriate posture nearby. Low-clutter symbolic composition, no fake scientific proof, no medical devices. Keep ordinary Japanese domestic cues, practical senior clothing, soft low-saturation colors, and clear panel-like composition. The image should support this narration beat: 昨日より少し重いのか、毎朝同じように続くのか。 No readable text, no numerals, no speech bubbles, no subtitles, avoid photorealism, avoid panic, avoid youthful skin or youthful posture.","Focused motion beat 87 for senior wellness explanation. contrast role; Slow reveal drift; the symbolic light cue drifts gently across the composition. Keep attention on the quiet explanatory cue. soft layered parallax suggests the body clock settling. Preserve the calm senior-friendly educational mood and the existing illustration style. (Silent video, no audio). No dialogue, no lip sync, no direct-to-camera speech, no singing, no chanting, no new readable text, no character redesign, no scene redesign."
家事を始めるまでに、いつもより時間がかかるのか。,"Generate a clean editorial manga illustration in a seinen soft educational style, old-school two-dimensional anime influence, clean ink line art, restrained screentone, flat soft low-saturation colors, warm neutral accents, panel-like clarity, low clutter. A calm educational metaphor scene for senior wellness, showing the body clock as soft morning light entering a Japanese home with a visibly elderly Japanese senior with silver-gray hair, fine wrinkles around the eyes, slightly weathered hands, and relaxed age-appropriate posture nearby. Low-clutter symbolic composition, no fake scientific proof, no medical devices. Keep ordinary Japanese domestic cues, practical senior clothing, soft low-saturation colors, and clear panel-like composition. The image should support this narration beat: 家事を始めるまでに、いつもより時間がかかるのか。 No readable text, no numerals, no speech bubbles, no subtitles, avoid photorealism, avoid panic, avoid youthful skin or youthful posture.","Focused motion beat 88 for senior wellness explanation. checklist role; Steady observational hold; the symbolic light cue drifts gently across the composition. Keep attention on the quiet explanatory cue. soft layered parallax suggests the body clock settling. Preserve the calm senior-friendly educational mood and the existing illustration style. (Silent video, no audio). No dialogue, no lip sync, no direct-to-camera speech, no singing, no chanting, no new readable text, no character redesign, no scene redesign."
午後になると楽になるのか、それとも一日中続くのか。,"Generate a clean editorial manga illustration in a seinen soft educational style, old-school two-dimensional anime influence, clean ink line art, restrained screentone, flat soft low-saturation colors, warm neutral accents, panel-like clarity, low clutter. A calm educational metaphor scene for senior wellness, showing the body clock as soft morning light entering a Japanese home with a visibly elderly Japanese senior with silver-gray hair, fine wrinkles around the eyes, slightly weathered hands, and relaxed age-appropriate posture nearby. Low-clutter symbolic composition, no fake scientific proof, no medical devices. Keep ordinary Japanese domestic cues, practical senior clothing, soft low-saturation colors, and clear panel-like composition. The image should support this narration beat: 午後になると楽になるのか、それとも一日中続くのか。 No readable text, no numerals, no speech bubbles, no subtitles, avoid photorealism, avoid panic, avoid youthful skin or youthful posture.","Focused motion beat 89 for senior wellness explanation. expert emphasis role; Slow forward drift; the symbolic light cue drifts gently across the composition. Keep attention on the quiet explanatory cue. soft layered parallax suggests the body clock settling. Preserve the calm senior-friendly educational mood and the existing illustration style. (Silent video, no audio). No dialogue, no lip sync, no direct-to-camera speech, no singing, no chanting, no new readable text, no character redesign, no scene redesign."
こうした違いは、診察の場で原因を考える手がかりになります。,"Generate a clean editorial manga illustration in a seinen soft educational style, old-school two-dimensional anime influence, clean ink line art, restrained screentone, flat soft low-saturation colors, warm neutral accents, panel-like clarity, low clutter. A close calm view of weathered senior hands writing simple marks in a small notebook, or holding it during an ordinary routine clinic consultation context. Ordinary Japanese home table or calm clinic waiting space, blank-looking notebook pages with no readable text. Keep ordinary Japanese domestic cues, practical senior clothing, soft low-saturation colors, and clear panel-like composition. The image should support this narration beat: こうした違いは、診察の場で原因を考える手がかりになります。 No readable text, no numerals, no speech bubbles, no subtitles, avoid photorealism, avoid panic, avoid youthful skin or youthful posture.","Focused motion beat 90 for simple notebook and consultation cue. solution demo role; Gentle lateral slide; the hand adds a small mark to the notebook or gently closes it after checking. Keep attention on the simple note-taking action. paper edges lift slightly with the movement. Preserve the calm senior-friendly educational mood and the existing illustration style. (Silent video, no audio). No dialogue, no lip sync, no direct-to-camera speech, no singing, no chanting, no new readable text, no character redesign, no scene redesign."
ご家族と一緒に住んでいる方は、夜のいびきや呼吸の様子を聞いてみるのもよいでしょう。,"Generate a clean editorial manga illustration in a seinen soft educational style, old-school two-dimensional anime influence, clean ink line art, restrained screentone, flat soft low-saturation colors, warm neutral accents, panel-like clarity, low clutter. A quiet Japanese bedroom scene with a visibly elderly Japanese senior with silver-gray hair, fine wrinkles around the eyes, slightly weathered hands, and relaxed age-appropriate posture preparing a calmer sleep environment, dim warm lamp, smartphone placed away from the pillow, bedding arranged neatly. Evening atmosphere, darkened room, calm household props, no visible screen content. Keep ordinary Japanese domestic cues, practical senior clothing, soft low-saturation colors, and clear panel-like composition. The image should support this narration beat: ご家族と一緒に住んでいる方は、夜のいびきや呼吸の様子を聞いてみるのもよいでしょう。 No readable text, no numerals, no speech bubbles, no subtitles, avoid photorealism, avoid panic, avoid youthful skin or youthful posture.","Focused motion beat 91 for bedroom environment. danger reveal role; Soft overhead-to-front tilt; the hand places the phone farther from the pillow or smooths the bedding in one small action. Keep attention on the calmer sleep environment. the lamp glow steadies and the curtain edge barely shifts. Preserve the calm senior-friendly educational mood and the existing illustration style. (Silent video, no audio). No dialogue, no lip sync, no direct-to-camera speech, no singing, no chanting, no new readable text, no character redesign, no scene redesign."
一人暮らしの方は、朝の頭痛や昼間の眠気を自分の言葉で残しておくだけでも役立ちます。,"Generate a clean editorial manga illustration in a seinen soft educational style, old-school two-dimensional anime influence, clean ink line art, restrained screentone, flat soft low-saturation colors, warm neutral accents, panel-like clarity, low clutter. A restrained symbolic scene about noticing body signals: a visibly elderly Japanese senior with silver-gray hair, fine wrinkles around the eyes, slightly weathered hands, and relaxed age-appropriate posture calmly touching the forehead or sitting beside a bedside table while a family member observes with concern, no emergency. Japanese domestic morning setting, soft light, safe posture, gentle concern. Keep ordinary Japanese domestic cues, practical senior clothing, soft low-saturation colors, and clear panel-like composition. The image should support this narration beat: 一人暮らしの方は、朝の頭痛や昼間の眠気を自分の言葉で残しておくだけでも役立ちます。 No readable text, no numerals, no speech bubbles, no subtitles, avoid photorealism, avoid panic, avoid youthful skin or youthful posture.","Focused motion beat 92 for calm symptom awareness. near miss role; Measured parallax hold; the subject makes a small thoughtful pause and adjusts posture safely. Keep attention on the body-signal awareness cue. soft morning light changes gently around the bedside. Preserve the calm senior-friendly educational mood and the existing illustration style. (Silent video, no audio). No dialogue, no lip sync, no direct-to-camera speech, no singing, no chanting, no new readable text, no character redesign, no scene redesign."
記録は、きれいに書く必要はありません。,"Generate a clean editorial manga illustration in a seinen soft educational style, old-school two-dimensional anime influence, clean ink line art, restrained screentone, flat soft low-saturation colors, warm neutral accents, panel-like clarity, low clutter. A close calm view of weathered senior hands writing simple marks in a small notebook, or holding it during an ordinary routine clinic consultation context. Ordinary Japanese home table or calm clinic waiting space, blank-looking notebook pages with no readable text. Keep ordinary Japanese domestic cues, practical senior clothing, soft low-saturation colors, and clear panel-like composition. The image should support this narration beat: 記録は、きれいに書く必要はありません。 No readable text, no numerals, no speech bubbles, no subtitles, avoid photorealism, avoid panic, avoid youthful skin or youthful posture.","Focused motion beat 93 for simple notebook and consultation cue. contrast role; Calm push-in; the hand adds a small mark to the notebook or gently closes it after checking. Keep attention on the simple note-taking action. paper edges lift slightly with the movement. Preserve the calm senior-friendly educational mood and the existing illustration style. (Silent video, no audio). No dialogue, no lip sync, no direct-to-camera speech, no singing, no chanting, no new readable text, no character redesign, no scene redesign."
続いているか、強くなっているか、生活に支障があるか。,"Generate a clean editorial manga illustration in a seinen soft educational style, old-school two-dimensional anime influence, clean ink line art, restrained screentone, flat soft low-saturation colors, warm neutral accents, panel-like clarity, low clutter. A restrained symbolic scene about noticing body signals: a visibly elderly Japanese senior with silver-gray hair, fine wrinkles around the eyes, slightly weathered hands, and relaxed age-appropriate posture calmly touching the forehead or sitting beside a bedside table while a family member observes with concern, no emergency. Japanese domestic morning setting, soft light, safe posture, gentle concern. Keep ordinary Japanese domestic cues, practical senior clothing, soft low-saturation colors, and clear panel-like composition. The image should support this narration beat: 続いているか、強くなっているか、生活に支障があるか。 No readable text, no numerals, no speech bubbles, no subtitles, avoid photorealism, avoid panic, avoid youthful skin or youthful posture.","Focused motion beat 94 for calm symptom awareness. checklist role; Subtle rightward pan; the subject makes a small thoughtful pause and adjusts posture safely. Keep attention on the body-signal awareness cue. soft morning light changes gently around the bedside. Preserve the calm senior-friendly educational mood and the existing illustration style. (Silent video, no audio). No dialogue, no lip sync, no direct-to-camera speech, no singing, no chanting, no new readable text, no character redesign, no scene redesign."
その三つがわかるだけでも、相談しやすくなります。,"Generate a clean editorial manga illustration in a seinen soft educational style, old-school two-dimensional anime influence, clean ink line art, restrained screentone, flat soft low-saturation colors, warm neutral accents, panel-like clarity, low clutter. A close calm view of weathered senior hands writing simple marks in a small notebook, or holding it during an ordinary routine clinic consultation context. Ordinary Japanese home table or calm clinic waiting space, blank-looking notebook pages with no readable text. Keep ordinary Japanese domestic cues, practical senior clothing, soft low-saturation colors, and clear panel-like composition. The image should support this narration beat: その三つがわかるだけでも、相談しやすくなります。 No readable text, no numerals, no speech bubbles, no subtitles, avoid photorealism, avoid panic, avoid youthful skin or youthful posture.","Focused motion beat 95 for simple notebook and consultation cue. expert emphasis role; Slow reveal drift; the hand adds a small mark to the notebook or gently closes it after checking. Keep attention on the simple note-taking action. paper edges lift slightly with the movement. Preserve the calm senior-friendly educational mood and the existing illustration style. (Silent video, no audio). No dialogue, no lip sync, no direct-to-camera speech, no singing, no chanting, no new readable text, no character redesign, no scene redesign."
無理に完璧な説明を用意しなくても大丈夫です。,"Generate a clean editorial manga illustration in a seinen soft educational style, old-school two-dimensional anime influence, clean ink line art, restrained screentone, flat soft low-saturation colors, warm neutral accents, panel-like clarity, low clutter. A calm educational metaphor scene for senior wellness, showing the body clock as soft morning light entering a Japanese home with a visibly elderly Japanese senior with silver-gray hair, fine wrinkles around the eyes, slightly weathered hands, and relaxed age-appropriate posture nearby. Low-clutter symbolic composition, no fake scientific proof, no medical devices. Keep ordinary Japanese domestic cues, practical senior clothing, soft low-saturation colors, and clear panel-like composition. The image should support this narration beat: 無理に完璧な説明を用意しなくても大丈夫です。 No readable text, no numerals, no speech bubbles, no subtitles, avoid photorealism, avoid panic, avoid youthful skin or youthful posture.","Focused motion beat 96 for senior wellness explanation. solution demo role; Steady observational hold; the symbolic light cue drifts gently across the composition. Keep attention on the quiet explanatory cue. soft layered parallax suggests the body clock settling. Preserve the calm senior-friendly educational mood and the existing illustration style. (Silent video, no audio). No dialogue, no lip sync, no direct-to-camera speech, no singing, no chanting, no new readable text, no character redesign, no scene redesign."
では、今日の内容をまとめます。,"Generate a clean editorial manga illustration in a seinen soft educational style, old-school two-dimensional anime influence, clean ink line art, restrained screentone, flat soft low-saturation colors, warm neutral accents, panel-like clarity, low clutter. A clean side-by-side educational composition showing morning window light, quiet bedroom, and a simple notebook without any text. Balanced panel-like layout, Japanese home cues, clear but not infographic-like. Keep ordinary Japanese domestic cues, practical senior clothing, soft low-saturation colors, and clear panel-like composition. The image should support this narration beat: では、今日の内容をまとめます。 No readable text, no numerals, no speech bubbles, no subtitles, avoid photorealism, avoid panic, avoid youthful skin or youthful posture.","Focused motion beat 97 for three gentle review areas. danger reveal role; Slow forward drift; the camera glides from the window-light area toward the notebook area in a restrained comparison. Keep attention on the review areas. subtle parallax separates the review areas. Preserve the calm senior-friendly educational mood and the existing illustration style. (Silent video, no audio). No dialogue, no lip sync, no direct-to-camera speech, no singing, no chanting, no new readable text, no character redesign, no scene redesign."
朝のだるさが続くときに見直したいことは、三つありました。,"Generate a clean editorial manga illustration in a seinen soft educational style, old-school two-dimensional anime influence, clean ink line art, restrained screentone, flat soft low-saturation colors, warm neutral accents, panel-like clarity, low clutter. A clean side-by-side educational composition showing morning window light, quiet bedroom, and a simple notebook without any text. Balanced panel-like layout, Japanese home cues, clear but not infographic-like. Keep ordinary Japanese domestic cues, practical senior clothing, soft low-saturation colors, and clear panel-like composition. The image should support this narration beat: 朝のだるさが続くときに見直したいことは、三つありました。 No readable text, no numerals, no speech bubbles, no subtitles, avoid photorealism, avoid panic, avoid youthful skin or youthful posture.","Focused motion beat 98 for three gentle review areas. near miss role; Gentle lateral slide; the camera glides from the window-light area toward the notebook area in a restrained comparison. Keep attention on the review areas. subtle parallax separates the review areas. Preserve the calm senior-friendly educational mood and the existing illustration style. (Silent video, no audio). No dialogue, no lip sync, no direct-to-camera speech, no singing, no chanting, no new readable text, no character redesign, no scene redesign."
一つ目は、朝の光を少し部屋に入れること。,"Generate a clean editorial manga illustration in a seinen soft educational style, old-school two-dimensional anime influence, clean ink line art, restrained screentone, flat soft low-saturation colors, warm neutral accents, panel-like clarity, low clutter. A visibly elderly Japanese senior with silver-gray hair, fine wrinkles around the eyes, slightly weathered hands, and relaxed age-appropriate posture gently opening curtains or sitting near a bright window in an ordinary Japanese apartment morning, showing natural daylight without rushing. Soft dawn-to-morning light, tidy tatami or simple bedroom/living room details, practical senior home clothing, low clutter. Keep ordinary Japanese domestic cues, practical senior clothing, soft low-saturation colors, and clear panel-like composition. The image should support this narration beat: 一つ目は、朝の光を少し部屋に入れること。 No readable text, no numerals, no speech bubbles, no subtitles, avoid photorealism, avoid panic, avoid youthful skin or youthful posture.","Focused motion beat 99 for window daylight and curtain. contrast role; Soft overhead-to-front tilt; the hand eases the curtain slightly while daylight grows softly across the floor. Keep attention on the daylight entering the room. dust motes drift in the beam and fabric edges move subtly. Preserve the calm senior-friendly educational mood and the existing illustration style. (Silent video, no audio). No dialogue, no lip sync, no direct-to-camera speech, no singing, no chanting, no new readable text, no character redesign, no scene redesign."
二つ目は、前の晩の画面の光や寝室環境を整えること。,"Generate a clean editorial manga illustration in a seinen soft educational style, old-school two-dimensional anime influence, clean ink line art, restrained screentone, flat soft low-saturation colors, warm neutral accents, panel-like clarity, low clutter. A visibly elderly Japanese senior with silver-gray hair, fine wrinkles around the eyes, slightly weathered hands, and relaxed age-appropriate posture gently opening curtains or sitting near a bright window in an ordinary Japanese apartment morning, showing natural daylight without rushing. Soft dawn-to-morning light, tidy tatami or simple bedroom/living room details, practical senior home clothing, low clutter. Keep ordinary Japanese domestic cues, practical senior clothing, soft low-saturation colors, and clear panel-like composition. The image should support this narration beat: 二つ目は、前の晩の画面の光や寝室環境を整えること。 No readable text, no numerals, no speech bubbles, no subtitles, avoid photorealism, avoid panic, avoid youthful skin or youthful posture.","Focused motion beat 100 for window daylight and curtain. checklist role; Measured parallax hold; the hand eases the curtain slightly while daylight grows softly across the floor. Keep attention on the daylight entering the room. dust motes drift in the beam and fabric edges move subtly. Preserve the calm senior-friendly educational mood and the existing illustration style. (Silent video, no audio). No dialogue, no lip sync, no direct-to-camera speech, no singing, no chanting, no new readable text, no character redesign, no scene redesign."
三つ目は、だるさが続くときに記録して相談することです。,"Generate a clean editorial manga illustration in a seinen soft educational style, old-school two-dimensional anime influence, clean ink line art, restrained screentone, flat soft low-saturation colors, warm neutral accents, panel-like clarity, low clutter. A close calm view of weathered senior hands writing simple marks in a small notebook, or holding it during an ordinary routine clinic consultation context. Ordinary Japanese home table or calm clinic waiting space, blank-looking notebook pages with no readable text. Keep ordinary Japanese domestic cues, practical senior clothing, soft low-saturation colors, and clear panel-like composition. The image should support this narration beat: 三つ目は、だるさが続くときに記録して相談することです。 No readable text, no numerals, no speech bubbles, no subtitles, avoid photorealism, avoid panic, avoid youthful skin or youthful posture.","Focused motion beat 101 for simple notebook and consultation cue. expert emphasis role; Calm push-in; the hand adds a small mark to the notebook or gently closes it after checking. Keep attention on the simple note-taking action. paper edges lift slightly with the movement. Preserve the calm senior-friendly educational mood and the existing illustration style. (Silent video, no audio). No dialogue, no lip sync, no direct-to-camera speech, no singing, no chanting, no new readable text, no character redesign, no scene redesign."
すべてを一度に変える必要はありません。,"Generate a clean editorial manga illustration in a seinen soft educational style, old-school two-dimensional anime influence, clean ink line art, restrained screentone, flat soft low-saturation colors, warm neutral accents, panel-like clarity, low clutter. A visibly elderly Japanese senior with silver-gray hair, fine wrinkles around the eyes, slightly weathered hands, and relaxed age-appropriate posture beginning a calm morning with slightly opened curtains and a small notebook on the table, gentle hopeful mood. Warm Japanese apartment morning, uncluttered, reassuring atmosphere. Keep ordinary Japanese domestic cues, practical senior clothing, soft low-saturation colors, and clear panel-like composition. The image should support this narration beat: すべてを一度に変える必要はありません。 No readable text, no numerals, no speech bubbles, no subtitles, avoid photorealism, avoid panic, avoid youthful skin or youthful posture.","Focused motion beat 102 for calm morning close. solution demo role; Subtle rightward pan; the subject relaxes the shoulders slightly as daylight settles into the room. Keep attention on the calmer morning start. curtains and paper edges move almost imperceptibly. Preserve the calm senior-friendly educational mood and the existing illustration style. (Silent video, no audio). No dialogue, no lip sync, no direct-to-camera speech, no singing, no chanting, no new readable text, no character redesign, no scene redesign."
明日の朝は、まずカーテンを少し開ける。,"Generate a clean editorial manga illustration in a seinen soft educational style, old-school two-dimensional anime influence, clean ink line art, restrained screentone, flat soft low-saturation colors, warm neutral accents, panel-like clarity, low clutter. A visibly elderly Japanese senior with silver-gray hair, fine wrinkles around the eyes, slightly weathered hands, and relaxed age-appropriate posture gently opening curtains or sitting near a bright window in an ordinary Japanese apartment morning, showing natural daylight without rushing. Soft dawn-to-morning light, tidy tatami or simple bedroom/living room details, practical senior home clothing, low clutter. Keep ordinary Japanese domestic cues, practical senior clothing, soft low-saturation colors, and clear panel-like composition. The image should support this narration beat: 明日の朝は、まずカーテンを少し開ける。 No readable text, no numerals, no speech bubbles, no subtitles, avoid photorealism, avoid panic, avoid youthful skin or youthful posture.","Focused motion beat 103 for window daylight and curtain. danger reveal role; Slow reveal drift; the hand eases the curtain slightly while daylight grows softly across the floor. Keep attention on the daylight entering the room. dust motes drift in the beam and fabric edges move subtly. Preserve the calm senior-friendly educational mood and the existing illustration style. (Silent video, no audio). No dialogue, no lip sync, no direct-to-camera speech, no singing, no chanting, no new readable text, no character redesign, no scene redesign."
今夜は、寝る前の画面を少し早めに閉じる。,"Generate a clean editorial manga illustration in a seinen soft educational style, old-school two-dimensional anime influence, clean ink line art, restrained screentone, flat soft low-saturation colors, warm neutral accents, panel-like clarity, low clutter. A quiet Japanese bedroom scene with a visibly elderly Japanese senior with silver-gray hair, fine wrinkles around the eyes, slightly weathered hands, and relaxed age-appropriate posture preparing a calmer sleep environment, dim warm lamp, smartphone placed away from the pillow, bedding arranged neatly. Evening atmosphere, darkened room, calm household props, no visible screen content. Keep ordinary Japanese domestic cues, practical senior clothing, soft low-saturation colors, and clear panel-like composition. The image should support this narration beat: 今夜は、寝る前の画面を少し早めに閉じる。 No readable text, no numerals, no speech bubbles, no subtitles, avoid photorealism, avoid panic, avoid youthful skin or youthful posture.","Focused motion beat 104 for bedroom environment. near miss role; Steady observational hold; the hand places the phone farther from the pillow or smooths the bedding in one small action. Keep attention on the calmer sleep environment. the lamp glow steadies and the curtain edge barely shifts. Preserve the calm senior-friendly educational mood and the existing illustration style. (Silent video, no audio). No dialogue, no lip sync, no direct-to-camera speech, no singing, no chanting, no new readable text, no character redesign, no scene redesign."
そして、だるさが続く日は、短くメモを残してみる。,"Generate a clean editorial manga illustration in a seinen soft educational style, old-school two-dimensional anime influence, clean ink line art, restrained screentone, flat soft low-saturation colors, warm neutral accents, panel-like clarity, low clutter. A close calm view of weathered senior hands writing simple marks in a small notebook, or holding it during an ordinary routine clinic consultation context. Ordinary Japanese home table or calm clinic waiting space, blank-looking notebook pages with no readable text. Keep ordinary Japanese domestic cues, practical senior clothing, soft low-saturation colors, and clear panel-like composition. The image should support this narration beat: そして、だるさが続く日は、短くメモを残してみる。 No readable text, no numerals, no speech bubbles, no subtitles, avoid photorealism, avoid panic, avoid youthful skin or youthful posture.","Focused motion beat 105 for simple notebook and consultation cue. contrast role; Slow forward drift; the hand adds a small mark to the notebook or gently closes it after checking. Keep attention on the simple note-taking action. paper edges lift slightly with the movement. Preserve the calm senior-friendly educational mood and the existing illustration style. (Silent video, no audio). No dialogue, no lip sync, no direct-to-camera speech, no singing, no chanting, no new readable text, no character redesign, no scene redesign."
そのくらいの小さな一歩で十分です。,"Generate a clean editorial manga illustration in a seinen soft educational style, old-school two-dimensional anime influence, clean ink line art, restrained screentone, flat soft low-saturation colors, warm neutral accents, panel-like clarity, low clutter. A visibly elderly Japanese senior with silver-gray hair, fine wrinkles around the eyes, slightly weathered hands, and relaxed age-appropriate posture beginning a calm morning with slightly opened curtains and a small notebook on the table, gentle hopeful mood. Warm Japanese apartment morning, uncluttered, reassuring atmosphere. Keep ordinary Japanese domestic cues, practical senior clothing, soft low-saturation colors, and clear panel-like composition. The image should support this narration beat: そのくらいの小さな一歩で十分です。 No readable text, no numerals, no speech bubbles, no subtitles, avoid photorealism, avoid panic, avoid youthful skin or youthful posture.","Focused motion beat 106 for calm morning close. checklist role; Gentle lateral slide; the subject relaxes the shoulders slightly as daylight settles into the room. Keep attention on the calmer morning start. curtains and paper edges move almost imperceptibly. Preserve the calm senior-friendly educational mood and the existing illustration style. (Silent video, no audio). No dialogue, no lip sync, no direct-to-camera speech, no singing, no chanting, no new readable text, no character redesign, no scene redesign."
朝の体は、急に変えようとしなくても大丈夫です。,"Generate a clean editorial manga illustration in a seinen soft educational style, old-school two-dimensional anime influence, clean ink line art, restrained screentone, flat soft low-saturation colors, warm neutral accents, panel-like clarity, low clutter. A visibly elderly Japanese senior with silver-gray hair, fine wrinkles around the eyes, slightly weathered hands, and relaxed age-appropriate posture beginning a calm morning with slightly opened curtains and a small notebook on the table, gentle hopeful mood. Warm Japanese apartment morning, uncluttered, reassuring atmosphere. Keep ordinary Japanese domestic cues, practical senior clothing, soft low-saturation colors, and clear panel-like composition. The image should support this narration beat: 朝の体は、急に変えようとしなくても大丈夫です。 No readable text, no numerals, no speech bubbles, no subtitles, avoid photorealism, avoid panic, avoid youthful skin or youthful posture.","Focused motion beat 107 for calm morning close. expert emphasis role; Soft overhead-to-front tilt; the subject relaxes the shoulders slightly as daylight settles into the room. Keep attention on the calmer morning start. curtains and paper edges move almost imperceptibly. Preserve the calm senior-friendly educational mood and the existing illustration style. (Silent video, no audio). No dialogue, no lip sync, no direct-to-camera speech, no singing, no chanting, no new readable text, no character redesign, no scene redesign."
やさしく合図を送りながら、ご自身の体の声を少しずつ聞いていきましょう。,"Generate a clean editorial manga illustration in a seinen soft educational style, old-school two-dimensional anime influence, clean ink line art, restrained screentone, flat soft low-saturation colors, warm neutral accents, panel-like clarity, low clutter. A visibly elderly Japanese senior with silver-gray hair, fine wrinkles around the eyes, slightly weathered hands, and relaxed age-appropriate posture beginning a calm morning with slightly opened curtains and a small notebook on the table, gentle hopeful mood. Warm Japanese apartment morning, uncluttered, reassuring atmosphere. Keep ordinary Japanese domestic cues, practical senior clothing, soft low-saturation colors, and clear panel-like composition. The image should support this narration beat: やさしく合図を送りながら、ご自身の体の声を少しずつ聞いていきましょう。 No readable text, no numerals, no speech bubbles, no subtitles, avoid photorealism, avoid panic, avoid youthful skin or youthful posture.","Focused motion beat 108 for calm morning close. solution demo role; Measured parallax hold; the subject relaxes the shoulders slightly as daylight settles into the room. Keep attention on the calmer morning start. curtains and paper edges move almost imperceptibly. Preserve the calm senior-friendly educational mood and the existing illustration style. (Silent video, no audio). No dialogue, no lip sync, no direct-to-camera speech, no singing, no chanting, no new readable text, no character redesign, no scene redesign."
今日も最後までご覧いただき、ありがとうございました。,"Generate a clean editorial manga illustration in a seinen soft educational style, old-school two-dimensional anime influence, clean ink line art, restrained screentone, flat soft low-saturation colors, warm neutral accents, panel-like clarity, low clutter. A visibly elderly Japanese senior with silver-gray hair, fine wrinkles around the eyes, slightly weathered hands, and relaxed age-appropriate posture beginning a calm morning with slightly opened curtains and a small notebook on the table, gentle hopeful mood. Warm Japanese apartment morning, uncluttered, reassuring atmosphere. Keep ordinary Japanese domestic cues, practical senior clothing, soft low-saturation colors, and clear panel-like composition. The image should support this narration beat: 今日も最後までご覧いただき、ありがとうございました。 No readable text, no numerals, no speech bubbles, no subtitles, avoid photorealism, avoid panic, avoid youthful skin or youthful posture.","Focused motion beat 109 for calm morning close. danger reveal role; Calm push-in; the subject relaxes the shoulders slightly as daylight settles into the room. Keep attention on the calmer morning start. curtains and paper edges move almost imperceptibly. Preserve the calm senior-friendly educational mood and the existing illustration style. (Silent video, no audio). No dialogue, no lip sync, no direct-to-camera speech, no singing, no chanting, no new readable text, no character redesign, no scene redesign."
どうぞ、明日の朝が少しでも穏やかに始まりますように。,"Generate a clean editorial manga illustration in a seinen soft educational style, old-school two-dimensional anime influence, clean ink line art, restrained screentone, flat soft low-saturation colors, warm neutral accents, panel-like clarity, low clutter. A visibly elderly Japanese senior with silver-gray hair, fine wrinkles around the eyes, slightly weathered hands, and relaxed age-appropriate posture beginning a calm morning with slightly opened curtains and a small notebook on the table, gentle hopeful mood. Warm Japanese apartment morning, uncluttered, reassuring atmosphere. Keep ordinary Japanese domestic cues, practical senior clothing, soft low-saturation colors, and clear panel-like composition. The image should support this narration beat: どうぞ、明日の朝が少しでも穏やかに始まりますように。 No readable text, no numerals, no speech bubbles, no subtitles, avoid photorealism, avoid panic, avoid youthful skin or youthful posture.","Focused motion beat 110 for calm morning close. near miss role; Subtle rightward pan; the subject relaxes the shoulders slightly as daylight settles into the room. Keep attention on the calmer morning start. curtains and paper edges move almost imperceptibly. Preserve the calm senior-friendly educational mood and the existing illustration style. (Silent video, no audio). No dialogue, no lip sync, no direct-to-camera speech, no singing, no chanting, no new readable text, no character redesign, no scene redesign."
