script_text,prompt_img_nano,prompt_video_veo3
みなさん、今日はひとつ、おはなしをさせてください。,"Using the provided reference image(s), generate a kamishibai paper theater illustration in hand-painted gouache and watercolor on textured paper. A warm elderly Japanese woman narrator (silver-gray hair in a soft bun, gentle wrinkles around eyes and mouth, relaxed mature posture) sits at a low table in a simple tatami room, hands resting gently, calm inviting expression as if about to begin a story. Soft morning light, muted warm earth tones, warm cream paper base, kamishibai stage-like border framing. The character MUST appear the SAME age as the reference. NO youth reduction. No readable text. Avoid digital anime rendering, glossy CG, photorealism, speech pose, lip sync.","Very slow, subtle push-in camera motion. The elderly Japanese narrator breathes gently, eyes blinking naturally, maintaining a warm, steady, reassuring expression. Soft ambient light shifts almost imperceptibly. The atmosphere is warm, reassuring, and calm. (Silent video, no audio). No rapid movement, no speech, no lip movement, no vocalization, no mouth-open acting."
はるこさんという方のお話です。,"Using the provided reference image(s), generate a kamishibai paper theater illustration in hand-painted gouache and watercolor on textured paper. Same elderly Japanese woman narrator (silver-gray hair, gentle wrinkles, weathered hands) in the same tatami room, gesturing gently with one hand as if introducing someone, warm storytelling expression. Same soft morning light, same muted earth-tone palette, kamishibai frame. The character MUST appear the SAME age as the reference. NO youth reduction. No readable text. Avoid digital anime, glossy CG, photorealism, speech pose.","Very slow, subtle push-in camera motion. The elderly Japanese narrator breathes gently, eyes blinking naturally, maintaining a warm, steady, reassuring expression. Soft ambient light shifts almost imperceptibly. The atmosphere is warm, reassuring, and calm. (Silent video, no audio). No rapid movement, no speech, no lip movement, no vocalization, no mouth-open acting."
はるこさんは68歳。,"Generate a kamishibai paper theater illustration in hand-painted gouache and watercolor on textured paper. A visibly elderly Japanese woman (age 68, silver-gray hair tied back loosely, gentle wrinkles around eyes, slightly weathered face, comfortable house clothes) stands in a small Japanese apartment doorway, calm and composed. Simple Japanese interior details — shoe shelf, indoor slippers. Warm ochre and soft green tones, cream paper texture, kamishibai frame border. No readable text. Avoid photorealism, digital anime, glossy CG, youth drift, speech pose.","Gentle, observing static shot with a very subtle pan. The elderly woman moves with slow, deliberate micro-movements, her hands shifting slightly and posture adjusting naturally. Dust motes drift softly in the warm light; subtle fabric movement. The atmosphere is serene, lived-in, and peaceful. (Silent video, no audio). No sudden movements, no speech, no lip sync, no dramatic falls or action."
ひとり暮らしで、毎日をていねいに過ごしている方です。,"Generate a kamishibai paper theater illustration in hand-painted gouache and watercolor on textured paper. Same elderly Japanese woman (silver-gray hair, wrinkles, relaxed posture, comfortable casual Japanese clothes) carefully tending a small flower bed in a modest Japanese garden, kneeling with weathered hands touching soil. Small potted plants, garden tools, low hedge. Gentle morning light, muted warm colors, cream paper grain visible, kamishibai frame. No readable text. Avoid photorealism, glossy CG, digital anime, youth drift.","Gentle, observing static shot with a very subtle pan. The elderly woman moves with slow, deliberate micro-movements, her hands shifting slightly and posture adjusting naturally. Dust motes drift softly in the warm light; subtle fabric movement. The atmosphere is serene, lived-in, and peaceful. (Silent video, no audio). No sudden movements, no speech, no lip sync, no dramatic falls or action."
お庭の小さな花壇の世話をしたり、近所のスーパーまで歩いて買い物に行ったり。,"Generate a kamishibai paper theater illustration in hand-painted gouache and watercolor on textured paper. Same elderly Japanese woman (silver-gray hair, wrinkles, mature gait) walking along a quiet Japanese neighborhood street toward a small local supermarket, carrying a reusable shopping bag. Japanese residential architecture, small shops, utility poles. Warm afternoon light, muted earth tones, soft ochre, visible paper texture, kamishibai frame. No readable text. Avoid photorealism, digital anime, glossy CG, youth drift, Western architecture.","Gentle, observing static shot with a very subtle pan. The elderly woman moves with slow, deliberate micro-movements, her hands shifting slightly and posture adjusting naturally. Dust motes drift softly in the warm light; subtle fabric movement. The atmosphere is serene, lived-in, and peaceful. (Silent video, no audio). No sudden movements, no speech, no lip sync, no dramatic falls or action."
そんな穏やかな暮らしを続けていました。,"Generate a kamishibai paper theater illustration in hand-painted gouache and watercolor on textured paper. A quiet Japanese apartment interior — low table with a teacup, folded cloth, a small vase with a single flower, afternoon light filtering through shoji screens. Peaceful, lived-in domestic atmosphere suggesting a calm daily routine. Muted warm tones, soft ochre and gentle greens, cream paper base, kamishibai frame. No readable text. Avoid photorealism, digital anime, glossy CG, cluttered composition.","Slow, atmospheric pan across the quiet Japanese space. The scene remains still. Dust motes dance softly in the warm shafts of light; a faint breeze barely stirs a curtain. The atmosphere is quiet, contemplative, and still. (Silent video, no audio). No fast pans, no sudden changes, no character presence."
ある朝のこと。,"Generate a kamishibai paper theater illustration in hand-painted gouache and watercolor on textured paper. Early morning Japanese bedroom — a futon laid out on tatami, shoji screens with the faintest hint of dawn light filtering through. Still, quiet atmosphere before waking. Muted indigo and soft dawn colors, warm cream paper texture, kamishibai frame border. No readable text. Avoid photorealism, digital anime, glossy CG, bright colors.","Slow, atmospheric pan across the quiet Japanese space. The scene remains still. Dust motes dance softly in the warm shafts of light; a faint breeze barely stirs a curtain. The atmosphere is quiet, contemplative, and still. (Silent video, no audio). No fast pans, no sudden changes, no character presence."
はるこさんがいつものように目を覚ましました。,"Generate a kamishibai paper theater illustration in hand-painted gouache and watercolor on textured paper. Same elderly Japanese woman (silver-gray hair spread on pillow, gentle wrinkles visible, weathered hands on futon edge) just opening her eyes in a futon on tatami. Soft dawn light through shoji. Calm, sleepy expression. Muted warm tones, faded indigo, cream paper grain, kamishibai frame. No readable text. Avoid photorealism, digital anime, glossy CG, youth drift.","Gentle, observing static shot with a very subtle pan. The elderly woman moves with slow, deliberate micro-movements, her hands shifting slightly and posture adjusting naturally. Dust motes drift softly in the warm light; subtle fabric movement. The atmosphere is serene, lived-in, and peaceful. (Silent video, no audio). No sudden movements, no speech, no lip sync, no dramatic falls or action."
障子の向こうから、うっすらと朝の光が差し込んでいます。,"Generate a kamishibai paper theater illustration in hand-painted gouache and watercolor on textured paper. Close-up of shoji screens in a Japanese bedroom — soft early-morning light filtering through the paper panels, casting gentle geometric shadows on tatami. Quiet, contemplative atmosphere. Muted warm dawn tones, soft ochre light, cream paper texture, kamishibai frame. No readable text. Avoid photorealism, digital anime, glossy CG.","Slow, atmospheric pan across the quiet Japanese space. The scene remains still. Dust motes dance softly in the warm shafts of light; a faint breeze barely stirs a curtain. The atmosphere is quiet, contemplative, and still. (Silent video, no audio). No fast pans, no sudden changes, no character presence."
ゆっくり体を起こそうとしたときのことです。,"Generate a kamishibai paper theater illustration in hand-painted gouache and watercolor on textured paper. Same elderly Japanese woman (silver-gray hair, wrinkles, mature posture) beginning to push herself up from the futon with both hands, halfway between lying and sitting. Tatami floor, futon, shoji with morning light. Expression of slow, careful effort. Muted warm tones, cream paper grain, kamishibai frame. No readable text. Avoid photorealism, digital anime, glossy CG, youth drift, dramatic action.","Gentle, observing static shot with a very subtle pan. The elderly woman moves with slow, deliberate micro-movements, her hands shifting slightly and posture adjusting naturally. Dust motes drift softly in the warm light; subtle fabric movement. The atmosphere is serene, lived-in, and peaceful. (Silent video, no audio). No sudden movements, no speech, no lip sync, no dramatic falls or action."
ほんの一瞬、部屋がふわっと揺れたように感じました。,"Generate a kamishibai paper theater illustration in hand-painted gouache and watercolor on textured paper. Same elderly Japanese woman (silver-gray hair, wrinkles) sitting up in futon, one hand pressed to the edge of the futon for stability, eyes slightly unfocused, the room around her painted with a very subtle tilt or soft wavering at the edges to suggest a brief spell of dizziness. Tatami, shoji, morning light. Muted warm tones, cream paper, kamishibai frame. No readable text. Avoid photorealism, digital anime, glossy CG, youth drift, exaggerated drama.","Gentle, observing static shot with a very subtle pan. The elderly woman moves with slow, deliberate micro-movements, her hands shifting slightly and posture adjusting naturally. Dust motes drift softly in the warm light; subtle fabric movement. The atmosphere is serene, lived-in, and peaceful. (Silent video, no audio). No sudden movements, no speech, no lip sync, no dramatic falls or action."
天井が少しだけ傾いたような、不思議な感覚です。,"Generate a kamishibai paper theater illustration in hand-painted gouache and watercolor on textured paper. Subtle visual metaphor: a Japanese bedroom ceiling with a very slight tilt in the painted perspective lines, as if the room tilted just a fraction. Soft, dreamlike quality. Minimal furnishing — just the ceiling, a hanging lamp cord, edge of a shelf. Muted warm tones, faded indigo, cream paper grain, kamishibai frame. No readable text. Avoid photorealism, digital anime, glossy CG, heavy distortion.","Slow, subtle parallax drift camera motion. The educational symbolic elements gently float or pulse with a soft, slow rhythm. The abstract background softly shifts to provide depth. The atmosphere is clean, educational, and non-alarming. (Silent video, no audio). No rapid pulsing, no flashing, no medical horror, no jarring motion."
すぐに収まりましたが、はるこさんは布団の端に手をついて、しばらくじっとしていました。,"Generate a kamishibai paper theater illustration in hand-painted gouache and watercolor on textured paper. Same elderly Japanese woman (silver-gray hair, gentle wrinkles, weathered hands) sitting still on the futon edge, one hand braced against the futon corner, eyes closed, waiting patiently for the feeling to pass. Tatami floor, shoji with morning light, calm stillness. Muted warm tones, cream paper texture, kamishibai frame. No readable text. Avoid photorealism, digital anime, glossy CG, youth drift, dramatic posing.","Gentle, observing static shot with a very subtle pan. The elderly woman moves with slow, deliberate micro-movements, her hands shifting slightly and posture adjusting naturally. Dust motes drift softly in the warm light; subtle fabric movement. The atmosphere is serene, lived-in, and peaceful. (Silent video, no audio). No sudden movements, no speech, no lip sync, no dramatic falls or action."
ああ、またか。,"Generate a kamishibai paper theater illustration in hand-painted gouache and watercolor on textured paper. Same elderly Japanese woman (silver-gray hair, wrinkles, resigned but calm expression) still seated on the futon, looking down at her hands with a quiet sigh, accepting the familiar feeling. Same tatami room, same morning light. Muted warm tones, cream paper grain, kamishibai frame. No readable text. Avoid photorealism, digital anime, glossy CG, youth drift.","Gentle, observing static shot with a very subtle pan. The elderly woman moves with slow, deliberate micro-movements, her hands shifting slightly and posture adjusting naturally. Dust motes drift softly in the warm light; subtle fabric movement. The atmosphere is serene, lived-in, and peaceful. (Silent video, no audio). No sudden movements, no speech, no lip sync, no dramatic falls or action."
そう思いながら、静かに朝を始めたそうです。,"Generate a kamishibai paper theater illustration in hand-painted gouache and watercolor on textured paper. Same elderly Japanese woman (silver-gray hair, wrinkles, mature composure) slowly folding the futon cover with careful movements, beginning her morning routine with quiet resolve. Same tatami room, soft morning light now slightly brighter through shoji. Muted warm tones, cream paper texture, kamishibai frame. No readable text. Avoid photorealism, digital anime, glossy CG, youth drift.","Gentle, observing static shot with a very subtle pan. The elderly woman moves with slow, deliberate micro-movements, her hands shifting slightly and posture adjusting naturally. Dust motes drift softly in the warm light; subtle fabric movement. The atmosphere is serene, lived-in, and peaceful. (Silent video, no audio). No sudden movements, no speech, no lip sync, no dramatic falls or action."
みなさんは、朝、こんなふうに感じたことはありませんか。,"Using the provided reference image(s), generate a kamishibai paper theater illustration in hand-painted gouache and watercolor on textured paper. Same elderly Japanese woman narrator (silver-gray hair, wrinkles, warm eyes) facing slightly toward the viewer with a gentle, knowing expression, one hand resting on her chest as if sharing a relatable feeling. Simple warm background, kamishibai frame border. The character MUST appear the SAME age as the reference. NO youth reduction. No readable text. Avoid digital anime, glossy CG, photorealism, speech pose, lip sync.","Very slow, subtle push-in camera motion. The elderly Japanese narrator breathes gently, eyes blinking naturally, maintaining a warm, steady, reassuring expression. Soft ambient light shifts almost imperceptibly. The atmosphere is warm, reassuring, and calm. (Silent video, no audio). No rapid movement, no speech, no lip movement, no vocalization, no mouth-open acting."
起き上がったとき、ほんの数秒だけ、足元がゆらっとする。,"Generate a kamishibai paper theater illustration in hand-painted gouache and watercolor on textured paper. An elderly Japanese person (silver-gray hair, wrinkles, indoor pajama-like clothes) just risen to sitting on a futon edge, feet finding floor slippers, a brief unsteady moment visible in the slight forward lean and hand reaching for a nearby wall. Japanese bedroom, morning light. Muted warm tones, cream paper, kamishibai frame. No readable text. Avoid photorealism, digital anime, glossy CG, youth drift, dramatic fall imagery.","Gentle, observing static shot with a very subtle pan. The elderly woman moves with slow, deliberate micro-movements, her hands shifting slightly and posture adjusting naturally. Dust motes drift softly in the warm light; subtle fabric movement. The atmosphere is serene, lived-in, and peaceful. (Silent video, no audio). No sudden movements, no speech, no lip sync, no dramatic falls or action."
すぐに収まるけれど、なんとなく心に残る。,"Generate a kamishibai paper theater illustration in hand-painted gouache and watercolor on textured paper. Same elderly Japanese person (silver-gray hair, wrinkles) standing now, one hand lightly touching the wall, looking steady again, faint relief in expression. Same Japanese bedroom, same morning light slightly brighter. Muted warm tones, cream paper grain, kamishibai frame. No readable text. Avoid photorealism, digital anime, glossy CG, youth drift.","Gentle, observing static shot with a very subtle pan. The elderly woman moves with slow, deliberate micro-movements, her hands shifting slightly and posture adjusting naturally. Dust motes drift softly in the warm light; subtle fabric movement. The atmosphere is serene, lived-in, and peaceful. (Silent video, no audio). No sudden movements, no speech, no lip sync, no dramatic falls or action."
そんな経験をお持ちの方も、いらっしゃるのではないでしょうか。,"Using the provided reference image(s), generate a kamishibai paper theater illustration in hand-painted gouache and watercolor on textured paper. Same elderly Japanese woman narrator (silver-gray hair, wrinkles, gentle expression) with a soft, empathetic nod, as if acknowledging something familiar the viewer might also feel. Warm simple background, kamishibai frame. The character MUST appear the SAME age as the reference. NO youth reduction. No readable text. Avoid digital anime, glossy CG, photorealism, speech pose, lip sync.","Very slow, subtle push-in camera motion. The elderly Japanese narrator breathes gently, eyes blinking naturally, maintaining a warm, steady, reassuring expression. Soft ambient light shifts almost imperceptibly. The atmosphere is warm, reassuring, and calm. (Silent video, no audio). No rapid movement, no speech, no lip movement, no vocalization, no mouth-open acting."
はるこさんの場合は、ぐるぐる回るようなめまいではありませんでした。,"Generate a kamishibai paper theater illustration in hand-painted gouache and watercolor on textured paper. Same elderly Japanese woman Haruko (silver-gray hair, wrinkles, calm but uncertain expression) standing in her Japanese home, one hand lightly on a door frame, not spinning but with a subtle sense of imbalance — feet planted but body slightly listing. Japanese domestic interior. Muted warm tones, cream paper texture, kamishibai frame. No readable text. Avoid photorealism, digital anime, glossy CG, youth drift, spinning/vertigo exaggeration.","Gentle, observing static shot with a very subtle pan. The elderly woman moves with slow, deliberate micro-movements, her hands shifting slightly and posture adjusting naturally. Dust motes drift softly in the warm light; subtle fabric movement. The atmosphere is serene, lived-in, and peaceful. (Silent video, no audio). No sudden movements, no speech, no lip sync, no dramatic falls or action."
足元がすこしだけ頼りない、床がほんの少しやわらかくなったような感じです。,"Generate a kamishibai paper theater illustration in hand-painted gouache and watercolor on textured paper. Same elderly Japanese woman (silver-gray hair, wrinkles, weathered hands) standing barefoot on tatami, looking down at her feet with a slightly puzzled expression, the floor subtly rendered as slightly soft or yielding. Japanese room, morning light. Muted warm tones, cream paper grain, kamishibai frame. No readable text. Avoid photorealism, digital anime, glossy CG, youth drift.","Gentle, observing static shot with a very subtle pan. The elderly woman moves with slow, deliberate micro-movements, her hands shifting slightly and posture adjusting naturally. Dust motes drift softly in the warm light; subtle fabric movement. The atmosphere is serene, lived-in, and peaceful. (Silent video, no audio). No sudden movements, no speech, no lip sync, no dramatic falls or action."
朝、カーテンを開けようと立ち上がったとき、そっと壁に手をつきました。,"Generate a kamishibai paper theater illustration in hand-painted gouache and watercolor on textured paper. Same elderly Japanese woman (silver-gray hair, wrinkles) reaching up to open a curtain in a Japanese room, one hand steadying herself against the wall. Morning light about to flood in. Calm, careful movement. Muted warm tones, morning light glow, cream paper texture, kamishibai frame. No readable text. Avoid photorealism, digital anime, glossy CG, youth drift.","Gentle, observing static shot with a very subtle pan. The elderly woman moves with slow, deliberate micro-movements, her hands shifting slightly and posture adjusting naturally. Dust motes drift softly in the warm light; subtle fabric movement. The atmosphere is serene, lived-in, and peaceful. (Silent video, no audio). No sudden movements, no speech, no lip sync, no dramatic falls or action."
数秒で収まります。,"Generate a kamishibai paper theater illustration in hand-painted gouache and watercolor on textured paper. Same elderly Japanese woman (silver-gray hair, wrinkles) standing calmly, hands now relaxed at sides, the unsteady moment clearly passed. Bright morning light from the now-open curtain. Quiet relief. Japanese room. Muted warm tones, cream paper grain, kamishibai frame. No readable text. Avoid photorealism, digital anime, glossy CG, youth drift.","Gentle, observing static shot with a very subtle pan. The elderly woman moves with slow, deliberate micro-movements, her hands shifting slightly and posture adjusting naturally. Dust motes drift softly in the warm light; subtle fabric movement. The atmosphere is serene, lived-in, and peaceful. (Silent video, no audio). No sudden movements, no speech, no lip sync, no dramatic falls or action."
でも、最近はこういうことが週に一度か二度、あるそうです。,"Generate a kamishibai paper theater illustration in hand-painted gouache and watercolor on textured paper. A simple Japanese wall calendar with marks or a small notepad on a low shelf, suggesting recurring weekly events — a visual shorthand for 'once or twice a week.' Domestic Japanese interior, warm morning light. Muted warm tones, soft ochre, cream paper texture, kamishibai frame. No readable text. Avoid photorealism, digital anime, glossy CG, infographic clutter.","Gentle, observing static shot with a very subtle pan. The elderly woman moves with slow, deliberate micro-movements, her hands shifting slightly and posture adjusting naturally. Dust motes drift softly in the warm light; subtle fabric movement. The atmosphere is serene, lived-in, and peaceful. (Silent video, no audio). No sudden movements, no speech, no lip sync, no dramatic falls or action."
はるこさんは考えました。,"Generate a kamishibai paper theater illustration in hand-painted gouache and watercolor on textured paper. Same elderly Japanese woman (silver-gray hair, wrinkles, thoughtful expression) sitting at a low table in her Japanese apartment, chin resting on one hand, gazing out through a window, contemplating. Quiet domestic scene, a teacup nearby. Muted warm tones, cream paper grain, kamishibai frame. No readable text. Avoid photorealism, digital anime, glossy CG, youth drift.","Gentle, observing static shot with a very subtle pan. The elderly woman moves with slow, deliberate micro-movements, her hands shifting slightly and posture adjusting naturally. Dust motes drift softly in the warm light; subtle fabric movement. The atmosphere is serene, lived-in, and peaceful. (Silent video, no audio). No sudden movements, no speech, no lip sync, no dramatic falls or action."
病院に行くほどではない気がする。,"Generate a kamishibai paper theater illustration in hand-painted gouache and watercolor on textured paper. Same elderly Japanese woman (silver-gray hair, wrinkles) looking toward a telephone or small clinic card on a shelf, but not reaching for it — hesitant, unsure expression. Japanese apartment interior, warm afternoon light. Muted tones, cream paper texture, kamishibai frame. No readable text. Avoid photorealism, digital anime, glossy CG, youth drift, hospital imagery.","Gentle, observing static shot with a very subtle pan. The elderly woman moves with slow, deliberate micro-movements, her hands shifting slightly and posture adjusting naturally. Dust motes drift softly in the warm light; subtle fabric movement. The atmosphere is serene, lived-in, and peaceful. (Silent video, no audio). No sudden movements, no speech, no lip sync, no dramatic falls or action."
でも、すこし気になる。,"Generate a kamishibai paper theater illustration in hand-painted gouache and watercolor on textured paper. Same elderly Japanese woman (silver-gray hair, wrinkles) sitting alone, lips slightly pursed in mild concern, one hand resting on the table. The scene conveys a quiet worry without alarm. Japanese apartment, warm light. Muted tones, cream paper grain, kamishibai frame. No readable text. Avoid photorealism, digital anime, glossy CG, youth drift.","Gentle, observing static shot with a very subtle pan. The elderly woman moves with slow, deliberate micro-movements, her hands shifting slightly and posture adjusting naturally. Dust motes drift softly in the warm light; subtle fabric movement. The atmosphere is serene, lived-in, and peaceful. (Silent video, no audio). No sudden movements, no speech, no lip sync, no dramatic falls or action."
誰かに聞いてみたいけれど、なんと言えばいいのかわからない。,"Generate a kamishibai paper theater illustration in hand-painted gouache and watercolor on textured paper. Same elderly Japanese woman (silver-gray hair, wrinkles) looking down at her hands folded on the low table, a quiet sense of not quite knowing what to say. Warm ambient light, Japanese apartment. Muted tones, cream paper texture, kamishibai frame. No readable text. Avoid photorealism, digital anime, glossy CG, youth drift.","Gentle, observing static shot with a very subtle pan. The elderly woman moves with slow, deliberate micro-movements, her hands shifting slightly and posture adjusting naturally. Dust motes drift softly in the warm light; subtle fabric movement. The atmosphere is serene, lived-in, and peaceful. (Silent video, no audio). No sudden movements, no speech, no lip sync, no dramatic falls or action."
そんなふうに感じていたようです。,"Generate a kamishibai paper theater illustration in hand-painted gouache and watercolor on textured paper. Same elderly Japanese woman (silver-gray hair, wrinkles, mild resignation) gazing quietly out the window, the scene fading gently into soft ambient light. Japanese domestic interior. Muted warm tones, cream paper grain, kamishibai frame. No readable text. Avoid photorealism, digital anime, glossy CG, youth drift.","Gentle, observing static shot with a very subtle pan. The elderly woman moves with slow, deliberate micro-movements, her hands shifting slightly and posture adjusting naturally. Dust motes drift softly in the warm light; subtle fabric movement. The atmosphere is serene, lived-in, and peaceful. (Silent video, no audio). No sudden movements, no speech, no lip sync, no dramatic falls or action."
こういう方は、実は少なくありません。,"Using the provided reference image(s), generate a kamishibai paper theater illustration in hand-painted gouache and watercolor on textured paper. Same elderly Japanese narrator (silver-gray hair, wrinkles, reassuring warm expression) with a gentle open-palm gesture, conveying 'this is actually quite common.' Warm simple background, kamishibai frame. The character MUST appear the SAME age as the reference. NO youth reduction. No readable text. Avoid digital anime, glossy CG, photorealism, speech pose, lip sync.","Very slow, subtle push-in camera motion. The elderly Japanese narrator breathes gently, eyes blinking naturally, maintaining a warm, steady, reassuring expression. Soft ambient light shifts almost imperceptibly. The atmosphere is warm, reassuring, and calm. (Silent video, no audio). No rapid movement, no speech, no lip movement, no vocalization, no mouth-open acting."
朝のふらつきを感じていても、「年のせいだから」と、そのままにしている方も多いのではないでしょうか。,"Using the provided reference image(s), generate a kamishibai paper theater illustration in hand-painted gouache and watercolor on textured paper. Same elderly Japanese narrator (silver-gray hair, wrinkles, understanding eyes) with a gentle knowing nod, as if saying 'many people put it aside as just aging.' Warm backdrop, kamishibai frame. The character MUST appear the SAME age as the reference. NO youth reduction. No readable text. Avoid digital anime, glossy CG, photorealism, speech pose, lip sync.","Very slow, subtle push-in camera motion. The elderly Japanese narrator breathes gently, eyes blinking naturally, maintaining a warm, steady, reassuring expression. Soft ambient light shifts almost imperceptibly. The atmosphere is warm, reassuring, and calm. (Silent video, no audio). No rapid movement, no speech, no lip movement, no vocalization, no mouth-open acting."
では、どうして朝の動き始めに、ふらっとしやすいのでしょうか。,"Using the provided reference image(s), generate a kamishibai paper theater illustration in hand-painted gouache and watercolor on textured paper. Same elderly Japanese narrator (silver-gray hair, wrinkles) with a gently curious expression and one hand raised slightly as if posing a soft question. Warm background, kamishibai frame. The character MUST appear the SAME age as the reference. NO youth reduction. No readable text. Avoid digital anime, glossy CG, photorealism, speech pose, lip sync.","Very slow, subtle push-in camera motion. The elderly Japanese narrator breathes gently, eyes blinking naturally, maintaining a warm, steady, reassuring expression. Soft ambient light shifts almost imperceptibly. The atmosphere is warm, reassuring, and calm. (Silent video, no audio). No rapid movement, no speech, no lip movement, no vocalization, no mouth-open acting."
はるこさんも気になって、すこし調べてみたそうです。,"Generate a kamishibai paper theater illustration in hand-painted gouache and watercolor on textured paper. Same elderly Japanese woman Haruko (silver-gray hair, wrinkles) sitting at a low table looking at a simple health booklet or pamphlet, one finger gently tracing the page. Japanese apartment, warm light. Muted tones, cream paper grain, kamishibai frame. No readable text. Avoid photorealism, digital anime, glossy CG, youth drift, fake medical imagery.","Gentle, observing static shot with a very subtle pan. The elderly woman moves with slow, deliberate micro-movements, her hands shifting slightly and posture adjusting naturally. Dust motes drift softly in the warm light; subtle fabric movement. The atmosphere is serene, lived-in, and peaceful. (Silent video, no audio). No sudden movements, no speech, no lip sync, no dramatic falls or action."
そこで見えてきたことが、いくつかありました。,"Using the provided reference image(s), generate a kamishibai paper theater illustration in hand-painted gouache and watercolor on textured paper. Same elderly Japanese narrator (silver-gray hair, wrinkles) with a calm expression and lightly raised index finger as if saying 'there were a few things she learned.' Warm background, kamishibai frame. The character MUST appear the SAME age as the reference. NO youth reduction. No readable text. Avoid digital anime, glossy CG, photorealism, speech pose, lip sync.","Very slow, subtle push-in camera motion. The elderly Japanese narrator breathes gently, eyes blinking naturally, maintaining a warm, steady, reassuring expression. Soft ambient light shifts almost imperceptibly. The atmosphere is warm, reassuring, and calm. (Silent video, no audio). No rapid movement, no speech, no lip movement, no vocalization, no mouth-open acting."
ひとつめは、血圧の変動です。,"Generate a kamishibai paper theater illustration in hand-painted gouache and watercolor on textured paper. Simple symbolic diagram-like scene: a gentle cross-section silhouette of a human body lying flat, with soft warm-toned arrows showing blood flow distributed evenly between heart and head. Clean, educational, low clutter. Muted warm tones, faded indigo accents, cream paper texture, kamishibai frame. No readable text. Avoid photorealism, digital anime, glossy CG, medical horror, infographic overload.","Slow, subtle parallax drift camera motion. The educational symbolic elements gently float or pulse with a soft, slow rhythm. The abstract background softly shifts to provide depth. The atmosphere is clean, educational, and non-alarming. (Silent video, no audio). No rapid pulsing, no flashing, no medical horror, no jarring motion."
夜ずっと横になっていると、血圧はゆるやかに落ち着いた状態になっています。,"Generate a kamishibai paper theater illustration in hand-painted gouache and watercolor on textured paper. Simple symbolic scene: a human body silhouette lying horizontally, soft arrows showing calm even blood circulation when heart and head are at the same level. Clean educational metaphor. Muted warm tones, cream paper, kamishibai frame. No readable text. Avoid photorealism, digital anime, glossy CG, medical horror.","Slow, subtle parallax drift camera motion. The educational symbolic elements gently float or pulse with a soft, slow rhythm. The abstract background softly shifts to provide depth. The atmosphere is clean, educational, and non-alarming. (Silent video, no audio). No rapid pulsing, no flashing, no medical horror, no jarring motion."
心臓と頭の高さが同じなので、血液はスムーズに巡っています。,"Generate a kamishibai paper theater illustration in hand-painted gouache and watercolor on textured paper. Symbolic scene: same gentle body silhouette in cross-section, but heart and head at same height, with smooth circular arrows to represent good blood flow. Soft warm tones, clean educational visual. Cream paper grain, kamishibai frame. No readable text. Avoid photorealism, glossy CG, digital anime, medical horror.","Slow, subtle parallax drift camera motion. The educational symbolic elements gently float or pulse with a soft, slow rhythm. The abstract background softly shifts to provide depth. The atmosphere is clean, educational, and non-alarming. (Silent video, no audio). No rapid pulsing, no flashing, no medical horror, no jarring motion."
ところが、朝、急に体を起こすと、血液が足のほうに下がりやすくなります。,"Generate a kamishibai paper theater illustration in hand-painted gouache and watercolor on textured paper. Symbolic scene: a gentle body silhouette now sitting upright, with soft warm-toned arrows showing blood flowing downward toward the feet, the arrow to the head becoming thinner — visual shorthand for postural blood pressure drop. Clean, calm educational metaphor. Muted tones, cream paper, kamishibai frame. No readable text. Avoid photorealism, glossy CG, digital anime, alarming imagery.","Slow, subtle parallax drift camera motion. The educational symbolic elements gently float or pulse with a soft, slow rhythm. The abstract background softly shifts to provide depth. The atmosphere is clean, educational, and non-alarming. (Silent video, no audio). No rapid pulsing, no flashing, no medical horror, no jarring motion."
そうすると、頭にいく血の量が一時的に減って、ふらつきを感じることがあるんですね。,"Generate a kamishibai paper theater illustration in hand-painted gouache and watercolor on textured paper. Same symbolic body silhouette now upright, thin arrow going to head versus thicker arrows going to feet — representing temporary reduced blood to the brain causing lightheadedness. Calm educational visual. Muted warm tones, cream paper grain, kamishibai frame. No readable text. Avoid photorealism, digital anime, glossy CG, fear imagery.","Slow, subtle parallax drift camera motion. The educational symbolic elements gently float or pulse with a soft, slow rhythm. The abstract background softly shifts to provide depth. The atmosphere is clean, educational, and non-alarming. (Silent video, no audio). No rapid pulsing, no flashing, no medical horror, no jarring motion."
若いころは、体がすぐにこの変化に対応してくれます。,"Generate a kamishibai paper theater illustration in hand-painted gouache and watercolor on textured paper. Split composition: left side shows a younger person's silhouette with quick adaptation arrows (body adjusting fast), right side shows an elderly person's silhouette with slower, gentler adaptation arrows. Both calm, educational, non-dramatic. Muted warm tones, cream paper, kamishibai frame. No readable text. Avoid photorealism, digital anime, glossy CG, ageist imagery.","Static observing shot with a very gentle push-in. The split-screen elements hold their positions while exhibiting slow, isolated micro-movements. Soft, continuous ambient light on both sides. The atmosphere is analytical and calmly educational. (Silent video, no audio). No fast transitions, no erratic movement."
でも、年を重ねると、この調整に少し時間がかかるようになるそうです。,"Generate a kamishibai paper theater illustration in hand-painted gouache and watercolor on textured paper. Same elderly body silhouette with slower adaptation arrows, a gentle clock or timer symbol nearby suggesting 'the adjustment takes a bit longer now.' Clean, warm educational metaphor. Muted tones, cream paper, kamishibai frame. No readable text. Avoid photorealism, digital anime, glossy CG, alarming imagery.","Slow, subtle parallax drift camera motion. The educational symbolic elements gently float or pulse with a soft, slow rhythm. The abstract background softly shifts to provide depth. The atmosphere is clean, educational, and non-alarming. (Silent video, no audio). No rapid pulsing, no flashing, no medical horror, no jarring motion."
これは、体の自然な変化のひとつです。,"Using the provided reference image(s), generate a kamishibai paper theater illustration in hand-painted gouache and watercolor on textured paper. Same elderly Japanese narrator (silver-gray hair, wrinkles, reassuring expression) with a calm gentle gesture suggesting 'this is a natural change.' Warm background, kamishibai frame. The character MUST appear the SAME age as the reference. NO youth reduction. No readable text. Avoid digital anime, glossy CG, photorealism, speech pose.","Very slow, subtle push-in camera motion. The elderly Japanese narrator breathes gently, eyes blinking naturally, maintaining a warm, steady, reassuring expression. Soft ambient light shifts almost imperceptibly. The atmosphere is warm, reassuring, and calm. (Silent video, no audio). No rapid movement, no speech, no lip movement, no vocalization, no mouth-open acting."
ふたつめは、水分のことです。,"Generate a kamishibai paper theater illustration in hand-painted gouache and watercolor on textured paper. Close-up of a simple Japanese glass of water on a bedside shelf beside a small alarm clock, a folded hand towel nearby. Warm morning light. Visual shorthand for 'hydration topic.' Muted warm tones, soft ochre, cream paper texture, kamishibai frame. No readable text. Avoid photorealism, digital anime, glossy CG.","Slow, intimate push-in camera motion on the object. The object remains still while fulfilling its purpose. Subtle light reflections shift slowly across the object's surface. The atmosphere is quiet and focused. (Silent video, no audio). No erratic movement, no character action."
私たちは眠っているあいだにも、呼吸や汗を通じて、水分を少しずつ失っています。,"Generate a kamishibai paper theater illustration in hand-painted gouache and watercolor on textured paper. Gentle symbolic scene: a sleeping person's silhouette with soft vapor wisps rising — representing moisture lost through breathing and sweating during sleep. Clean, calm educational visual. Muted warm tones, faded indigo night hue, cream paper grain, kamishibai frame. No readable text. Avoid photorealism, digital anime, glossy CG, alarming imagery.","Slow, subtle parallax drift camera motion. The educational symbolic elements gently float or pulse with a soft, slow rhythm. The abstract background softly shifts to provide depth. The atmosphere is clean, educational, and non-alarming. (Silent video, no audio). No rapid pulsing, no flashing, no medical horror, no jarring motion."
ひと晩でコップ一杯ぶんくらいの水分が失われることもあるそうです。,"Generate a kamishibai paper theater illustration in hand-painted gouache and watercolor on textured paper. A simple Japanese drinking glass shown next to a measuring reference — the glass about to overflow, suggesting roughly one glass worth of water lost overnight. Clean, warm educational object focus. Muted tones, cream paper, kamishibai frame. No readable text. Avoid photorealism, digital anime, glossy CG.","Slow, intimate push-in camera motion on the object. The object remains still while fulfilling its purpose. Subtle light reflections shift slowly across the object's surface. The atmosphere is quiet and focused. (Silent video, no audio). No erratic movement, no character action."
朝起きたときには、体はすこし乾いている状態になっていることがあります。,"Generate a kamishibai paper theater illustration in hand-painted gouache and watercolor on textured paper. Gentle symbolic scene: a dry sponge or wilted small plant in warm morning light — visual metaphor for the body being slightly dehydrated upon waking. Clean, warm, non-alarming educational image. Muted tones, cream paper grain, kamishibai frame. No readable text. Avoid photorealism, digital anime, glossy CG, dramatic imagery.","Slow, subtle parallax drift camera motion. The educational symbolic elements gently float or pulse with a soft, slow rhythm. The abstract background softly shifts to provide depth. The atmosphere is clean, educational, and non-alarming. (Silent video, no audio). No rapid pulsing, no flashing, no medical horror, no jarring motion."
水分が足りないと、血液の巡りにも影響しやすくなります。,"Generate a kamishibai paper theater illustration in hand-painted gouache and watercolor on textured paper. Simple symbolic scene: soft flowing lines representing blood circulation becoming thinner or slower when body water is low — calm educational metaphor for dehydration affecting circulation. Muted warm tones, cream paper, kamishibai frame. No readable text. Avoid photorealism, digital anime, glossy CG, medical horror.","Slow, subtle parallax drift camera motion. The educational symbolic elements gently float or pulse with a soft, slow rhythm. The abstract background softly shifts to provide depth. The atmosphere is clean, educational, and non-alarming. (Silent video, no audio). No rapid pulsing, no flashing, no medical horror, no jarring motion."
そうすると、ふらつきにつながる場合があるそうです。,"Generate a kamishibai paper theater illustration in hand-painted gouache and watercolor on textured paper. Continuation: the same thin flowing lines now connected to a gentle human silhouette with a subtle tilt — linking dehydration to morning unsteadiness. Clean, educational, non-alarming. Muted tones, cream paper grain, kamishibai frame. No readable text. Avoid photorealism, digital anime, glossy CG.","Slow, subtle parallax drift camera motion. The educational symbolic elements gently float or pulse with a soft, slow rhythm. The abstract background softly shifts to provide depth. The atmosphere is clean, educational, and non-alarming. (Silent video, no audio). No rapid pulsing, no flashing, no medical horror, no jarring motion."
みっつめは、バランスの感覚です。,"Generate a kamishibai paper theater illustration in hand-painted gouache and watercolor on textured paper. Gentle symbolic diagram: a simplified ear cross-section highlighting the semicircular canals, rendered in warm gouache tones. The inner-ear area glows softly with warm colors to show its role in balance. Clean educational visual. Muted tones, cream paper, kamishibai frame. No readable text. Avoid photorealism, digital anime, glossy CG, medical horror.","Slow, subtle parallax drift camera motion. The educational symbolic elements gently float or pulse with a soft, slow rhythm. The abstract background softly shifts to provide depth. The atmosphere is clean, educational, and non-alarming. (Silent video, no audio). No rapid pulsing, no flashing, no medical horror, no jarring motion."
耳の奥にある三半規管という部分が、体の傾きやバランスを感じ取っています。,"Generate a kamishibai paper theater illustration in hand-painted gouache and watercolor on textured paper. Gentle symbolic scene: a pair of feet (showing slight age — thicker skin, broader shape) standing on a floor surface, with soft wavy lines emanating from the soles to suggest sensory feedback. Clean educational metaphor for foot-sole balance sense. Muted warm tones, cream paper grain, kamishibai frame. No readable text. Avoid photorealism, digital anime, glossy CG.","Slow, subtle parallax drift camera motion. The educational symbolic elements gently float or pulse with a soft, slow rhythm. The abstract background softly shifts to provide depth. The atmosphere is clean, educational, and non-alarming. (Silent video, no audio). No rapid pulsing, no flashing, no medical horror, no jarring motion."
足の裏の感覚も、立つときの安定を支えてくれています。,"Generate a kamishibai paper theater illustration in hand-painted gouache and watercolor on textured paper. Gentle symbolic scene: a soft gradient timeline showing sensory signals (small wavy lines) becoming slightly fainter or slower with a gentle arrow suggesting age-related change over time. Clean, non-alarming educational visual. Muted warm tones, cream paper, kamishibai frame. No readable text. Avoid photorealism, digital anime, glossy CG, ageist imagery.","Slow, subtle parallax drift camera motion. The educational symbolic elements gently float or pulse with a soft, slow rhythm. The abstract background softly shifts to provide depth. The atmosphere is clean, educational, and non-alarming. (Silent video, no audio). No rapid pulsing, no flashing, no medical horror, no jarring motion."
こうした感覚は、年齢とともにゆっくりと変化していきます。,"Generate a kamishibai paper theater illustration in hand-painted gouache and watercolor on textured paper. Gentle symbolic scene: a sleeping elderly person's silhouette with the semicircular canals and foot soles shown in gentle glow but dimmed — suggesting these senses are not yet fully awake in the early morning. Calm dawn colors. Muted tones, cream paper grain, kamishibai frame. No readable text. Avoid photorealism, digital anime, glossy CG.","Slow, subtle parallax drift camera motion. The educational symbolic elements gently float or pulse with a soft, slow rhythm. The abstract background softly shifts to provide depth. The atmosphere is clean, educational, and non-alarming. (Silent video, no audio). No rapid pulsing, no flashing, no medical horror, no jarring motion."
朝いちばんは、この感覚もまだ十分に目覚めていないことがあるんですね。,"Using the provided reference image(s), generate a kamishibai paper theater illustration in hand-painted gouache and watercolor on textured paper. Same elderly Japanese narrator (silver-gray hair, wrinkles, warm reassuring smile) with a gentle calming gesture — hands gently open as if saying 'the body just hasn't said good morning yet.' Warm background, kamishibai frame. The character MUST appear the SAME age as the reference. NO youth reduction. No readable text. Avoid digital anime, glossy CG, photorealism, speech pose.","Very slow, subtle push-in camera motion. The elderly Japanese narrator breathes gently, eyes blinking naturally, maintaining a warm, steady, reassuring expression. Soft ambient light shifts almost imperceptibly. The atmosphere is warm, reassuring, and calm. (Silent video, no audio). No rapid movement, no speech, no lip movement, no vocalization, no mouth-open acting."
つまり、何か悪いことが起きているというよりも、体がまだ「おはよう」に追いついていない。,"Using the provided reference image(s), generate a kamishibai paper theater illustration in hand-painted gouache and watercolor on textured paper. Same elderly Japanese narrator (silver-gray hair, wrinkles, kind eyes) with a soft, encouraging expression — conveying reassurance and comfort. Warm background, kamishibai frame. The character MUST appear the SAME age as the reference. NO youth reduction. No readable text. Avoid digital anime, glossy CG, photorealism, speech pose.","Very slow, subtle push-in camera motion. The elderly Japanese narrator breathes gently, eyes blinking naturally, maintaining a warm, steady, reassuring expression. Soft ambient light shifts almost imperceptibly. The atmosphere is warm, reassuring, and calm. (Silent video, no audio). No rapid movement, no speech, no lip movement, no vocalization, no mouth-open acting."
そんなふうに考えると、すこし安心しませんか。,"Using the provided reference image(s), generate a kamishibai paper theater illustration in hand-painted gouache and watercolor on textured paper. Same elderly Japanese narrator (silver-gray hair, wrinkles) with a gentle cautionary expression and one hand raised slightly — conveying 'but not all dizziness is the same.' Warm background, kamishibai frame. The character MUST appear the SAME age as the reference. NO youth reduction. No readable text. Avoid digital anime, glossy CG, photorealism, speech pose.","Very slow, subtle push-in camera motion. The elderly Japanese narrator breathes gently, eyes blinking naturally, maintaining a warm, steady, reassuring expression. Soft ambient light shifts almost imperceptibly. The atmosphere is warm, reassuring, and calm. (Silent video, no audio). No rapid movement, no speech, no lip movement, no vocalization, no mouth-open acting."
ただし、すべてのふらつきが同じ原因とは限りません。,"Using the provided reference image(s), generate a kamishibai paper theater illustration in hand-painted gouache and watercolor on textured paper. Same elderly Japanese narrator (silver-gray hair, wrinkles) with a thoughtful expression and gently clasped hands — conveying that various factors like medications and health conditions may play a role. Warm background, kamishibai frame. The character MUST appear the SAME age as the reference. NO youth reduction. No readable text. Avoid digital anime, glossy CG, photorealism, speech pose.","Very slow, subtle push-in camera motion. The elderly Japanese narrator breathes gently, eyes blinking naturally, maintaining a warm, steady, reassuring expression. Soft ambient light shifts almost imperceptibly. The atmosphere is warm, reassuring, and calm. (Silent video, no audio). No rapid movement, no speech, no lip movement, no vocalization, no mouth-open acting."
人によって、体の状態やお薬の影響など、さまざまな要因が関わっています。,"Using the provided reference image(s), generate a kamishibai paper theater illustration in hand-painted gouache and watercolor on textured paper. Same elderly Japanese narrator (silver-gray hair, wrinkles, gentle wisdom in expression) with a small open-hand gesture — conveying 'please take this as one perspective.' Warm background, kamishibai frame. The character MUST appear the SAME age as the reference. NO youth reduction. No readable text. Avoid digital anime, glossy CG, photorealism, speech pose.","Very slow, subtle push-in camera motion. The elderly Japanese narrator breathes gently, eyes blinking naturally, maintaining a warm, steady, reassuring expression. Soft ambient light shifts almost imperceptibly. The atmosphere is warm, reassuring, and calm. (Silent video, no audio). No rapid movement, no speech, no lip movement, no vocalization, no mouth-open acting."
あくまで「こういう仕組みが関わっていることがある」という、ひとつの見方としてお聞きください。,"Generate a kamishibai paper theater illustration in hand-painted gouache and watercolor on textured paper. Same elderly Japanese woman Haruko (silver-gray hair, wrinkles, thoughtful expression) sitting on her futon in the morning, looking as if she has decided to try something different. Same tatami room, soft morning light. Muted warm tones, cream paper, kamishibai frame. No readable text. Avoid photorealism, digital anime, glossy CG, youth drift.","Gentle, observing static shot with a very subtle pan. The elderly woman moves with slow, deliberate micro-movements, her hands shifting slightly and posture adjusting naturally. Dust motes drift softly in the warm light; subtle fabric movement. The atmosphere is serene, lived-in, and peaceful. (Silent video, no audio). No sudden movements, no speech, no lip sync, no dramatic falls or action."
さて、はるこさんは、このことを知ってから、朝の動き方をすこし変えてみたそうです。,"Generate a kamishibai paper theater illustration in hand-painted gouache and watercolor on textured paper. Same elderly Japanese woman (silver-gray hair, wrinkles) sitting upright in futon, looking slightly hurried as if about to spring up quickly — representing the old habit. Same tatami room, morning light. Muted warm tones, cream paper grain, kamishibai frame. No readable text. Avoid photorealism, digital anime, glossy CG, youth drift.","Gentle, observing static shot with a very subtle pan. The elderly woman moves with slow, deliberate micro-movements, her hands shifting slightly and posture adjusting naturally. Dust motes drift softly in the warm light; subtle fabric movement. The atmosphere is serene, lived-in, and peaceful. (Silent video, no audio). No sudden movements, no speech, no lip sync, no dramatic falls or action."
以前は、目が覚めたらすぐに起き上がっていました。,"Generate a kamishibai paper theater illustration in hand-painted gouache and watercolor on textured paper. Same elderly Japanese woman (silver-gray hair, wrinkles, curious expression) pausing thoughtfully in futon, hands on knees, about to try a new approach to getting up. Same tatami room, morning light. Muted warm tones, cream paper, kamishibai frame. No readable text. Avoid photorealism, digital anime, glossy CG, youth drift.","Gentle, observing static shot with a very subtle pan. The elderly woman moves with slow, deliberate micro-movements, her hands shifting slightly and posture adjusting naturally. Dust motes drift softly in the warm light; subtle fabric movement. The atmosphere is serene, lived-in, and peaceful. (Silent video, no audio). No sudden movements, no speech, no lip sync, no dramatic falls or action."
でもある日、こんなふうに試してみたそうです。,"Generate a kamishibai paper theater illustration in hand-painted gouache and watercolor on textured paper. Same elderly Japanese woman (silver-gray hair, wrinkles, relaxed) lying on her back in futon, knees gently raised and bent. Tatami floor, shoji, soft morning light. Calm, deliberate posture. Muted warm tones, cream paper grain, kamishibai frame. No readable text. Avoid photorealism, digital anime, glossy CG, youth drift, exercise imagery.","Gentle, observing static shot with a very subtle pan. The elderly woman moves with slow, deliberate micro-movements, her hands shifting slightly and posture adjusting naturally. Dust motes drift softly in the warm light; subtle fabric movement. The atmosphere is serene, lived-in, and peaceful. (Silent video, no audio). No sudden movements, no speech, no lip sync, no dramatic falls or action."
まず、横になったまま、ひざを軽く立ててみる。,"Generate a kamishibai paper theater illustration in hand-painted gouache and watercolor on textured paper. Same elderly Japanese woman (silver-gray hair, wrinkles, weathered feet visible) lying in futon, gently rotating her ankles in small circles. Close-up enough to see the foot movement. Tatami, warm morning light. Muted tones, cream paper, kamishibai frame. No readable text. Avoid photorealism, digital anime, glossy CG, youth drift.","Gentle, observing static shot with a very subtle pan. The elderly woman moves with slow, deliberate micro-movements, her hands shifting slightly and posture adjusting naturally. Dust motes drift softly in the warm light; subtle fabric movement. The atmosphere is serene, lived-in, and peaceful. (Silent video, no audio). No sudden movements, no speech, no lip sync, no dramatic falls or action."
それから足首をくるくると回して、足の先に血が巡る感覚を確かめます。,"Generate a kamishibai paper theater illustration in hand-painted gouache and watercolor on textured paper. Same elderly Japanese woman (silver-gray hair, wrinkles) rolling to her side in futon, one arm pressing down to slowly push her body up. Careful, unhurried movement. Tatami, morning light. Muted warm tones, cream paper grain, kamishibai frame. No readable text. Avoid photorealism, digital anime, glossy CG, youth drift.","Gentle, observing static shot with a very subtle pan. The elderly woman moves with slow, deliberate micro-movements, her hands shifting slightly and posture adjusting naturally. Dust motes drift softly in the warm light; subtle fabric movement. The atmosphere is serene, lived-in, and peaceful. (Silent video, no audio). No sudden movements, no speech, no lip sync, no dramatic falls or action."
次に、横向きになって、腕の力を借りながら、ゆっくり体を起こします。,"Using the provided reference image(s), generate a kamishibai paper theater illustration in hand-painted gouache and watercolor on textured paper. Same elderly Japanese narrator (silver-gray hair, wrinkles, gentle calming gesture) with a reassuring expression — conveying 'no need to rush.' Warm background, kamishibai frame. The character MUST appear the SAME age as the reference. NO youth reduction. No readable text. Avoid digital anime, glossy CG, photorealism, speech pose.","Very slow, subtle push-in camera motion. The elderly Japanese narrator breathes gently, eyes blinking naturally, maintaining a warm, steady, reassuring expression. Soft ambient light shifts almost imperceptibly. The atmosphere is warm, reassuring, and calm. (Silent video, no audio). No rapid movement, no speech, no lip movement, no vocalization, no mouth-open acting."
急がなくて大丈夫です。,"Generate a kamishibai paper theater illustration in hand-painted gouache and watercolor on textured paper. Same elderly Japanese woman (silver-gray hair, wrinkles) sitting on the edge of her futon or low bed, both feet flat on the floor, hands resting on knees, sitting quietly. Tatami, morning light. Muted warm tones, cream paper, kamishibai frame. No readable text. Avoid photorealism, digital anime, glossy CG, youth drift.","Gentle, observing static shot with a very subtle pan. The elderly woman moves with slow, deliberate micro-movements, her hands shifting slightly and posture adjusting naturally. Dust motes drift softly in the warm light; subtle fabric movement. The atmosphere is serene, lived-in, and peaceful. (Silent video, no audio). No sudden movements, no speech, no lip sync, no dramatic falls or action."
ベッドの端に腰をかけたら、足の裏を床につけて、そのまますこしだけ座っています。,"Generate a kamishibai paper theater illustration in hand-painted gouache and watercolor on textured paper. Same elderly Japanese woman (silver-gray hair, wrinkles) sitting on futon edge, eyes gently closed, sitting still for a brief moment — just three seconds of calm waiting. A sense of patience. Tatami, morning light. Muted tones, cream paper grain, kamishibai frame. No readable text. Avoid photorealism, digital anime, glossy CG, youth drift.","Gentle, observing static shot with a very subtle pan. The elderly woman moves with slow, deliberate micro-movements, her hands shifting slightly and posture adjusting naturally. Dust motes drift softly in the warm light; subtle fabric movement. The atmosphere is serene, lived-in, and peaceful. (Silent video, no audio). No sudden movements, no speech, no lip sync, no dramatic falls or action."
3秒くらい、静かに座っているだけでいいそうです。,"Generate a kamishibai paper theater illustration in hand-painted gouache and watercolor on textured paper. Same elderly Japanese woman (silver-gray hair, wrinkles) still seated on futon edge, calm expression, body relaxed — waiting for blood pressure and balance to settle naturally. Tatami, brighter morning light. Muted warm tones, cream paper, kamishibai frame. No readable text. Avoid photorealism, digital anime, glossy CG, youth drift.","Gentle, observing static shot with a very subtle pan. The elderly woman moves with slow, deliberate micro-movements, her hands shifting slightly and posture adjusting naturally. Dust motes drift softly in the warm light; subtle fabric movement. The atmosphere is serene, lived-in, and peaceful. (Silent video, no audio). No sudden movements, no speech, no lip sync, no dramatic falls or action."
血圧やバランスが落ち着くのを、体が自然に整えてくれるのを待ちます。,"Generate a kamishibai paper theater illustration in hand-painted gouache and watercolor on textured paper. Same elderly Japanese woman (silver-gray hair, wrinkles, calm confident expression) beginning to stand up slowly from the futon edge, one hand gently on a nearby shelf or wall for support. Tatami, morning light now bright. Muted warm tones, cream paper grain, kamishibai frame. No readable text. Avoid photorealism, digital anime, glossy CG, youth drift.","Gentle, observing static shot with a very subtle pan. The elderly woman moves with slow, deliberate micro-movements, her hands shifting slightly and posture adjusting naturally. Dust motes drift softly in the warm light; subtle fabric movement. The atmosphere is serene, lived-in, and peaceful. (Silent video, no audio). No sudden movements, no speech, no lip sync, no dramatic falls or action."
体が安定したかなと感じてから、そっと立ち上がる。,"Generate a kamishibai paper theater illustration in hand-painted gouache and watercolor on textured paper. Same elderly Japanese woman (silver-gray hair, wrinkles, warm small smile) now standing in her Japanese bedroom, looking content and grounded. Morning light fills the room. A feeling of 'saying good morning to the body.' Muted warm tones, cream paper, kamishibai frame. No readable text. Avoid photorealism, digital anime, glossy CG, youth drift.","Gentle, observing static shot with a very subtle pan. The elderly woman moves with slow, deliberate micro-movements, her hands shifting slightly and posture adjusting naturally. Dust motes drift softly in the warm light; subtle fabric movement. The atmosphere is serene, lived-in, and peaceful. (Silent video, no audio). No sudden movements, no speech, no lip sync, no dramatic falls or action."
はるこさんは、これを「体におはようを言ってからにする」と言っていました。,"Using the provided reference image(s), generate a kamishibai paper theater illustration in hand-painted gouache and watercolor on textured paper. Same elderly Japanese narrator (silver-gray hair, wrinkles, kind smile) conveying 'it takes a little extra effort, but it's worth it.' Warm background, kamishibai frame. The character MUST appear the SAME age as the reference. NO youth reduction. No readable text. Avoid digital anime, glossy CG, photorealism, speech pose.","Very slow, subtle push-in camera motion. The elderly Japanese narrator breathes gently, eyes blinking naturally, maintaining a warm, steady, reassuring expression. Soft ambient light shifts almost imperceptibly. The atmosphere is warm, reassuring, and calm. (Silent video, no audio). No rapid movement, no speech, no lip movement, no vocalization, no mouth-open acting."
すこしだけ手間はかかります。,"Using the provided reference image(s), generate a kamishibai paper theater illustration in hand-painted gouache and watercolor on textured paper. Same elderly Japanese narrator (silver-gray hair, wrinkles, gentle encouraging expression) conveying that mornings can become easier with this small adjustment. Warm background, kamishibai frame. The character MUST appear the SAME age as the reference. NO youth reduction. No readable text. Avoid digital anime, glossy CG, photorealism, speech pose.","Very slow, subtle push-in camera motion. The elderly Japanese narrator breathes gently, eyes blinking naturally, maintaining a warm, steady, reassuring expression. Soft ambient light shifts almost imperceptibly. The atmosphere is warm, reassuring, and calm. (Silent video, no audio). No rapid movement, no speech, no lip movement, no vocalization, no mouth-open acting."
でも、朝の動き出しが楽になることがあるそうです。,"Using the provided reference image(s), generate a kamishibai paper theater illustration in hand-painted gouache and watercolor on textured paper. Same elderly Japanese narrator (silver-gray hair, wrinkles, calm patient expression) with a gentle 'take your time' body language — one hand gently patting the air downward. Warm background, kamishibai frame. The character MUST appear the SAME age as the reference. NO youth reduction. No readable text. Avoid digital anime, glossy CG, photorealism, speech pose.","Very slow, subtle push-in camera motion. The elderly Japanese narrator breathes gently, eyes blinking naturally, maintaining a warm, steady, reassuring expression. Soft ambient light shifts almost imperceptibly. The atmosphere is warm, reassuring, and calm. (Silent video, no audio). No rapid movement, no speech, no lip movement, no vocalization, no mouth-open acting."
焦らず、自分のペースで試してみるのがいいかもしれませんね。,"Using the provided reference image(s), generate a kamishibai paper theater illustration in hand-painted gouache and watercolor on textured paper. Same elderly Japanese narrator (silver-gray hair, wrinkles, lightly raised finger) conveying 'there's one more thing Haruko started doing.' Warm background, kamishibai frame. The character MUST appear the SAME age as the reference. NO youth reduction. No readable text. Avoid digital anime, glossy CG, photorealism, speech pose.","Very slow, subtle push-in camera motion. The elderly Japanese narrator breathes gently, eyes blinking naturally, maintaining a warm, steady, reassuring expression. Soft ambient light shifts almost imperceptibly. The atmosphere is warm, reassuring, and calm. (Silent video, no audio). No rapid movement, no speech, no lip movement, no vocalization, no mouth-open acting."
もうひとつ、はるこさんが始めたことがあります。,"Generate a kamishibai paper theater illustration in hand-painted gouache and watercolor on textured paper. Same elderly Japanese woman Haruko (silver-gray hair, wrinkles, weathered hands) placing a glass of water on her bedside shelf before going to sleep. Japanese bedroom, dim warm evening light, futon prepared. Muted warm tones, cream paper texture, kamishibai frame. No readable text. Avoid photorealism, digital anime, glossy CG, youth drift.","Gentle, observing static shot with a very subtle pan. The elderly woman moves with slow, deliberate micro-movements, her hands shifting slightly and posture adjusting naturally. Dust motes drift softly in the warm light; subtle fabric movement. The atmosphere is serene, lived-in, and peaceful. (Silent video, no audio). No sudden movements, no speech, no lip sync, no dramatic falls or action."
寝る前に、枕元にコップ一杯のお水を用意しておくことにしたそうです。,"Generate a kamishibai paper theater illustration in hand-painted gouache and watercolor on textured paper. Same elderly Japanese woman (silver-gray hair, wrinkles) sitting on the futon edge in morning, holding a glass of water with both weathered hands, taking a small sip. Tatami, morning light. Gentle, calm moment. Muted warm tones, cream paper grain, kamishibai frame. No readable text. Avoid photorealism, digital anime, glossy CG, youth drift.","Gentle, observing static shot with a very subtle pan. The elderly woman moves with slow, deliberate micro-movements, her hands shifting slightly and posture adjusting naturally. Dust motes drift softly in the warm light; subtle fabric movement. The atmosphere is serene, lived-in, and peaceful. (Silent video, no audio). No sudden movements, no speech, no lip sync, no dramatic falls or action."
朝、ベッドの端に座ったまま、ひとくち、ふたくちと飲みます。,"Generate a kamishibai paper theater illustration in hand-painted gouache and watercolor on textured paper. Same glass of water on the bedside shelf, half full — no pressure to finish. Simple, warm still-life focus. Japanese bedroom, warm morning light. Muted tones, cream paper, kamishibai frame. No readable text. Avoid photorealism, digital anime, glossy CG.","Gentle, observing static shot with a very subtle pan. The elderly woman moves with slow, deliberate micro-movements, her hands shifting slightly and posture adjusting naturally. Dust motes drift softly in the warm light; subtle fabric movement. The atmosphere is serene, lived-in, and peaceful. (Silent video, no audio). No sudden movements, no speech, no lip sync, no dramatic falls or action."
量は決めていません。,"Generate a kamishibai paper theater illustration in hand-painted gouache and watercolor on textured paper. Same elderly Japanese woman (silver-gray hair, wrinkles) sitting on futon edge, glass in hand, sometimes drinking just a sip, sometimes more — no strict rule. Relaxed, personal moment. Japanese bedroom, morning light. Muted tones, cream paper grain, kamishibai frame. No readable text. Avoid photorealism, digital anime, glossy CG, youth drift.","Gentle, observing static shot with a very subtle pan. The elderly woman moves with slow, deliberate micro-movements, her hands shifting slightly and posture adjusting naturally. Dust motes drift softly in the warm light; subtle fabric movement. The atmosphere is serene, lived-in, and peaceful. (Silent video, no audio). No sudden movements, no speech, no lip sync, no dramatic falls or action."
そのときの気分で、少しだけ飲むこともあれば、半分くらい飲むこともあります。,"Using the provided reference image(s), generate a kamishibai paper theater illustration in hand-painted gouache and watercolor on textured paper. Same elderly Japanese narrator (silver-gray hair, wrinkles, reassuring expression) with a gentle shrug — conveying 'no need to force yourself to finish.' Warm background, kamishibai frame. The character MUST appear the SAME age as the reference. NO youth reduction. No readable text. Avoid digital anime, glossy CG, photorealism, speech pose.","Very slow, subtle push-in camera motion. The elderly Japanese narrator breathes gently, eyes blinking naturally, maintaining a warm, steady, reassuring expression. Soft ambient light shifts almost imperceptibly. The atmosphere is warm, reassuring, and calm. (Silent video, no audio). No rapid movement, no speech, no lip movement, no vocalization, no mouth-open acting."
無理に飲み干す必要はないそうです。,"Generate a kamishibai paper theater illustration in hand-painted gouache and watercolor on textured paper. Gentle symbolic scene: a small wilted plant being gently watered — a single stream of water reviving it. Visual metaphor for replenishing overnight water loss. Warm, calm educational visual. Muted tones, cream paper, kamishibai frame. No readable text. Avoid photorealism, digital anime, glossy CG.","Slow, subtle parallax drift camera motion. The educational symbolic elements gently float or pulse with a soft, slow rhythm. The abstract background softly shifts to provide depth. The atmosphere is clean, educational, and non-alarming. (Silent video, no audio). No rapid pulsing, no flashing, no medical horror, no jarring motion."
眠っているあいだに失われた水分を、ほんのすこし補ってあげる。,"Generate a kamishibai paper theater illustration in hand-painted gouache and watercolor on textured paper. Same elderly Japanese woman (silver-gray hair, wrinkles) standing and beginning her morning routine — moving more easily, a subtle sense of refreshment after the water. Japanese apartment, bright morning light. Muted warm tones, cream paper grain, kamishibai frame. No readable text. Avoid photorealism, digital anime, glossy CG, youth drift.","Gentle, observing static shot with a very subtle pan. The elderly woman moves with slow, deliberate micro-movements, her hands shifting slightly and posture adjusting naturally. Dust motes drift softly in the warm light; subtle fabric movement. The atmosphere is serene, lived-in, and peaceful. (Silent video, no audio). No sudden movements, no speech, no lip sync, no dramatic falls or action."
それだけでも、体が動き出しやすくなることがあります。,"Generate a kamishibai paper theater illustration in hand-painted gouache and watercolor on textured paper. Same elderly Japanese woman (silver-gray hair, wrinkles, small satisfied smile) holding a glass of water, looking content. Morning in her Japanese apartment. The water has become a pleasant part of her routine. Muted warm tones, cream paper, kamishibai frame. No readable text. Avoid photorealism, digital anime, glossy CG, youth drift.","Gentle, observing static shot with a very subtle pan. The elderly woman moves with slow, deliberate micro-movements, her hands shifting slightly and posture adjusting naturally. Dust motes drift softly in the warm light; subtle fabric movement. The atmosphere is serene, lived-in, and peaceful. (Silent video, no audio). No sudden movements, no speech, no lip sync, no dramatic falls or action."
はるこさんは、「朝のお水が気持ちいい」と感じるようになったそうです。,"Generate a kamishibai paper theater illustration in hand-painted gouache and watercolor on textured paper. Split composition: left side shows a glass of room-temperature water (winter), right side shows a glass with slightly cooled water and a small ice chip (summer). Seasonal water preference comparison. Muted warm tones, cream paper grain, kamishibai frame. No readable text. Avoid photorealism, digital anime, glossy CG.","Static observing shot with a very gentle push-in. The split-screen elements hold their positions while exhibiting slow, isolated micro-movements. Soft, continuous ambient light on both sides. The atmosphere is analytical and calmly educational. (Silent video, no audio). No fast transitions, no erratic movement."
冬は常温のお水、夏はすこし冷たいお水。,"Using the provided reference image(s), generate a kamishibai paper theater illustration in hand-painted gouache and watercolor on textured paper. Same elderly Japanese narrator (silver-gray hair, wrinkles, gentle nod) conveying that seasonal comfort matters — drink at whatever temperature feels right. Warm background, kamishibai frame. The character MUST appear the SAME age as the reference. NO youth reduction. No readable text. Avoid digital anime, glossy CG, photorealism, speech pose.","Very slow, subtle push-in camera motion. The elderly Japanese narrator breathes gently, eyes blinking naturally, maintaining a warm, steady, reassuring expression. Soft ambient light shifts almost imperceptibly. The atmosphere is warm, reassuring, and calm. (Silent video, no audio). No rapid movement, no speech, no lip movement, no vocalization, no mouth-open acting."
季節にあわせて、自分が心地よいと思える温度でいいんですね。,"Generate a kamishibai paper theater illustration in hand-painted gouache and watercolor on textured paper. Same elderly Japanese woman Haruko (silver-gray hair, wrinkles, thoughtful expression) sitting in her Japanese living room in the evening, looking reflective — as if noticing a connection between evening habits and morning wellbeing. Warm indoor lamp light, Japanese interior. Muted warm tones, cream paper, kamishibai frame. No readable text. Avoid photorealism, digital anime, glossy CG, youth drift.","Gentle, observing static shot with a very subtle pan. The elderly woman moves with slow, deliberate micro-movements, her hands shifting slightly and posture adjusting naturally. Dust motes drift softly in the warm light; subtle fabric movement. The atmosphere is serene, lived-in, and peaceful. (Silent video, no audio). No sudden movements, no speech, no lip sync, no dramatic falls or action."
それから、はるこさんはもうひとつ、気づいたことがありました。,"Using the provided reference image(s), generate a kamishibai paper theater illustration in hand-painted gouache and watercolor on textured paper. Same elderly Japanese narrator (silver-gray hair, wrinkles, knowing expression) with a gentle gesture connecting evening to morning — conveying that morning condition may relate to the night before. Warm background, kamishibai frame. The character MUST appear the SAME age as the reference. NO youth reduction. No readable text. Avoid digital anime, glossy CG, photorealism, speech pose.","Very slow, subtle push-in camera motion. The elderly Japanese narrator breathes gently, eyes blinking naturally, maintaining a warm, steady, reassuring expression. Soft ambient light shifts almost imperceptibly. The atmosphere is warm, reassuring, and calm. (Silent video, no audio). No rapid movement, no speech, no lip movement, no vocalization, no mouth-open acting."
朝の調子は、前の晩の過ごし方にも関係しているかもしれない、ということです。,"Generate a kamishibai paper theater illustration in hand-painted gouache and watercolor on textured paper. Split composition: left side shows an elderly person watching TV late at night (bright screen glow, slumped posture), right side shows a heavy, groggy morning. Visual contrast of late TV and sluggish awakening. Japanese living room. Muted tones, cream paper grain, kamishibai frame. No readable text. Avoid photorealism, digital anime, glossy CG, youth drift.","Static observing shot with a very gentle push-in. The split-screen elements hold their positions while exhibiting slow, isolated micro-movements. Soft, continuous ambient light on both sides. The atmosphere is analytical and calmly educational. (Silent video, no audio). No fast transitions, no erratic movement."
たとえば、夜おそくまでテレビを見ていた翌朝は、なんとなく体が重い。,"Generate a kamishibai paper theater illustration in hand-painted gouache and watercolor on textured paper. Split composition: left side shows a calm Japanese room with dimmed lighting and turned-off TV in the evening, right side shows a more refreshed, lighter morning awakening. Positive contrast. Japanese interior. Muted warm tones, cream paper, kamishibai frame. No readable text. Avoid photorealism, digital anime, glossy CG.","Static observing shot with a very gentle push-in. The split-screen elements hold their positions while exhibiting slow, isolated micro-movements. Soft, continuous ambient light on both sides. The atmosphere is analytical and calmly educational. (Silent video, no audio). No fast transitions, no erratic movement."
逆に、早めに部屋の明かりを落として、静かに過ごした翌朝は、すこし楽に起きられる。,"Generate a kamishibai paper theater illustration in hand-painted gouache and watercolor on textured paper. Same elderly Japanese woman (silver-gray hair, wrinkles, observant expression) noticing the pattern — sitting calmly, perhaps with a small notepad or a thoughtful gesture. Japanese living room, evening light. Muted tones, cream paper grain, kamishibai frame. No readable text. Avoid photorealism, digital anime, glossy CG, youth drift.","Gentle, observing static shot with a very subtle pan. The elderly woman moves with slow, deliberate micro-movements, her hands shifting slightly and posture adjusting naturally. Dust motes drift softly in the warm light; subtle fabric movement. The atmosphere is serene, lived-in, and peaceful. (Silent video, no audio). No sudden movements, no speech, no lip sync, no dramatic falls or action."
はるこさんは、そのちがいに気づいたそうです。,"Generate a kamishibai paper theater illustration in hand-painted gouache and watercolor on textured paper. Same elderly Japanese woman (silver-gray hair, wrinkles) in her Japanese living room, gently dimming a floor lamp or switching to indirect lighting. Warm, soft, transitional evening atmosphere. Muted tones, cream paper, kamishibai frame. No readable text. Avoid photorealism, digital anime, glossy CG, youth drift.","Gentle, observing static shot with a very subtle pan. The elderly woman moves with slow, deliberate micro-movements, her hands shifting slightly and posture adjusting naturally. Dust motes drift softly in the warm light; subtle fabric movement. The atmosphere is serene, lived-in, and peaceful. (Silent video, no audio). No sudden movements, no speech, no lip sync, no dramatic falls or action."
無理に早寝をするのではなく、夜の照明をすこしだけ暗くしてみました。,"Generate a kamishibai paper theater illustration in hand-painted gouache and watercolor on textured paper. Same elderly Japanese woman (silver-gray hair, wrinkles) sitting in soft indirect light, TV now off, reading a book or folding a cloth. Calm pre-sleep domestic scene. Japanese living room. Muted warm tones, cream paper grain, kamishibai frame. No readable text. Avoid photorealism, digital anime, glossy CG, youth drift.","Gentle, observing static shot with a very subtle pan. The elderly woman moves with slow, deliberate micro-movements, her hands shifting slightly and posture adjusting naturally. Dust motes drift softly in the warm light; subtle fabric movement. The atmosphere is serene, lived-in, and peaceful. (Silent video, no audio). No sudden movements, no speech, no lip sync, no dramatic falls or action."
間接照明にしたり、テレビを少し早めに消したり。,"Generate a kamishibai paper theater illustration in hand-painted gouache and watercolor on textured paper. Same elderly Japanese woman (silver-gray hair, wrinkles) putting away her tea cup in the kitchen, mindful of not drinking too much liquid too late. Japanese kitchen, evening. Muted warm tones, cream paper, kamishibai frame. No readable text. Avoid photorealism, digital anime, glossy CG, youth drift.","Gentle, observing static shot with a very subtle pan. The elderly woman moves with slow, deliberate micro-movements, her hands shifting slightly and posture adjusting naturally. Dust motes drift softly in the warm light; subtle fabric movement. The atmosphere is serene, lived-in, and peaceful. (Silent video, no audio). No sudden movements, no speech, no lip sync, no dramatic falls or action."
寝る前の水分も、あまり遅い時間に取りすぎないように気をつけたそうです。,"Generate a kamishibai paper theater illustration in hand-painted gouache and watercolor on textured paper. A dark Japanese hallway at night, dim nightlight visible, suggesting nighttime bathroom trips that disrupt sleep. Quiet, still atmosphere. Muted dark indigo and warm tones, cream paper grain, kamishibai frame. No readable text. Avoid photorealism, digital anime, glossy CG.","Slow, atmospheric pan across the quiet Japanese space. The scene remains still. Dust motes dance softly in the warm shafts of light; a faint breeze barely stirs a curtain. The atmosphere is quiet, contemplative, and still. (Silent video, no audio). No fast pans, no sudden changes, no character presence."
夜中にトイレに何度も起きると、睡眠が途切れてしまいます。,"Generate a kamishibai paper theater illustration in hand-painted gouache and watercolor on textured paper. Gentle symbolic scene: a peaceful sleeping figure silhouette with soft rhythmic waves around them — representing the body's internal rhythm being restored through sound sleep. Calm, warm educational visual. Muted tones, faded indigo, cream paper, kamishibai frame. No readable text. Avoid photorealism, digital anime, glossy CG.","Slow, subtle parallax drift camera motion. The educational symbolic elements gently float or pulse with a soft, slow rhythm. The abstract background softly shifts to provide depth. The atmosphere is clean, educational, and non-alarming. (Silent video, no audio). No rapid pulsing, no flashing, no medical horror, no jarring motion."
ぐっすり眠ることは、体の中のリズムを整えてくれます。,"Generate a kamishibai paper theater illustration in hand-painted gouache and watercolor on textured paper. Gentle symbolic scene: same sleeping figure silhouette with rhythmic waves now extending into a soft sunrise gradient — representing how stable nighttime autonomic rhythm leads to better morning condition. Muted warm tones, dawn colors, cream paper grain, kamishibai frame. No readable text. Avoid photorealism, digital anime, glossy CG.","Slow, subtle parallax drift camera motion. The educational symbolic elements gently float or pulse with a soft, slow rhythm. The abstract background softly shifts to provide depth. The atmosphere is clean, educational, and non-alarming. (Silent video, no audio). No rapid pulsing, no flashing, no medical horror, no jarring motion."
自律神経の働きが安定しやすくなり、翌朝の体の調子にもつながるそうです。,"Using the provided reference image(s), generate a kamishibai paper theater illustration in hand-painted gouache and watercolor on textured paper. Same elderly Japanese narrator (silver-gray hair, wrinkles, quietly wise expression) with a gentle insightful gesture — conveying 'morning actually begins the night before.' Warm background, kamishibai frame. The character MUST appear the SAME age as the reference. NO youth reduction. No readable text. Avoid digital anime, glossy CG, photorealism, speech pose.","Very slow, subtle push-in camera motion. The elderly Japanese narrator breathes gently, eyes blinking naturally, maintaining a warm, steady, reassuring expression. Soft ambient light shifts almost imperceptibly. The atmosphere is warm, reassuring, and calm. (Silent video, no audio). No rapid movement, no speech, no lip movement, no vocalization, no mouth-open acting."
朝というのは、実は前の晩から始まっているのかもしれませんね。,"Generate a kamishibai paper theater illustration in hand-painted gouache and watercolor on textured paper. Same elderly Japanese woman Haruko (silver-gray hair, wrinkles, calm composed expression) sitting at her low table on a calm morning, a glass of water nearby, looking settled and at peace with her routine. Japanese apartment, bright morning light. Muted warm tones, cream paper, kamishibai frame. No readable text. Avoid photorealism, digital anime, glossy CG, youth drift.","Gentle, observing static shot with a very subtle pan. The elderly woman moves with slow, deliberate micro-movements, her hands shifting slightly and posture adjusting naturally. Dust motes drift softly in the warm light; subtle fabric movement. The atmosphere is serene, lived-in, and peaceful. (Silent video, no audio). No sudden movements, no speech, no lip sync, no dramatic falls or action."
さて、はるこさんのその後のお話です。,"Using the provided reference image(s), generate a kamishibai paper theater illustration in hand-painted gouache and watercolor on textured paper. Same elderly Japanese narrator (silver-gray hair, wrinkles, honest gentle expression) conveying that the dizziness hasn't completely gone away. Warm background, kamishibai frame. The character MUST appear the SAME age as the reference. NO youth reduction. No readable text. Avoid digital anime, glossy CG, photorealism, speech pose.","Very slow, subtle push-in camera motion. The elderly Japanese narrator breathes gently, eyes blinking naturally, maintaining a warm, steady, reassuring expression. Soft ambient light shifts almost imperceptibly. The atmosphere is warm, reassuring, and calm. (Silent video, no audio). No rapid movement, no speech, no lip movement, no vocalization, no mouth-open acting."
朝のふらつきが完全になくなったわけではありません。,"Generate a kamishibai paper theater illustration in hand-painted gouache and watercolor on textured paper. Same elderly Japanese woman (silver-gray hair, wrinkles) standing in her apartment, a very faint sense of wobble but handling it calmly — hand lightly touching a shelf, no alarm. Bright morning. Muted warm tones, cream paper grain, kamishibai frame. No readable text. Avoid photorealism, digital anime, glossy CG, youth drift.","Gentle, observing static shot with a very subtle pan. The elderly woman moves with slow, deliberate micro-movements, her hands shifting slightly and posture adjusting naturally. Dust motes drift softly in the warm light; subtle fabric movement. The atmosphere is serene, lived-in, and peaceful. (Silent video, no audio). No sudden movements, no speech, no lip sync, no dramatic falls or action."
ときどき、すこしだけ揺れる感覚はあるそうです。,"Generate a kamishibai paper theater illustration in hand-painted gouache and watercolor on textured paper. Same elderly Japanese woman (silver-gray hair, wrinkles, relaxed expression) going about her morning with more ease — less tension in her posture than before, a quiet confidence. Japanese apartment, warm light. Muted tones, cream paper, kamishibai frame. No readable text. Avoid photorealism, digital anime, glossy CG, youth drift.","Gentle, observing static shot with a very subtle pan. The elderly woman moves with slow, deliberate micro-movements, her hands shifting slightly and posture adjusting naturally. Dust motes drift softly in the warm light; subtle fabric movement. The atmosphere is serene, lived-in, and peaceful. (Silent video, no audio). No sudden movements, no speech, no lip sync, no dramatic falls or action."
でも、以前のように「またか」と不安になることは、ずいぶん減りました。,"Generate a kamishibai paper theater illustration in hand-painted gouache and watercolor on textured paper. Same elderly Japanese woman (silver-gray hair, wrinkles, gentle inner calm) standing by her bedroom window, hands relaxed at sides, breathing in the morning. Her own morning routine now feels natural and reassuring. Japanese apartment, bright warm light. Muted tones, cream paper grain, kamishibai frame. No readable text. Avoid photorealism, digital anime, glossy CG, youth drift.","Gentle, observing static shot with a very subtle pan. The elderly woman moves with slow, deliberate micro-movements, her hands shifting slightly and posture adjusting naturally. Dust motes drift softly in the warm light; subtle fabric movement. The atmosphere is serene, lived-in, and peaceful. (Silent video, no audio). No sudden movements, no speech, no lip sync, no dramatic falls or action."
自分なりの朝の流れができたことで、気持ちにもすこし余裕が生まれたようです。,"Generate a kamishibai paper theater illustration in hand-painted gouache and watercolor on textured paper. Same elderly Japanese woman (silver-gray hair, wrinkles) looking out window, a faint peaceful smile — the fear of waking up has faded, replaced by a sense of quiet accomplishment. Morning light on her face. Muted warm tones, cream paper, kamishibai frame. No readable text. Avoid photorealism, digital anime, glossy CG, youth drift.","Gentle, observing static shot with a very subtle pan. The elderly woman moves with slow, deliberate micro-movements, her hands shifting slightly and posture adjusting naturally. Dust motes drift softly in the warm light; subtle fabric movement. The atmosphere is serene, lived-in, and peaceful. (Silent video, no audio). No sudden movements, no speech, no lip sync, no dramatic falls or action."
「起きるのが怖い」という感覚が薄れて、「今日も静かに始められた」と思えるようになった。,"Using the provided reference image(s), generate a kamishibai paper theater illustration in hand-painted gouache and watercolor on textured paper. Same elderly Japanese narrator (silver-gray hair, wrinkles, quietly honest expression) conveying 'it wasn't a dramatic change.' Warm background, kamishibai frame. The character MUST appear the SAME age as the reference. NO youth reduction. No readable text. Avoid digital anime, glossy CG, photorealism, speech pose.","Very slow, subtle push-in camera motion. The elderly Japanese narrator breathes gently, eyes blinking naturally, maintaining a warm, steady, reassuring expression. Soft ambient light shifts almost imperceptibly. The atmosphere is warm, reassuring, and calm. (Silent video, no audio). No rapid movement, no speech, no lip movement, no vocalization, no mouth-open acting."
劇的に変わったわけではありません。,"Generate a kamishibai paper theater illustration in hand-painted gouache and watercolor on textured paper. A peaceful Japanese morning scene — light curtains gently catching breeze from a slightly open window, a simple flower vase on a shelf, the room bathed in soft warm light. Serene domestic atmosphere. Muted warm tones, cream paper grain, kamishibai frame. No readable text. Avoid photorealism, digital anime, glossy CG.","Slow, atmospheric pan across the quiet Japanese space. The scene remains still. Dust motes dance softly in the warm shafts of light; a faint breeze barely stirs a curtain. The atmosphere is quiet, contemplative, and still. (Silent video, no audio). No fast pans, no sudden changes, no character presence."
でも、朝がすこしだけ、穏やかになった。,"Using the provided reference image(s), generate a kamishibai paper theater illustration in hand-painted gouache and watercolor on textured paper. Same elderly Japanese narrator (silver-gray hair, wrinkles, warm gentle smile) conveying Haruko's quiet satisfaction — 'she told me mornings became a little more peaceful.' Warm background, kamishibai frame. The character MUST appear the SAME age as the reference. NO youth reduction. No readable text. Avoid digital anime, glossy CG, photorealism, speech pose.","Very slow, subtle push-in camera motion. The elderly Japanese narrator breathes gently, eyes blinking naturally, maintaining a warm, steady, reassuring expression. Soft ambient light shifts almost imperceptibly. The atmosphere is warm, reassuring, and calm. (Silent video, no audio). No rapid movement, no speech, no lip movement, no vocalization, no mouth-open acting."
はるこさんは、そう話してくれました。,"Using the provided reference image(s), generate a kamishibai paper theater illustration in hand-painted gouache and watercolor on textured paper. Same elderly Japanese narrator (silver-gray hair, wrinkles, serious but gentle expression) with both hands clasped, conveying 'there is something important to share.' Warm background, kamishibai frame. The character MUST appear the SAME age as the reference. NO youth reduction. No readable text. Avoid digital anime, glossy CG, photorealism, speech pose.","Very slow, subtle push-in camera motion. The elderly Japanese narrator breathes gently, eyes blinking naturally, maintaining a warm, steady, reassuring expression. Soft ambient light shifts almost imperceptibly. The atmosphere is warm, reassuring, and calm. (Silent video, no audio). No rapid movement, no speech, no lip movement, no vocalization, no mouth-open acting."
ここで、ひとつ大切なことをお伝えさせてください。,"Using the provided reference image(s), generate a kamishibai paper theater illustration in hand-painted gouache and watercolor on textured paper. Same elderly Japanese narrator (silver-gray hair, wrinkles, gentle informative expression) with a calm open hand, conveying that today's story was about small daily adjustments. Warm background, kamishibai frame. The character MUST appear the SAME age as the reference. NO youth reduction. No readable text. Avoid digital anime, glossy CG, photorealism, speech pose.","Very slow, subtle push-in camera motion. The elderly Japanese narrator breathes gently, eyes blinking naturally, maintaining a warm, steady, reassuring expression. Soft ambient light shifts almost imperceptibly. The atmosphere is warm, reassuring, and calm. (Silent video, no audio). No rapid movement, no speech, no lip movement, no vocalization, no mouth-open acting."
今日のお話は、朝の暮らしの中の、ちょっとした見直しについてでした。,"Using the provided reference image(s), generate a kamishibai paper theater illustration in hand-painted gouache and watercolor on textured paper. Same elderly Japanese narrator (silver-gray hair, wrinkles, caring concerned expression) with a gentle but earnest gesture — conveying 'if dizziness continues every morning, please consult your doctor.' Warm background, kamishibai frame. The character MUST appear the SAME age as the reference. NO youth reduction. No readable text. Avoid digital anime, glossy CG, photorealism, speech pose.","Very slow, subtle push-in camera motion. The elderly Japanese narrator breathes gently, eyes blinking naturally, maintaining a warm, steady, reassuring expression. Soft ambient light shifts almost imperceptibly. The atmosphere is warm, reassuring, and calm. (Silent video, no audio). No rapid movement, no speech, no lip movement, no vocalization, no mouth-open acting."
けれど、もしふらつきが毎朝のように続いている場合は、かかりつけ医にご相談ください。,"Using the provided reference image(s), generate a kamishibai paper theater illustration in hand-painted gouache and watercolor on textured paper. Same elderly Japanese narrator (silver-gray hair, wrinkles, earnest expression) with a small confirming nod — conveying that the same applies for strong rotational vertigo. Warm background, kamishibai frame. The character MUST appear the SAME age as the reference. NO youth reduction. No readable text. Avoid digital anime, glossy CG, photorealism, speech pose.","Very slow, subtle push-in camera motion. The elderly Japanese narrator breathes gently, eyes blinking naturally, maintaining a warm, steady, reassuring expression. Soft ambient light shifts almost imperceptibly. The atmosphere is warm, reassuring, and calm. (Silent video, no audio). No rapid movement, no speech, no lip movement, no vocalization, no mouth-open acting."
ぐるぐる回るような強いめまいがあるときも、同じです。,"Using the provided reference image(s), generate a kamishibai paper theater illustration in hand-painted gouache and watercolor on textured paper. Same elderly Japanese narrator (silver-gray hair, wrinkles, helpful expression) with a gentle informative gesture — conveying that ENT or internal medicine clinics are good first points of contact. Warm background, kamishibai frame. The character MUST appear the SAME age as the reference. NO youth reduction. No readable text. Avoid digital anime, glossy CG, photorealism, speech pose.","Very slow, subtle push-in camera motion. The elderly Japanese narrator breathes gently, eyes blinking naturally, maintaining a warm, steady, reassuring expression. Soft ambient light shifts almost imperceptibly. The atmosphere is warm, reassuring, and calm. (Silent video, no audio). No rapid movement, no speech, no lip movement, no vocalization, no mouth-open acting."
耳鼻咽喉科や内科が、まず相談しやすい窓口です。,"Using the provided reference image(s), generate a kamishibai paper theater illustration in hand-painted gouache and watercolor on textured paper. Same elderly Japanese narrator (silver-gray hair, wrinkles, firm but caring expression) with a cautionary gentle hand gesture — conveying 'please do not stop your blood pressure medication on your own.' Warm background, kamishibai frame. The character MUST appear the SAME age as the reference. NO youth reduction. No readable text. Avoid digital anime, glossy CG, photorealism, speech pose.","Very slow, subtle push-in camera motion. The elderly Japanese narrator breathes gently, eyes blinking naturally, maintaining a warm, steady, reassuring expression. Soft ambient light shifts almost imperceptibly. The atmosphere is warm, reassuring, and calm. (Silent video, no audio). No rapid movement, no speech, no lip movement, no vocalization, no mouth-open acting."
血圧のお薬を飲んでいる方で、めまいが気になるときは、自分の判断でお薬をやめたりしないでください。,"Using the provided reference image(s), generate a kamishibai paper theater illustration in hand-painted gouache and watercolor on textured paper. Same elderly Japanese narrator (silver-gray hair, wrinkles, trustworthy expression) with a gentle encouraging nod — conveying 'tell your doctor or pharmacist honestly.' Warm background, kamishibai frame. The character MUST appear the SAME age as the reference. NO youth reduction. No readable text. Avoid digital anime, glossy CG, photorealism, speech pose.","Very slow, subtle push-in camera motion. The elderly Japanese narrator breathes gently, eyes blinking naturally, maintaining a warm, steady, reassuring expression. Soft ambient light shifts almost imperceptibly. The atmosphere is warm, reassuring, and calm. (Silent video, no audio). No rapid movement, no speech, no lip movement, no vocalization, no mouth-open acting."
先生や薬剤師さんに、そのまま正直にお話しするのがいちばんです。,"Using the provided reference image(s), generate a kamishibai paper theater illustration in hand-painted gouache and watercolor on textured paper. Same elderly Japanese narrator (silver-gray hair, wrinkles, urgent but gentle expression) with both hands slightly raised — conveying 'if numbness, speech difficulty, or severe headache accompanies dizziness, seek medical attention promptly.' Warm background, kamishibai frame. The character MUST appear the SAME age as the reference. NO youth reduction. No readable text. Avoid digital anime, glossy CG, photorealism, speech pose.","Very slow, subtle push-in camera motion. The elderly Japanese narrator breathes gently, eyes blinking naturally, maintaining a warm, steady, reassuring expression. Soft ambient light shifts almost imperceptibly. The atmosphere is warm, reassuring, and calm. (Silent video, no audio). No rapid movement, no speech, no lip movement, no vocalization, no mouth-open acting."
もし、めまいとあわせて、手足のしびれや、言葉が出にくい感じ、強い頭痛がある場合は、急いで医療機関を受診なさってください。,"Using the provided reference image(s), generate a kamishibai paper theater illustration in hand-painted gouache and watercolor on textured paper. Same elderly Japanese narrator (silver-gray hair, wrinkles, gently concerned expression) conveying that such symptoms may be a sign the body needs more help. Warm background, kamishibai frame. The character MUST appear the SAME age as the reference. NO youth reduction. No readable text. Avoid digital anime, glossy CG, photorealism, speech pose.","Very slow, subtle push-in camera motion. The elderly Japanese narrator breathes gently, eyes blinking naturally, maintaining a warm, steady, reassuring expression. Soft ambient light shifts almost imperceptibly. The atmosphere is warm, reassuring, and calm. (Silent video, no audio). No rapid movement, no speech, no lip movement, no vocalization, no mouth-open acting."
こうした症状は、体がもうすこし助けを必要としているサインかもしれません。,"Using the provided reference image(s), generate a kamishibai paper theater illustration in hand-painted gouache and watercolor on textured paper. Same elderly Japanese narrator (silver-gray hair, wrinkles, warm open expression) with a gentle beckoning gesture — conveying 'you don't need to hold back.' Warm background, kamishibai frame. The character MUST appear the SAME age as the reference. NO youth reduction. No readable text. Avoid digital anime, glossy CG, photorealism, speech pose.","Very slow, subtle push-in camera motion. The elderly Japanese narrator breathes gently, eyes blinking naturally, maintaining a warm, steady, reassuring expression. Soft ambient light shifts almost imperceptibly. The atmosphere is warm, reassuring, and calm. (Silent video, no audio). No rapid movement, no speech, no lip movement, no vocalization, no mouth-open acting."
遠慮することはありません。,"Using the provided reference image(s), generate a kamishibai paper theater illustration in hand-painted gouache and watercolor on textured paper. Same elderly Japanese narrator (silver-gray hair, wrinkles, reassuring warm smile) with an open, inviting gesture — conveying 'whenever something worries you, please do consult someone.' Warm background, kamishibai frame. The character MUST appear the SAME age as the reference. NO youth reduction. No readable text. Avoid digital anime, glossy CG, photorealism, speech pose.","Very slow, subtle push-in camera motion. The elderly Japanese narrator breathes gently, eyes blinking naturally, maintaining a warm, steady, reassuring expression. Soft ambient light shifts almost imperceptibly. The atmosphere is warm, reassuring, and calm. (Silent video, no audio). No rapid movement, no speech, no lip movement, no vocalization, no mouth-open acting."
気になることがあれば、いつでも相談してみましょう。,"Generate a kamishibai paper theater illustration in hand-painted gouache and watercolor on textured paper. A beautiful, peaceful Japanese morning scene — a window open to a garden, soft golden morning light streaming in, gentle green leaves visible outside, a small bird on a fence. Calm, breathing, contemplative atmosphere. Muted warm tones, cream paper grain, kamishibai frame. No readable text. Avoid photorealism, digital anime, glossy CG.","Slow, atmospheric pan across the quiet Japanese space. The scene remains still. Dust motes dance softly in the warm shafts of light; a faint breeze barely stirs a curtain. The atmosphere is quiet, contemplative, and still. (Silent video, no audio). No fast pans, no sudden changes, no character presence."
朝というのは、一日のはじまりですね。,"Generate a kamishibai paper theater illustration in hand-painted gouache and watercolor on textured paper. An elderly Japanese person (silver-gray hair, wrinkles) sitting up slowly from their futon, feet touching the floor, eyes half open in gentle morning light. A universal morning moment. Japanese bedroom. Muted warm tones, cream paper, kamishibai frame. No readable text. Avoid photorealism, digital anime, glossy CG, youth drift.","Gentle, observing static shot with a very subtle pan. The elderly woman moves with slow, deliberate micro-movements, her hands shifting slightly and posture adjusting naturally. Dust motes drift softly in the warm light; subtle fabric movement. The atmosphere is serene, lived-in, and peaceful. (Silent video, no audio). No sudden movements, no speech, no lip sync, no dramatic falls or action."
目が覚めて、ゆっくり体を起こして、足の裏が床にふれる。,"Generate a kamishibai paper theater illustration in hand-painted gouache and watercolor on textured paper. Close-up of morning light coming through a Japanese window, illuminating floating dust motes, a curtain edge gently moving. A moment of quiet breathing and stillness. Muted warm tones, soft golden light, cream paper grain, kamishibai frame. No readable text. Avoid photorealism, digital anime, glossy CG.","Slow, atmospheric pan across the quiet Japanese space. The scene remains still. Dust motes dance softly in the warm shafts of light; a faint breeze barely stirs a curtain. The atmosphere is quiet, contemplative, and still. (Silent video, no audio). No fast pans, no sudden changes, no character presence."
窓から差し込む光を感じながら、静かに呼吸をする。,"Using the provided reference image(s), generate a kamishibai paper theater illustration in hand-painted gouache and watercolor on textured paper. Same elderly Japanese narrator (silver-gray hair, wrinkles, warm tender expression) with hands gently together, conveying 'please treasure that peaceful morning time.' Warm background, kamishibai frame. The character MUST appear the SAME age as the reference. NO youth reduction. No readable text. Avoid digital anime, glossy CG, photorealism, speech pose.","Very slow, subtle push-in camera motion. The elderly Japanese narrator breathes gently, eyes blinking naturally, maintaining a warm, steady, reassuring expression. Soft ambient light shifts almost imperceptibly. The atmosphere is warm, reassuring, and calm. (Silent video, no audio). No rapid movement, no speech, no lip movement, no vocalization, no mouth-open acting."
その穏やかな時間を、そっと大切にしてみませんか。,"Using the provided reference image(s), generate a kamishibai paper theater illustration in hand-painted gouache and watercolor on textured paper. Same elderly Japanese narrator (silver-gray hair, wrinkles, gentle calming expression) with a slow, downward gesture — conveying 'no need to rush.' Warm background, kamishibai frame. The character MUST appear the SAME age as the reference. NO youth reduction. No readable text. Avoid digital anime, glossy CG, photorealism, speech pose.","Very slow, subtle push-in camera motion. The elderly Japanese narrator breathes gently, eyes blinking naturally, maintaining a warm, steady, reassuring expression. Soft ambient light shifts almost imperceptibly. The atmosphere is warm, reassuring, and calm. (Silent video, no audio). No rapid movement, no speech, no lip movement, no vocalization, no mouth-open acting."
急がなくていいんです。,"Using the provided reference image(s), generate a kamishibai paper theater illustration in hand-painted gouache and watercolor on textured paper. Same elderly Japanese narrator (silver-gray hair, wrinkles, kind encouraging smile) conveying 'start your morning at your own pace.' Warm background, kamishibai frame. The character MUST appear the SAME age as the reference. NO youth reduction. No readable text. Avoid digital anime, glossy CG, photorealism, speech pose.","Very slow, subtle push-in camera motion. The elderly Japanese narrator breathes gently, eyes blinking naturally, maintaining a warm, steady, reassuring expression. Soft ambient light shifts almost imperceptibly. The atmosphere is warm, reassuring, and calm. (Silent video, no audio). No rapid movement, no speech, no lip movement, no vocalization, no mouth-open acting."
ご自分のペースで、朝を始めてみてください。,"Using the provided reference image(s), generate a kamishibai paper theater illustration in hand-painted gouache and watercolor on textured paper. Same elderly Japanese narrator (silver-gray hair, wrinkles, warmly reassuring expression) with a gentle touch to her own chest — conveying 'someone is always here for you to talk to.' Warm background, kamishibai frame. The character MUST appear the SAME age as the reference. NO youth reduction. No readable text. Avoid digital anime, glossy CG, photorealism, speech pose.","Very slow, subtle push-in camera motion. The elderly Japanese narrator breathes gently, eyes blinking naturally, maintaining a warm, steady, reassuring expression. Soft ambient light shifts almost imperceptibly. The atmosphere is warm, reassuring, and calm. (Silent video, no audio). No rapid movement, no speech, no lip movement, no vocalization, no mouth-open acting."
もし何か気になることがあれば、いつでも相談できる方がそばにいます。,"Using the provided reference image(s), generate a kamishibai paper theater illustration in hand-painted gouache and watercolor on textured paper. Same elderly Japanese narrator (silver-gray hair, wrinkles, warm farewell expression) with hands gently together, conveying 'that's all for today's story.' Warm background, kamishibai frame. The character MUST appear the SAME age as the reference. NO youth reduction. No readable text. Avoid digital anime, glossy CG, photorealism, speech pose.","Very slow, subtle push-in camera motion. The elderly Japanese narrator breathes gently, eyes blinking naturally, maintaining a warm, steady, reassuring expression. Soft ambient light shifts almost imperceptibly. The atmosphere is warm, reassuring, and calm. (Silent video, no audio). No rapid movement, no speech, no lip movement, no vocalization, no mouth-open acting."
今日のお話は、ここまでです。,"Using the provided reference image(s), generate a kamishibai paper theater illustration in hand-painted gouache and watercolor on textured paper. Same elderly Japanese narrator (silver-gray hair, wrinkles, grateful warm smile) with a gentle bow of the head — conveying heartfelt thanks for watching. Warm background, kamishibai frame. The character MUST appear the SAME age as the reference. NO youth reduction. No readable text. Avoid digital anime, glossy CG, photorealism, speech pose.","Very slow, subtle push-in camera motion. The elderly Japanese narrator breathes gently, eyes blinking naturally, maintaining a warm, steady, reassuring expression. Soft ambient light shifts almost imperceptibly. The atmosphere is warm, reassuring, and calm. (Silent video, no audio). No rapid movement, no speech, no lip movement, no vocalization, no mouth-open acting."
ご覧いただき、ありがとうございました。,"Generate a kamishibai paper theater illustration in hand-painted gouache and watercolor on textured paper. A serene Japanese morning garden scene — soft morning light, a small bird on a branch, gentle flowers, stone path. A feeling of peaceful closure. Muted warm tones, soft ochre, gentle greens, cream paper grain, kamishibai frame. No readable text. Avoid photorealism, digital anime, glossy CG.","Slow, atmospheric pan across the quiet Japanese space. The scene remains still. Dust motes dance softly in the warm shafts of light; a faint breeze barely stirs a curtain. The atmosphere is quiet, contemplative, and still. (Silent video, no audio). No fast pans, no sudden changes, no character presence."
どうぞ、穏やかな朝をお過ごしください。,"Using the provided reference image(s), generate a kamishibai paper theater illustration in hand-painted gouache and watercolor on textured paper. Same elderly Japanese narrator (silver-gray hair, wrinkles, warm parting smile) with a gentle wave — conveying 'see you in the next story.' Warm background, kamishibai frame. The character MUST appear the SAME age as the reference. NO youth reduction. No readable text. Avoid digital anime, glossy CG, photorealism, speech pose.","Very slow, subtle push-in camera motion. The elderly Japanese narrator breathes gently, eyes blinking naturally, maintaining a warm, steady, reassuring expression. Soft ambient light shifts almost imperceptibly. The atmosphere is warm, reassuring, and calm. (Silent video, no audio). No rapid movement, no speech, no lip movement, no vocalization, no mouth-open acting."
また次のお話でお会いしましょう。,"Using the provided reference image(s), generate a kamishibai paper theater illustration in hand-painted gouache and watercolor on textured paper. Same elderly Japanese narrator (silver-gray hair, wrinkles, warm gentle smile with a soft farewell bow) with hands resting together on her lap — conveying a final warm farewell and anticipation for the next meeting. Warm fading background suggesting a kamishibai card being gently slid away, kamishibai frame. The character MUST appear the SAME age as the reference. NO youth reduction. No readable text. Avoid digital anime, glossy CG, photorealism, speech pose.","Very slow, subtle push-in camera motion. The elderly Japanese narrator breathes gently, eyes blinking naturally, maintaining a warm, steady, reassuring expression. Soft ambient light shifts almost imperceptibly. The atmosphere is warm, reassuring, and calm. (Silent video, no audio). No rapid movement, no speech, no lip movement, no vocalization, no mouth-open acting."
