unit_index,scene_group_id,scene_archetype,host_usage,visible_text_policy,prompt_mode,line_context_frame,prompt_img_nano
0,S01_opening,environment_bridge,none,no_readable_text,line_context_locked_keyframe,"{""script_text"": ""今日のおはなしは、ふらつく前にあった小さな変化の話です。"", ""scene_group_id"": ""S01_opening"", ""visual_intent"": ""A small kamishibai theater card opens to a quiet Japanese spring morning outside an older wooden house""}","kamishibai paper theater illustration, hand-painted gouache and watercolor on warm textured paper, soft pencil contour, muted warm colors, simple stage-like framed composition, Japanese domestic setting, gentle expressions, visible paper grain, no photorealism, no glossy CG, no digital anime rendering, no readable text. Scene locked to narration line: '今日のおはなしは、ふらつく前にあった小さな変化の話です。'. A small kamishibai theater card opens to a quiet Japanese spring morning outside an older wooden house. Composition should express this exact moment only, with one clear focal point and calm senior-friendly readability. Avoid dramatic falling, panic, hospital emergency imagery, red warning graphics, speech bubbles, lip-sync pose, mouth-open acting, clutter, photorealism, glossy CG."
1,S01_opening,environment_bridge,none,no_readable_text,line_context_locked_keyframe,"{""script_text"": ""大きな事故の場面ではなく、静かな朝の小さな気づきから始まります。"", ""scene_group_id"": ""S01_opening"", ""visual_intent"": ""A small kamishibai theater card opens to a quiet Japanese spring morning outside an older wooden house""}","kamishibai paper theater illustration, hand-painted gouache and watercolor on warm textured paper, soft pencil contour, muted warm colors, simple stage-like framed composition, Japanese domestic setting, gentle expressions, visible paper grain, no photorealism, no glossy CG, no digital anime rendering, no readable text. Scene locked to narration line: '大きな事故の場面ではなく、静かな朝の小さな気づきから始まります。'. A small kamishibai theater card opens to a quiet Japanese spring morning outside an older wooden house. Composition should express this exact moment only, with one clear focal point and calm senior-friendly readability. Avoid dramatic falling, panic, hospital emergency imagery, red warning graphics, speech bubbles, lip-sync pose, mouth-open acting, clutter, photorealism, glossy CG."
2,S01_opening,environment_bridge,none,no_readable_text,line_context_locked_keyframe,"{""script_text"": ""主人公は七十二歳の美智子さんです。"", ""scene_group_id"": ""S01_opening"", ""visual_intent"": ""A small kamishibai theater card opens to a quiet Japanese spring morning outside an older wooden house""}","kamishibai paper theater illustration, hand-painted gouache and watercolor on warm textured paper, soft pencil contour, muted warm colors, simple stage-like framed composition, Japanese domestic setting, gentle expressions, visible paper grain, no photorealism, no glossy CG, no digital anime rendering, no readable text. Scene locked to narration line: '主人公は七十二歳の美智子さんです。'. A small kamishibai theater card opens to a quiet Japanese spring morning outside an older wooden house. Composition should express this exact moment only, with one clear focal point and calm senior-friendly readability. Avoid dramatic falling, panic, hospital emergency imagery, red warning graphics, speech bubbles, lip-sync pose, mouth-open acting, clutter, photorealism, glossy CG."
3,S01_opening,environment_bridge,none,no_readable_text,line_context_locked_keyframe,"{""script_text"": ""ひとり暮らしですが、近くに娘さん夫婦が住んでいます。"", ""scene_group_id"": ""S01_opening"", ""visual_intent"": ""A small kamishibai theater card opens to a quiet Japanese spring morning outside an older wooden house""}","kamishibai paper theater illustration, hand-painted gouache and watercolor on warm textured paper, soft pencil contour, muted warm colors, simple stage-like framed composition, Japanese domestic setting, gentle expressions, visible paper grain, no photorealism, no glossy CG, no digital anime rendering, no readable text. Scene locked to narration line: 'ひとり暮らしですが、近くに娘さん夫婦が住んでいます。'. A small kamishibai theater card opens to a quiet Japanese spring morning outside an older wooden house. Composition should express this exact moment only, with one clear focal point and calm senior-friendly readability. Avoid dramatic falling, panic, hospital emergency imagery, red warning graphics, speech bubbles, lip-sync pose, mouth-open acting, clutter, photorealism, glossy CG."
4,S01_opening,environment_bridge,none,no_readable_text,line_context_locked_keyframe,"{""script_text"": ""美智子さんは、毎朝決まった時間に起き、台所でお湯を沸かすのが日課でした。"", ""scene_group_id"": ""S01_opening"", ""visual_intent"": ""A small kamishibai theater card opens to a quiet Japanese spring morning outside an older wooden house""}","kamishibai paper theater illustration, hand-painted gouache and watercolor on warm textured paper, soft pencil contour, muted warm colors, simple stage-like framed composition, Japanese domestic setting, gentle expressions, visible paper grain, no photorealism, no glossy CG, no digital anime rendering, no readable text. Scene locked to narration line: '美智子さんは、毎朝決まった時間に起き、台所でお湯を沸かすのが日課でした。'. A small kamishibai theater card opens to a quiet Japanese spring morning outside an older wooden house. Composition should express this exact moment only, with one clear focal point and calm senior-friendly readability. Avoid dramatic falling, panic, hospital emergency imagery, red warning graphics, speech bubbles, lip-sync pose, mouth-open acting, clutter, photorealism, glossy CG."
5,S02_michiko_morning_pillar,everyday_example,none,no_readable_text,line_context_locked_keyframe,"{""script_text"": ""その日も、春の終わりの、よく晴れた朝でした。"", ""scene_group_id"": ""S02_michiko_morning_pillar"", ""visual_intent"": ""Michiko, a 72-year-old Japanese woman with short gray hair, soft wrinkles, modest cardigan and long skirt, moves slowly from futon to hallway and gently places one hand near a wooden pillar""}","kamishibai paper theater illustration, hand-painted gouache and watercolor on warm textured paper, soft pencil contour, muted warm colors, simple stage-like framed composition, Japanese domestic setting, gentle expressions, visible paper grain, no photorealism, no glossy CG, no digital anime rendering, no readable text. Scene locked to narration line: 'その日も、春の終わりの、よく晴れた朝でした。'. Michiko, a 72-year-old Japanese woman with short gray hair, soft wrinkles, modest cardigan and long skirt, moves slowly from futon to hallway and gently places one hand near a wooden pillar. Composition should express this exact moment only, with one clear focal point and calm senior-friendly readability. Avoid dramatic falling, panic, hospital emergency imagery, red warning graphics, speech bubbles, lip-sync pose, mouth-open acting, clutter, photorealism, glossy CG."
6,S02_michiko_morning_pillar,everyday_example,none,no_readable_text,line_context_locked_keyframe,"{""script_text"": ""障子の向こうから、やわらかい光が畳に落ちていました。"", ""scene_group_id"": ""S02_michiko_morning_pillar"", ""visual_intent"": ""Michiko, a 72-year-old Japanese woman with short gray hair, soft wrinkles, modest cardigan and long skirt, moves slowly from futon to hallway and gently places one hand near a wooden pillar""}","kamishibai paper theater illustration, hand-painted gouache and watercolor on warm textured paper, soft pencil contour, muted warm colors, simple stage-like framed composition, Japanese domestic setting, gentle expressions, visible paper grain, no photorealism, no glossy CG, no digital anime rendering, no readable text. Scene locked to narration line: '障子の向こうから、やわらかい光が畳に落ちていました。'. Michiko, a 72-year-old Japanese woman with short gray hair, soft wrinkles, modest cardigan and long skirt, moves slowly from futon to hallway and gently places one hand near a wooden pillar. Composition should express this exact moment only, with one clear focal point and calm senior-friendly readability. Avoid dramatic falling, panic, hospital emergency imagery, red warning graphics, speech bubbles, lip-sync pose, mouth-open acting, clutter, photorealism, glossy CG."
7,S02_michiko_morning_pillar,everyday_example,none,no_readable_text,line_context_locked_keyframe,"{""script_text"": ""美智子さんは布団の中で目を覚まし、いつものように起き上がろうとしました。"", ""scene_group_id"": ""S02_michiko_morning_pillar"", ""visual_intent"": ""Michiko, a 72-year-old Japanese woman with short gray hair, soft wrinkles, modest cardigan and long skirt, moves slowly from futon to hallway and gently places one hand near a wooden pillar""}","kamishibai paper theater illustration, hand-painted gouache and watercolor on warm textured paper, soft pencil contour, muted warm colors, simple stage-like framed composition, Japanese domestic setting, gentle expressions, visible paper grain, no photorealism, no glossy CG, no digital anime rendering, no readable text. Scene locked to narration line: '美智子さんは布団の中で目を覚まし、いつものように起き上がろうとしました。'. Michiko, a 72-year-old Japanese woman with short gray hair, soft wrinkles, modest cardigan and long skirt, moves slowly from futon to hallway and gently places one hand near a wooden pillar. Composition should express this exact moment only, with one clear focal point and calm senior-friendly readability. Avoid dramatic falling, panic, hospital emergency imagery, red warning graphics, speech bubbles, lip-sync pose, mouth-open acting, clutter, photorealism, glossy CG."
8,S02_michiko_morning_pillar,everyday_example,none,no_readable_text,line_context_locked_keyframe,"{""script_text"": ""昔なら、すぐに立って台所へ向かっていたところです。"", ""scene_group_id"": ""S02_michiko_morning_pillar"", ""visual_intent"": ""Michiko, a 72-year-old Japanese woman with short gray hair, soft wrinkles, modest cardigan and long skirt, moves slowly from futon to hallway and gently places one hand near a wooden pillar""}","kamishibai paper theater illustration, hand-painted gouache and watercolor on warm textured paper, soft pencil contour, muted warm colors, simple stage-like framed composition, Japanese domestic setting, gentle expressions, visible paper grain, no photorealism, no glossy CG, no digital anime rendering, no readable text. Scene locked to narration line: '昔なら、すぐに立って台所へ向かっていたところです。'. Michiko, a 72-year-old Japanese woman with short gray hair, soft wrinkles, modest cardigan and long skirt, moves slowly from futon to hallway and gently places one hand near a wooden pillar. Composition should express this exact moment only, with one clear focal point and calm senior-friendly readability. Avoid dramatic falling, panic, hospital emergency imagery, red warning graphics, speech bubbles, lip-sync pose, mouth-open acting, clutter, photorealism, glossy CG."
9,S02_michiko_morning_pillar,everyday_example,none,no_readable_text,line_context_locked_keyframe,"{""script_text"": ""けれどその朝は、体がまだ眠っているように感じました。"", ""scene_group_id"": ""S02_michiko_morning_pillar"", ""visual_intent"": ""Michiko, a 72-year-old Japanese woman with short gray hair, soft wrinkles, modest cardigan and long skirt, moves slowly from futon to hallway and gently places one hand near a wooden pillar""}","kamishibai paper theater illustration, hand-painted gouache and watercolor on warm textured paper, soft pencil contour, muted warm colors, simple stage-like framed composition, Japanese domestic setting, gentle expressions, visible paper grain, no photorealism, no glossy CG, no digital anime rendering, no readable text. Scene locked to narration line: 'けれどその朝は、体がまだ眠っているように感じました。'. Michiko, a 72-year-old Japanese woman with short gray hair, soft wrinkles, modest cardigan and long skirt, moves slowly from futon to hallway and gently places one hand near a wooden pillar. Composition should express this exact moment only, with one clear focal point and calm senior-friendly readability. Avoid dramatic falling, panic, hospital emergency imagery, red warning graphics, speech bubbles, lip-sync pose, mouth-open acting, clutter, photorealism, glossy CG."
10,S02_michiko_morning_pillar,everyday_example,none,no_readable_text,line_context_locked_keyframe,"{""script_text"": ""急いでいるわけではないのに、胸の奥で、少し待ってと言われたような気がしました。"", ""scene_group_id"": ""S02_michiko_morning_pillar"", ""visual_intent"": ""Michiko, a 72-year-old Japanese woman with short gray hair, soft wrinkles, modest cardigan and long skirt, moves slowly from futon to hallway and gently places one hand near a wooden pillar""}","kamishibai paper theater illustration, hand-painted gouache and watercolor on warm textured paper, soft pencil contour, muted warm colors, simple stage-like framed composition, Japanese domestic setting, gentle expressions, visible paper grain, no photorealism, no glossy CG, no digital anime rendering, no readable text. Scene locked to narration line: '急いでいるわけではないのに、胸の奥で、少し待ってと言われたような気がしました。'. Michiko, a 72-year-old Japanese woman with short gray hair, soft wrinkles, modest cardigan and long skirt, moves slowly from futon to hallway and gently places one hand near a wooden pillar. Composition should express this exact moment only, with one clear focal point and calm senior-friendly readability. Avoid dramatic falling, panic, hospital emergency imagery, red warning graphics, speech bubbles, lip-sync pose, mouth-open acting, clutter, photorealism, glossy CG."
11,S02_michiko_morning_pillar,everyday_example,none,no_readable_text,line_context_locked_keyframe,"{""script_text"": ""美智子さんは布団の上に手をつき、ゆっくり上体を起こしました。"", ""scene_group_id"": ""S02_michiko_morning_pillar"", ""visual_intent"": ""Michiko, a 72-year-old Japanese woman with short gray hair, soft wrinkles, modest cardigan and long skirt, moves slowly from futon to hallway and gently places one hand near a wooden pillar""}","kamishibai paper theater illustration, hand-painted gouache and watercolor on warm textured paper, soft pencil contour, muted warm colors, simple stage-like framed composition, Japanese domestic setting, gentle expressions, visible paper grain, no photorealism, no glossy CG, no digital anime rendering, no readable text. Scene locked to narration line: '美智子さんは布団の上に手をつき、ゆっくり上体を起こしました。'. Michiko, a 72-year-old Japanese woman with short gray hair, soft wrinkles, modest cardigan and long skirt, moves slowly from futon to hallway and gently places one hand near a wooden pillar. Composition should express this exact moment only, with one clear focal point and calm senior-friendly readability. Avoid dramatic falling, panic, hospital emergency imagery, red warning graphics, speech bubbles, lip-sync pose, mouth-open acting, clutter, photorealism, glossy CG."
12,S02_michiko_morning_pillar,everyday_example,none,no_readable_text,line_context_locked_keyframe,"{""script_text"": ""そして廊下へ出る前に、近くの柱へそっと手を伸ばしました。"", ""scene_group_id"": ""S02_michiko_morning_pillar"", ""visual_intent"": ""Michiko, a 72-year-old Japanese woman with short gray hair, soft wrinkles, modest cardigan and long skirt, moves slowly from futon to hallway and gently places one hand near a wooden pillar""}","kamishibai paper theater illustration, hand-painted gouache and watercolor on warm textured paper, soft pencil contour, muted warm colors, simple stage-like framed composition, Japanese domestic setting, gentle expressions, visible paper grain, no photorealism, no glossy CG, no digital anime rendering, no readable text. Scene locked to narration line: 'そして廊下へ出る前に、近くの柱へそっと手を伸ばしました。'. Michiko, a 72-year-old Japanese woman with short gray hair, soft wrinkles, modest cardigan and long skirt, moves slowly from futon to hallway and gently places one hand near a wooden pillar. Composition should express this exact moment only, with one clear focal point and calm senior-friendly readability. Avoid dramatic falling, panic, hospital emergency imagery, red warning graphics, speech bubbles, lip-sync pose, mouth-open acting, clutter, photorealism, glossy CG."
13,S02_michiko_morning_pillar,everyday_example,none,no_readable_text,line_context_locked_keyframe,"{""script_text"": ""倒れたわけではありません。"", ""scene_group_id"": ""S02_michiko_morning_pillar"", ""visual_intent"": ""Michiko, a 72-year-old Japanese woman with short gray hair, soft wrinkles, modest cardigan and long skirt, moves slowly from futon to hallway and gently places one hand near a wooden pillar""}","kamishibai paper theater illustration, hand-painted gouache and watercolor on warm textured paper, soft pencil contour, muted warm colors, simple stage-like framed composition, Japanese domestic setting, gentle expressions, visible paper grain, no photorealism, no glossy CG, no digital anime rendering, no readable text. Scene locked to narration line: '倒れたわけではありません。'. Michiko, a 72-year-old Japanese woman with short gray hair, soft wrinkles, modest cardigan and long skirt, moves slowly from futon to hallway and gently places one hand near a wooden pillar. Composition should express this exact moment only, with one clear focal point and calm senior-friendly readability. Avoid dramatic falling, panic, hospital emergency imagery, red warning graphics, speech bubbles, lip-sync pose, mouth-open acting, clutter, photorealism, glossy CG."
14,S02_michiko_morning_pillar,everyday_example,none,no_readable_text,line_context_locked_keyframe,"{""script_text"": ""強いめまいがしたわけでもありません。"", ""scene_group_id"": ""S02_michiko_morning_pillar"", ""visual_intent"": ""Michiko, a 72-year-old Japanese woman with short gray hair, soft wrinkles, modest cardigan and long skirt, moves slowly from futon to hallway and gently places one hand near a wooden pillar""}","kamishibai paper theater illustration, hand-painted gouache and watercolor on warm textured paper, soft pencil contour, muted warm colors, simple stage-like framed composition, Japanese domestic setting, gentle expressions, visible paper grain, no photorealism, no glossy CG, no digital anime rendering, no readable text. Scene locked to narration line: '強いめまいがしたわけでもありません。'. Michiko, a 72-year-old Japanese woman with short gray hair, soft wrinkles, modest cardigan and long skirt, moves slowly from futon to hallway and gently places one hand near a wooden pillar. Composition should express this exact moment only, with one clear focal point and calm senior-friendly readability. Avoid dramatic falling, panic, hospital emergency imagery, red warning graphics, speech bubbles, lip-sync pose, mouth-open acting, clutter, photorealism, glossy CG."
15,S02_michiko_morning_pillar,everyday_example,none,no_readable_text,line_context_locked_keyframe,"{""script_text"": ""でも自分でも気づかないくらい自然に、手が柱を探していたのです。"", ""scene_group_id"": ""S02_michiko_morning_pillar"", ""visual_intent"": ""Michiko, a 72-year-old Japanese woman with short gray hair, soft wrinkles, modest cardigan and long skirt, moves slowly from futon to hallway and gently places one hand near a wooden pillar""}","kamishibai paper theater illustration, hand-painted gouache and watercolor on warm textured paper, soft pencil contour, muted warm colors, simple stage-like framed composition, Japanese domestic setting, gentle expressions, visible paper grain, no photorealism, no glossy CG, no digital anime rendering, no readable text. Scene locked to narration line: 'でも自分でも気づかないくらい自然に、手が柱を探していたのです。'. Michiko, a 72-year-old Japanese woman with short gray hair, soft wrinkles, modest cardigan and long skirt, moves slowly from futon to hallway and gently places one hand near a wooden pillar. Composition should express this exact moment only, with one clear focal point and calm senior-friendly readability. Avoid dramatic falling, panic, hospital emergency imagery, red warning graphics, speech bubbles, lip-sync pose, mouth-open acting, clutter, photorealism, glossy CG."
16,S02_michiko_morning_pillar,everyday_example,none,no_readable_text,line_context_locked_keyframe,"{""script_text"": ""そのとき美智子さんは、小さく首をかしげました。"", ""scene_group_id"": ""S02_michiko_morning_pillar"", ""visual_intent"": ""Michiko, a 72-year-old Japanese woman with short gray hair, soft wrinkles, modest cardigan and long skirt, moves slowly from futon to hallway and gently places one hand near a wooden pillar""}","kamishibai paper theater illustration, hand-painted gouache and watercolor on warm textured paper, soft pencil contour, muted warm colors, simple stage-like framed composition, Japanese domestic setting, gentle expressions, visible paper grain, no photorealism, no glossy CG, no digital anime rendering, no readable text. Scene locked to narration line: 'そのとき美智子さんは、小さく首をかしげました。'. Michiko, a 72-year-old Japanese woman with short gray hair, soft wrinkles, modest cardigan and long skirt, moves slowly from futon to hallway and gently places one hand near a wooden pillar. Composition should express this exact moment only, with one clear focal point and calm senior-friendly readability. Avoid dramatic falling, panic, hospital emergency imagery, red warning graphics, speech bubbles, lip-sync pose, mouth-open acting, clutter, photorealism, glossy CG."
17,S02_michiko_morning_pillar,everyday_example,none,no_readable_text,line_context_locked_keyframe,"{""script_text"": ""最近、こういうことが少し増えている気がする。"", ""scene_group_id"": ""S02_michiko_morning_pillar"", ""visual_intent"": ""Michiko, a 72-year-old Japanese woman with short gray hair, soft wrinkles, modest cardigan and long skirt, moves slowly from futon to hallway and gently places one hand near a wooden pillar""}","kamishibai paper theater illustration, hand-painted gouache and watercolor on warm textured paper, soft pencil contour, muted warm colors, simple stage-like framed composition, Japanese domestic setting, gentle expressions, visible paper grain, no photorealism, no glossy CG, no digital anime rendering, no readable text. Scene locked to narration line: '最近、こういうことが少し増えている気がする。'. Michiko, a 72-year-old Japanese woman with short gray hair, soft wrinkles, modest cardigan and long skirt, moves slowly from futon to hallway and gently places one hand near a wooden pillar. Composition should express this exact moment only, with one clear focal point and calm senior-friendly readability. Avoid dramatic falling, panic, hospital emergency imagery, red warning graphics, speech bubbles, lip-sync pose, mouth-open acting, clutter, photorealism, glossy CG."
18,S02_michiko_morning_pillar,everyday_example,none,no_readable_text,line_context_locked_keyframe,"{""script_text"": ""そう思いながらも、すぐに台所へ向かいました。"", ""scene_group_id"": ""S02_michiko_morning_pillar"", ""visual_intent"": ""Michiko, a 72-year-old Japanese woman with short gray hair, soft wrinkles, modest cardigan and long skirt, moves slowly from futon to hallway and gently places one hand near a wooden pillar""}","kamishibai paper theater illustration, hand-painted gouache and watercolor on warm textured paper, soft pencil contour, muted warm colors, simple stage-like framed composition, Japanese domestic setting, gentle expressions, visible paper grain, no photorealism, no glossy CG, no digital anime rendering, no readable text. Scene locked to narration line: 'そう思いながらも、すぐに台所へ向かいました。'. Michiko, a 72-year-old Japanese woman with short gray hair, soft wrinkles, modest cardigan and long skirt, moves slowly from futon to hallway and gently places one hand near a wooden pillar. Composition should express this exact moment only, with one clear focal point and calm senior-friendly readability. Avoid dramatic falling, panic, hospital emergency imagery, red warning graphics, speech bubbles, lip-sync pose, mouth-open acting, clutter, photorealism, glossy CG."
19,S02_michiko_morning_pillar,everyday_example,none,no_readable_text,line_context_locked_keyframe,"{""script_text"": ""お湯を沸かし、湯のみを出し、いつもの朝の支度をしました。"", ""scene_group_id"": ""S02_michiko_morning_pillar"", ""visual_intent"": ""Michiko, a 72-year-old Japanese woman with short gray hair, soft wrinkles, modest cardigan and long skirt, moves slowly from futon to hallway and gently places one hand near a wooden pillar""}","kamishibai paper theater illustration, hand-painted gouache and watercolor on warm textured paper, soft pencil contour, muted warm colors, simple stage-like framed composition, Japanese domestic setting, gentle expressions, visible paper grain, no photorealism, no glossy CG, no digital anime rendering, no readable text. Scene locked to narration line: 'お湯を沸かし、湯のみを出し、いつもの朝の支度をしました。'. Michiko, a 72-year-old Japanese woman with short gray hair, soft wrinkles, modest cardigan and long skirt, moves slowly from futon to hallway and gently places one hand near a wooden pillar. Composition should express this exact moment only, with one clear focal point and calm senior-friendly readability. Avoid dramatic falling, panic, hospital emergency imagery, red warning graphics, speech bubbles, lip-sync pose, mouth-open acting, clutter, photorealism, glossy CG."
20,S02_michiko_morning_pillar,everyday_example,none,no_readable_text,line_context_locked_keyframe,"{""script_text"": ""けれど、柱に手をついた感覚だけが、指先に少し残っていました。"", ""scene_group_id"": ""S02_michiko_morning_pillar"", ""visual_intent"": ""Michiko, a 72-year-old Japanese woman with short gray hair, soft wrinkles, modest cardigan and long skirt, moves slowly from futon to hallway and gently places one hand near a wooden pillar""}","kamishibai paper theater illustration, hand-painted gouache and watercolor on warm textured paper, soft pencil contour, muted warm colors, simple stage-like framed composition, Japanese domestic setting, gentle expressions, visible paper grain, no photorealism, no glossy CG, no digital anime rendering, no readable text. Scene locked to narration line: 'けれど、柱に手をついた感覚だけが、指先に少し残っていました。'. Michiko, a 72-year-old Japanese woman with short gray hair, soft wrinkles, modest cardigan and long skirt, moves slowly from futon to hallway and gently places one hand near a wooden pillar. Composition should express this exact moment only, with one clear focal point and calm senior-friendly readability. Avoid dramatic falling, panic, hospital emergency imagery, red warning graphics, speech bubbles, lip-sync pose, mouth-open acting, clutter, photorealism, glossy CG."
21,S02_michiko_morning_pillar,everyday_example,none,no_readable_text,line_context_locked_keyframe,"{""script_text"": ""数日前にも、似たようなことがありました。"", ""scene_group_id"": ""S02_michiko_morning_pillar"", ""visual_intent"": ""Michiko, a 72-year-old Japanese woman with short gray hair, soft wrinkles, modest cardigan and long skirt, moves slowly from futon to hallway and gently places one hand near a wooden pillar""}","kamishibai paper theater illustration, hand-painted gouache and watercolor on warm textured paper, soft pencil contour, muted warm colors, simple stage-like framed composition, Japanese domestic setting, gentle expressions, visible paper grain, no photorealism, no glossy CG, no digital anime rendering, no readable text. Scene locked to narration line: '数日前にも、似たようなことがありました。'. Michiko, a 72-year-old Japanese woman with short gray hair, soft wrinkles, modest cardigan and long skirt, moves slowly from futon to hallway and gently places one hand near a wooden pillar. Composition should express this exact moment only, with one clear focal point and calm senior-friendly readability. Avoid dramatic falling, panic, hospital emergency imagery, red warning graphics, speech bubbles, lip-sync pose, mouth-open acting, clutter, photorealism, glossy CG."
22,S03_prior_small_signs,process_metaphor,none,no_readable_text,line_context_locked_keyframe,"{""script_text"": ""茶の間から台所へ行く途中で、スリッパの先が畳のへりに軽く引っかかりました。"", ""scene_group_id"": ""S03_prior_small_signs"", ""visual_intent"": ""A gentle paper collage of tiny daily signs: a slipper near a tatami edge, dim hallway light, one cautious first step, and a calm thoughtful face""}","kamishibai paper theater illustration, hand-painted gouache and watercolor on warm textured paper, soft pencil contour, muted warm colors, simple stage-like framed composition, Japanese domestic setting, gentle expressions, visible paper grain, no photorealism, no glossy CG, no digital anime rendering, no readable text. Scene locked to narration line: '茶の間から台所へ行く途中で、スリッパの先が畳のへりに軽く引っかかりました。'. A gentle paper collage of tiny daily signs: a slipper near a tatami edge, dim hallway light, one cautious first step, and a calm thoughtful face. Composition should express this exact moment only, with one clear focal point and calm senior-friendly readability. Avoid dramatic falling, panic, hospital emergency imagery, red warning graphics, speech bubbles, lip-sync pose, mouth-open acting, clutter, photorealism, glossy CG."
23,S03_prior_small_signs,process_metaphor,none,no_readable_text,line_context_locked_keyframe,"{""script_text"": ""転んだわけではなく、足を少し出し直しただけでした。"", ""scene_group_id"": ""S03_prior_small_signs"", ""visual_intent"": ""A gentle paper collage of tiny daily signs: a slipper near a tatami edge, dim hallway light, one cautious first step, and a calm thoughtful face""}","kamishibai paper theater illustration, hand-painted gouache and watercolor on warm textured paper, soft pencil contour, muted warm colors, simple stage-like framed composition, Japanese domestic setting, gentle expressions, visible paper grain, no photorealism, no glossy CG, no digital anime rendering, no readable text. Scene locked to narration line: '転んだわけではなく、足を少し出し直しただけでした。'. A gentle paper collage of tiny daily signs: a slipper near a tatami edge, dim hallway light, one cautious first step, and a calm thoughtful face. Composition should express this exact moment only, with one clear focal point and calm senior-friendly readability. Avoid dramatic falling, panic, hospital emergency imagery, red warning graphics, speech bubbles, lip-sync pose, mouth-open acting, clutter, photorealism, glossy CG."
24,S03_prior_small_signs,process_metaphor,none,no_readable_text,line_context_locked_keyframe,"{""script_text"": ""そのときも美智子さんは、まあ、年のせいかしらと笑って済ませました。"", ""scene_group_id"": ""S03_prior_small_signs"", ""visual_intent"": ""A gentle paper collage of tiny daily signs: a slipper near a tatami edge, dim hallway light, one cautious first step, and a calm thoughtful face""}","kamishibai paper theater illustration, hand-painted gouache and watercolor on warm textured paper, soft pencil contour, muted warm colors, simple stage-like framed composition, Japanese domestic setting, gentle expressions, visible paper grain, no photorealism, no glossy CG, no digital anime rendering, no readable text. Scene locked to narration line: 'そのときも美智子さんは、まあ、年のせいかしらと笑って済ませました。'. A gentle paper collage of tiny daily signs: a slipper near a tatami edge, dim hallway light, one cautious first step, and a calm thoughtful face. Composition should express this exact moment only, with one clear focal point and calm senior-friendly readability. Avoid dramatic falling, panic, hospital emergency imagery, red warning graphics, speech bubbles, lip-sync pose, mouth-open acting, clutter, photorealism, glossy CG."
25,S03_prior_small_signs,process_metaphor,none,no_readable_text,line_context_locked_keyframe,"{""script_text"": ""また別の日には、夕方の廊下で足元が前より暗く見えました。"", ""scene_group_id"": ""S03_prior_small_signs"", ""visual_intent"": ""A gentle paper collage of tiny daily signs: a slipper near a tatami edge, dim hallway light, one cautious first step, and a calm thoughtful face""}","kamishibai paper theater illustration, hand-painted gouache and watercolor on warm textured paper, soft pencil contour, muted warm colors, simple stage-like framed composition, Japanese domestic setting, gentle expressions, visible paper grain, no photorealism, no glossy CG, no digital anime rendering, no readable text. Scene locked to narration line: 'また別の日には、夕方の廊下で足元が前より暗く見えました。'. A gentle paper collage of tiny daily signs: a slipper near a tatami edge, dim hallway light, one cautious first step, and a calm thoughtful face. Composition should express this exact moment only, with one clear focal point and calm senior-friendly readability. Avoid dramatic falling, panic, hospital emergency imagery, red warning graphics, speech bubbles, lip-sync pose, mouth-open acting, clutter, photorealism, glossy CG."
26,S03_prior_small_signs,process_metaphor,none,no_readable_text,line_context_locked_keyframe,"{""script_text"": ""電気をつければいいだけのことなのに、なぜか面倒で、そのまま歩きました。"", ""scene_group_id"": ""S03_prior_small_signs"", ""visual_intent"": ""A gentle paper collage of tiny daily signs: a slipper near a tatami edge, dim hallway light, one cautious first step, and a calm thoughtful face""}","kamishibai paper theater illustration, hand-painted gouache and watercolor on warm textured paper, soft pencil contour, muted warm colors, simple stage-like framed composition, Japanese domestic setting, gentle expressions, visible paper grain, no photorealism, no glossy CG, no digital anime rendering, no readable text. Scene locked to narration line: '電気をつければいいだけのことなのに、なぜか面倒で、そのまま歩きました。'. A gentle paper collage of tiny daily signs: a slipper near a tatami edge, dim hallway light, one cautious first step, and a calm thoughtful face. Composition should express this exact moment only, with one clear focal point and calm senior-friendly readability. Avoid dramatic falling, panic, hospital emergency imagery, red warning graphics, speech bubbles, lip-sync pose, mouth-open acting, clutter, photorealism, glossy CG."
27,S03_prior_small_signs,process_metaphor,none,no_readable_text,line_context_locked_keyframe,"{""script_text"": ""その一歩目だけ、床が少し遠く感じました。"", ""scene_group_id"": ""S03_prior_small_signs"", ""visual_intent"": ""A gentle paper collage of tiny daily signs: a slipper near a tatami edge, dim hallway light, one cautious first step, and a calm thoughtful face""}","kamishibai paper theater illustration, hand-painted gouache and watercolor on warm textured paper, soft pencil contour, muted warm colors, simple stage-like framed composition, Japanese domestic setting, gentle expressions, visible paper grain, no photorealism, no glossy CG, no digital anime rendering, no readable text. Scene locked to narration line: 'その一歩目だけ、床が少し遠く感じました。'. A gentle paper collage of tiny daily signs: a slipper near a tatami edge, dim hallway light, one cautious first step, and a calm thoughtful face. Composition should express this exact moment only, with one clear focal point and calm senior-friendly readability. Avoid dramatic falling, panic, hospital emergency imagery, red warning graphics, speech bubbles, lip-sync pose, mouth-open acting, clutter, photorealism, glossy CG."
28,S03_prior_small_signs,process_metaphor,none,no_readable_text,line_context_locked_keyframe,"{""script_text"": ""こうした出来事は、ひとつひとつはとても小さなものです。"", ""scene_group_id"": ""S03_prior_small_signs"", ""visual_intent"": ""A gentle paper collage of tiny daily signs: a slipper near a tatami edge, dim hallway light, one cautious first step, and a calm thoughtful face""}","kamishibai paper theater illustration, hand-painted gouache and watercolor on warm textured paper, soft pencil contour, muted warm colors, simple stage-like framed composition, Japanese domestic setting, gentle expressions, visible paper grain, no photorealism, no glossy CG, no digital anime rendering, no readable text. Scene locked to narration line: 'こうした出来事は、ひとつひとつはとても小さなものです。'. A gentle paper collage of tiny daily signs: a slipper near a tatami edge, dim hallway light, one cautious first step, and a calm thoughtful face. Composition should express this exact moment only, with one clear focal point and calm senior-friendly readability. Avoid dramatic falling, panic, hospital emergency imagery, red warning graphics, speech bubbles, lip-sync pose, mouth-open acting, clutter, photorealism, glossy CG."
29,S03_prior_small_signs,process_metaphor,none,no_readable_text,line_context_locked_keyframe,"{""script_text"": ""だれかに話すほどではない、と思ってしまいやすいものです。"", ""scene_group_id"": ""S03_prior_small_signs"", ""visual_intent"": ""A gentle paper collage of tiny daily signs: a slipper near a tatami edge, dim hallway light, one cautious first step, and a calm thoughtful face""}","kamishibai paper theater illustration, hand-painted gouache and watercolor on warm textured paper, soft pencil contour, muted warm colors, simple stage-like framed composition, Japanese domestic setting, gentle expressions, visible paper grain, no photorealism, no glossy CG, no digital anime rendering, no readable text. Scene locked to narration line: 'だれかに話すほどではない、と思ってしまいやすいものです。'. A gentle paper collage of tiny daily signs: a slipper near a tatami edge, dim hallway light, one cautious first step, and a calm thoughtful face. Composition should express this exact moment only, with one clear focal point and calm senior-friendly readability. Avoid dramatic falling, panic, hospital emergency imagery, red warning graphics, speech bubbles, lip-sync pose, mouth-open acting, clutter, photorealism, glossy CG."
30,S03_prior_small_signs,process_metaphor,none,no_readable_text,line_context_locked_keyframe,"{""script_text"": ""けれど、小さな変化がいくつか重なると、体は静かに合図を出していることがあります。"", ""scene_group_id"": ""S03_prior_small_signs"", ""visual_intent"": ""A gentle paper collage of tiny daily signs: a slipper near a tatami edge, dim hallway light, one cautious first step, and a calm thoughtful face""}","kamishibai paper theater illustration, hand-painted gouache and watercolor on warm textured paper, soft pencil contour, muted warm colors, simple stage-like framed composition, Japanese domestic setting, gentle expressions, visible paper grain, no photorealism, no glossy CG, no digital anime rendering, no readable text. Scene locked to narration line: 'けれど、小さな変化がいくつか重なると、体は静かに合図を出していることがあります。'. A gentle paper collage of tiny daily signs: a slipper near a tatami edge, dim hallway light, one cautious first step, and a calm thoughtful face. Composition should express this exact moment only, with one clear focal point and calm senior-friendly readability. Avoid dramatic falling, panic, hospital emergency imagery, red warning graphics, speech bubbles, lip-sync pose, mouth-open acting, clutter, photorealism, glossy CG."
31,S03_prior_small_signs,process_metaphor,none,no_readable_text,line_context_locked_keyframe,"{""script_text"": ""ある日の午前中、電話が鳴りました。"", ""scene_group_id"": ""S03_prior_small_signs"", ""visual_intent"": ""A gentle paper collage of tiny daily signs: a slipper near a tatami edge, dim hallway light, one cautious first step, and a calm thoughtful face""}","kamishibai paper theater illustration, hand-painted gouache and watercolor on warm textured paper, soft pencil contour, muted warm colors, simple stage-like framed composition, Japanese domestic setting, gentle expressions, visible paper grain, no photorealism, no glossy CG, no digital anime rendering, no readable text. Scene locked to narration line: 'ある日の午前中、電話が鳴りました。'. A gentle paper collage of tiny daily signs: a slipper near a tatami edge, dim hallway light, one cautious first step, and a calm thoughtful face. Composition should express this exact moment only, with one clear focal point and calm senior-friendly readability. Avoid dramatic falling, panic, hospital emergency imagery, red warning graphics, speech bubbles, lip-sync pose, mouth-open acting, clutter, photorealism, glossy CG."
32,S04_phone_unsteady,everyday_example,none,no_readable_text,line_context_locked_keyframe,"{""script_text"": ""美智子さんは、娘からかもしれないと思い、少し急いで立ち上がりました。"", ""scene_group_id"": ""S04_phone_unsteady"", ""visual_intent"": ""Michiko in a tatami room hears an old telephone and rises from a low cushion, one hand hovering calmly for balance, no fall and no panic""}","kamishibai paper theater illustration, hand-painted gouache and watercolor on warm textured paper, soft pencil contour, muted warm colors, simple stage-like framed composition, Japanese domestic setting, gentle expressions, visible paper grain, no photorealism, no glossy CG, no digital anime rendering, no readable text. Scene locked to narration line: '美智子さんは、娘からかもしれないと思い、少し急いで立ち上がりました。'. Michiko in a tatami room hears an old telephone and rises from a low cushion, one hand hovering calmly for balance, no fall and no panic. Composition should express this exact moment only, with one clear focal point and calm senior-friendly readability. Avoid dramatic falling, panic, hospital emergency imagery, red warning graphics, speech bubbles, lip-sync pose, mouth-open acting, clutter, photorealism, glossy CG."
33,S04_phone_unsteady,everyday_example,none,no_readable_text,line_context_locked_keyframe,"{""script_text"": ""座布団から腰を上げた瞬間、景色がほんの少しだけ揺れたように感じました。"", ""scene_group_id"": ""S04_phone_unsteady"", ""visual_intent"": ""Michiko in a tatami room hears an old telephone and rises from a low cushion, one hand hovering calmly for balance, no fall and no panic""}","kamishibai paper theater illustration, hand-painted gouache and watercolor on warm textured paper, soft pencil contour, muted warm colors, simple stage-like framed composition, Japanese domestic setting, gentle expressions, visible paper grain, no photorealism, no glossy CG, no digital anime rendering, no readable text. Scene locked to narration line: '座布団から腰を上げた瞬間、景色がほんの少しだけ揺れたように感じました。'. Michiko in a tatami room hears an old telephone and rises from a low cushion, one hand hovering calmly for balance, no fall and no panic. Composition should express this exact moment only, with one clear focal point and calm senior-friendly readability. Avoid dramatic falling, panic, hospital emergency imagery, red warning graphics, speech bubbles, lip-sync pose, mouth-open acting, clutter, photorealism, glossy CG."
34,S04_phone_unsteady,everyday_example,none,no_readable_text,line_context_locked_keyframe,"{""script_text"": ""まるで部屋の空気が、一拍遅れて動いたような感覚でした。"", ""scene_group_id"": ""S04_phone_unsteady"", ""visual_intent"": ""Michiko in a tatami room hears an old telephone and rises from a low cushion, one hand hovering calmly for balance, no fall and no panic""}","kamishibai paper theater illustration, hand-painted gouache and watercolor on warm textured paper, soft pencil contour, muted warm colors, simple stage-like framed composition, Japanese domestic setting, gentle expressions, visible paper grain, no photorealism, no glossy CG, no digital anime rendering, no readable text. Scene locked to narration line: 'まるで部屋の空気が、一拍遅れて動いたような感覚でした。'. Michiko in a tatami room hears an old telephone and rises from a low cushion, one hand hovering calmly for balance, no fall and no panic. Composition should express this exact moment only, with one clear focal point and calm senior-friendly readability. Avoid dramatic falling, panic, hospital emergency imagery, red warning graphics, speech bubbles, lip-sync pose, mouth-open acting, clutter, photorealism, glossy CG."
35,S04_phone_unsteady,everyday_example,none,no_readable_text,line_context_locked_keyframe,"{""script_text"": ""時間にすれば、数秒のことです。"", ""scene_group_id"": ""S04_phone_unsteady"", ""visual_intent"": ""Michiko in a tatami room hears an old telephone and rises from a low cushion, one hand hovering calmly for balance, no fall and no panic""}","kamishibai paper theater illustration, hand-painted gouache and watercolor on warm textured paper, soft pencil contour, muted warm colors, simple stage-like framed composition, Japanese domestic setting, gentle expressions, visible paper grain, no photorealism, no glossy CG, no digital anime rendering, no readable text. Scene locked to narration line: '時間にすれば、数秒のことです。'. Michiko in a tatami room hears an old telephone and rises from a low cushion, one hand hovering calmly for balance, no fall and no panic. Composition should express this exact moment only, with one clear focal point and calm senior-friendly readability. Avoid dramatic falling, panic, hospital emergency imagery, red warning graphics, speech bubbles, lip-sync pose, mouth-open acting, clutter, photorealism, glossy CG."
36,S04_phone_unsteady,everyday_example,none,no_readable_text,line_context_locked_keyframe,"{""script_text"": ""すぐに落ち着いたので、美智子さんはそのまま電話に出ました。"", ""scene_group_id"": ""S04_phone_unsteady"", ""visual_intent"": ""Michiko in a tatami room hears an old telephone and rises from a low cushion, one hand hovering calmly for balance, no fall and no panic""}","kamishibai paper theater illustration, hand-painted gouache and watercolor on warm textured paper, soft pencil contour, muted warm colors, simple stage-like framed composition, Japanese domestic setting, gentle expressions, visible paper grain, no photorealism, no glossy CG, no digital anime rendering, no readable text. Scene locked to narration line: 'すぐに落ち着いたので、美智子さんはそのまま電話に出ました。'. Michiko in a tatami room hears an old telephone and rises from a low cushion, one hand hovering calmly for balance, no fall and no panic. Composition should express this exact moment only, with one clear focal point and calm senior-friendly readability. Avoid dramatic falling, panic, hospital emergency imagery, red warning graphics, speech bubbles, lip-sync pose, mouth-open acting, clutter, photorealism, glossy CG."
37,S04_phone_unsteady,everyday_example,none,no_readable_text,line_context_locked_keyframe,"{""script_text"": ""電話は近所の友人からで、畑の野菜を分けたいという明るい話でした。"", ""scene_group_id"": ""S04_phone_unsteady"", ""visual_intent"": ""Michiko in a tatami room hears an old telephone and rises from a low cushion, one hand hovering calmly for balance, no fall and no panic""}","kamishibai paper theater illustration, hand-painted gouache and watercolor on warm textured paper, soft pencil contour, muted warm colors, simple stage-like framed composition, Japanese domestic setting, gentle expressions, visible paper grain, no photorealism, no glossy CG, no digital anime rendering, no readable text. Scene locked to narration line: '電話は近所の友人からで、畑の野菜を分けたいという明るい話でした。'. Michiko in a tatami room hears an old telephone and rises from a low cushion, one hand hovering calmly for balance, no fall and no panic. Composition should express this exact moment only, with one clear focal point and calm senior-friendly readability. Avoid dramatic falling, panic, hospital emergency imagery, red warning graphics, speech bubbles, lip-sync pose, mouth-open acting, clutter, photorealism, glossy CG."
38,S04_phone_unsteady,everyday_example,none,no_readable_text,line_context_locked_keyframe,"{""script_text"": ""美智子さんも普段どおりに返事をしました。"", ""scene_group_id"": ""S04_phone_unsteady"", ""visual_intent"": ""Michiko in a tatami room hears an old telephone and rises from a low cushion, one hand hovering calmly for balance, no fall and no panic""}","kamishibai paper theater illustration, hand-painted gouache and watercolor on warm textured paper, soft pencil contour, muted warm colors, simple stage-like framed composition, Japanese domestic setting, gentle expressions, visible paper grain, no photorealism, no glossy CG, no digital anime rendering, no readable text. Scene locked to narration line: '美智子さんも普段どおりに返事をしました。'. Michiko in a tatami room hears an old telephone and rises from a low cushion, one hand hovering calmly for balance, no fall and no panic. Composition should express this exact moment only, with one clear focal point and calm senior-friendly readability. Avoid dramatic falling, panic, hospital emergency imagery, red warning graphics, speech bubbles, lip-sync pose, mouth-open acting, clutter, photorealism, glossy CG."
39,S04_phone_unsteady,everyday_example,none,no_readable_text,line_context_locked_keyframe,"{""script_text"": ""けれど受話器を置いたあと、胸の奥には小さな不安が残りました。"", ""scene_group_id"": ""S04_phone_unsteady"", ""visual_intent"": ""Michiko in a tatami room hears an old telephone and rises from a low cushion, one hand hovering calmly for balance, no fall and no panic""}","kamishibai paper theater illustration, hand-painted gouache and watercolor on warm textured paper, soft pencil contour, muted warm colors, simple stage-like framed composition, Japanese domestic setting, gentle expressions, visible paper grain, no photorealism, no glossy CG, no digital anime rendering, no readable text. Scene locked to narration line: 'けれど受話器を置いたあと、胸の奥には小さな不安が残りました。'. Michiko in a tatami room hears an old telephone and rises from a low cushion, one hand hovering calmly for balance, no fall and no panic. Composition should express this exact moment only, with one clear focal point and calm senior-friendly readability. Avoid dramatic falling, panic, hospital emergency imagery, red warning graphics, speech bubbles, lip-sync pose, mouth-open acting, clutter, photorealism, glossy CG."
40,S04_phone_unsteady,everyday_example,none,no_readable_text,line_context_locked_keyframe,"{""script_text"": ""さっきの感じは、何だったのだろう。"", ""scene_group_id"": ""S04_phone_unsteady"", ""visual_intent"": ""Michiko in a tatami room hears an old telephone and rises from a low cushion, one hand hovering calmly for balance, no fall and no panic""}","kamishibai paper theater illustration, hand-painted gouache and watercolor on warm textured paper, soft pencil contour, muted warm colors, simple stage-like framed composition, Japanese domestic setting, gentle expressions, visible paper grain, no photorealism, no glossy CG, no digital anime rendering, no readable text. Scene locked to narration line: 'さっきの感じは、何だったのだろう。'. Michiko in a tatami room hears an old telephone and rises from a low cushion, one hand hovering calmly for balance, no fall and no panic. Composition should express this exact moment only, with one clear focal point and calm senior-friendly readability. Avoid dramatic falling, panic, hospital emergency imagery, red warning graphics, speech bubbles, lip-sync pose, mouth-open acting, clutter, photorealism, glossy CG."
41,S04_phone_unsteady,everyday_example,none,no_readable_text,line_context_locked_keyframe,"{""script_text"": ""疲れていただけなのか、それとも体からの知らせなのか。"", ""scene_group_id"": ""S04_phone_unsteady"", ""visual_intent"": ""Michiko in a tatami room hears an old telephone and rises from a low cushion, one hand hovering calmly for balance, no fall and no panic""}","kamishibai paper theater illustration, hand-painted gouache and watercolor on warm textured paper, soft pencil contour, muted warm colors, simple stage-like framed composition, Japanese domestic setting, gentle expressions, visible paper grain, no photorealism, no glossy CG, no digital anime rendering, no readable text. Scene locked to narration line: '疲れていただけなのか、それとも体からの知らせなのか。'. Michiko in a tatami room hears an old telephone and rises from a low cushion, one hand hovering calmly for balance, no fall and no panic. Composition should express this exact moment only, with one clear focal point and calm senior-friendly readability. Avoid dramatic falling, panic, hospital emergency imagery, red warning graphics, speech bubbles, lip-sync pose, mouth-open acting, clutter, photorealism, glossy CG."
42,S04_phone_unsteady,everyday_example,none,no_readable_text,line_context_locked_keyframe,"{""script_text"": ""そう考えながら、しばらく茶の間に座っていました。"", ""scene_group_id"": ""S04_phone_unsteady"", ""visual_intent"": ""Michiko in a tatami room hears an old telephone and rises from a low cushion, one hand hovering calmly for balance, no fall and no panic""}","kamishibai paper theater illustration, hand-painted gouache and watercolor on warm textured paper, soft pencil contour, muted warm colors, simple stage-like framed composition, Japanese domestic setting, gentle expressions, visible paper grain, no photorealism, no glossy CG, no digital anime rendering, no readable text. Scene locked to narration line: 'そう考えながら、しばらく茶の間に座っていました。'. Michiko in a tatami room hears an old telephone and rises from a low cushion, one hand hovering calmly for balance, no fall and no panic. Composition should express this exact moment only, with one clear focal point and calm senior-friendly readability. Avoid dramatic falling, panic, hospital emergency imagery, red warning graphics, speech bubbles, lip-sync pose, mouth-open acting, clutter, photorealism, glossy CG."
43,S04_phone_unsteady,everyday_example,none,no_readable_text,line_context_locked_keyframe,"{""script_text"": ""ふらつきは、いきなり大きな出来事として現れるとは限りません。"", ""scene_group_id"": ""S04_phone_unsteady"", ""visual_intent"": ""Michiko in a tatami room hears an old telephone and rises from a low cushion, one hand hovering calmly for balance, no fall and no panic""}","kamishibai paper theater illustration, hand-painted gouache and watercolor on warm textured paper, soft pencil contour, muted warm colors, simple stage-like framed composition, Japanese domestic setting, gentle expressions, visible paper grain, no photorealism, no glossy CG, no digital anime rendering, no readable text. Scene locked to narration line: 'ふらつきは、いきなり大きな出来事として現れるとは限りません。'. Michiko in a tatami room hears an old telephone and rises from a low cushion, one hand hovering calmly for balance, no fall and no panic. Composition should express this exact moment only, with one clear focal point and calm senior-friendly readability. Avoid dramatic falling, panic, hospital emergency imagery, red warning graphics, speech bubbles, lip-sync pose, mouth-open acting, clutter, photorealism, glossy CG."
44,S04_phone_unsteady,everyday_example,none,no_readable_text,line_context_locked_keyframe,"{""script_text"": ""その前に、暮らしの中の小さな合図として出ていることがあります。"", ""scene_group_id"": ""S04_phone_unsteady"", ""visual_intent"": ""Michiko in a tatami room hears an old telephone and rises from a low cushion, one hand hovering calmly for balance, no fall and no panic""}","kamishibai paper theater illustration, hand-painted gouache and watercolor on warm textured paper, soft pencil contour, muted warm colors, simple stage-like framed composition, Japanese domestic setting, gentle expressions, visible paper grain, no photorealism, no glossy CG, no digital anime rendering, no readable text. Scene locked to narration line: 'その前に、暮らしの中の小さな合図として出ていることがあります。'. Michiko in a tatami room hears an old telephone and rises from a low cushion, one hand hovering calmly for balance, no fall and no panic. Composition should express this exact moment only, with one clear focal point and calm senior-friendly readability. Avoid dramatic falling, panic, hospital emergency imagery, red warning graphics, speech bubbles, lip-sync pose, mouth-open acting, clutter, photorealism, glossy CG."
45,S05_small_signs_interpretation,process_metaphor,none,no_readable_text,line_context_locked_keyframe,"{""script_text"": ""たとえば、立ち上がる前にひと呼吸ほしくなること。"", ""scene_group_id"": ""S05_small_signs_interpretation"", ""visual_intent"": ""A gentle symbolic collage of tiny daily signs: a foot pausing, a hand near a pillar, a dim hallway, and a soft breath before standing""}","kamishibai paper theater illustration, hand-painted gouache and watercolor on warm textured paper, soft pencil contour, muted warm colors, simple stage-like framed composition, Japanese domestic setting, gentle expressions, visible paper grain, no photorealism, no glossy CG, no digital anime rendering, no readable text. Scene locked to narration line: 'たとえば、立ち上がる前にひと呼吸ほしくなること。'. A gentle symbolic collage of tiny daily signs: a foot pausing, a hand near a pillar, a dim hallway, and a soft breath before standing. Composition should express this exact moment only, with one clear focal point and calm senior-friendly readability. Avoid dramatic falling, panic, hospital emergency imagery, red warning graphics, speech bubbles, lip-sync pose, mouth-open acting, clutter, photorealism, glossy CG."
46,S05_small_signs_interpretation,process_metaphor,none,no_readable_text,line_context_locked_keyframe,"{""script_text"": ""歩き始めの一歩だけ、いつもより慎重になること。"", ""scene_group_id"": ""S05_small_signs_interpretation"", ""visual_intent"": ""A gentle symbolic collage of tiny daily signs: a foot pausing, a hand near a pillar, a dim hallway, and a soft breath before standing""}","kamishibai paper theater illustration, hand-painted gouache and watercolor on warm textured paper, soft pencil contour, muted warm colors, simple stage-like framed composition, Japanese domestic setting, gentle expressions, visible paper grain, no photorealism, no glossy CG, no digital anime rendering, no readable text. Scene locked to narration line: '歩き始めの一歩だけ、いつもより慎重になること。'. A gentle symbolic collage of tiny daily signs: a foot pausing, a hand near a pillar, a dim hallway, and a soft breath before standing. Composition should express this exact moment only, with one clear focal point and calm senior-friendly readability. Avoid dramatic falling, panic, hospital emergency imagery, red warning graphics, speech bubbles, lip-sync pose, mouth-open acting, clutter, photorealism, glossy CG."
47,S05_small_signs_interpretation,process_metaphor,none,no_readable_text,line_context_locked_keyframe,"{""script_text"": ""暗い廊下で、足元を前より長く見たくなること。"", ""scene_group_id"": ""S05_small_signs_interpretation"", ""visual_intent"": ""A gentle symbolic collage of tiny daily signs: a foot pausing, a hand near a pillar, a dim hallway, and a soft breath before standing""}","kamishibai paper theater illustration, hand-painted gouache and watercolor on warm textured paper, soft pencil contour, muted warm colors, simple stage-like framed composition, Japanese domestic setting, gentle expressions, visible paper grain, no photorealism, no glossy CG, no digital anime rendering, no readable text. Scene locked to narration line: '暗い廊下で、足元を前より長く見たくなること。'. A gentle symbolic collage of tiny daily signs: a foot pausing, a hand near a pillar, a dim hallway, and a soft breath before standing. Composition should express this exact moment only, with one clear focal point and calm senior-friendly readability. Avoid dramatic falling, panic, hospital emergency imagery, red warning graphics, speech bubbles, lip-sync pose, mouth-open acting, clutter, photorealism, glossy CG."
48,S05_small_signs_interpretation,process_metaphor,none,no_readable_text,line_context_locked_keyframe,"{""script_text"": ""スリッパの先が、ほんの少し引っかかりやすくなること。"", ""scene_group_id"": ""S05_small_signs_interpretation"", ""visual_intent"": ""A gentle symbolic collage of tiny daily signs: a foot pausing, a hand near a pillar, a dim hallway, and a soft breath before standing""}","kamishibai paper theater illustration, hand-painted gouache and watercolor on warm textured paper, soft pencil contour, muted warm colors, simple stage-like framed composition, Japanese domestic setting, gentle expressions, visible paper grain, no photorealism, no glossy CG, no digital anime rendering, no readable text. Scene locked to narration line: 'スリッパの先が、ほんの少し引っかかりやすくなること。'. A gentle symbolic collage of tiny daily signs: a foot pausing, a hand near a pillar, a dim hallway, and a soft breath before standing. Composition should express this exact moment only, with one clear focal point and calm senior-friendly readability. Avoid dramatic falling, panic, hospital emergency imagery, red warning graphics, speech bubbles, lip-sync pose, mouth-open acting, clutter, photorealism, glossy CG."
49,S05_small_signs_interpretation,process_metaphor,none,no_readable_text,line_context_locked_keyframe,"{""script_text"": ""台所で向きを変えるとき、壁や机の位置を無意識に確かめること。"", ""scene_group_id"": ""S05_small_signs_interpretation"", ""visual_intent"": ""A gentle symbolic collage of tiny daily signs: a foot pausing, a hand near a pillar, a dim hallway, and a soft breath before standing""}","kamishibai paper theater illustration, hand-painted gouache and watercolor on warm textured paper, soft pencil contour, muted warm colors, simple stage-like framed composition, Japanese domestic setting, gentle expressions, visible paper grain, no photorealism, no glossy CG, no digital anime rendering, no readable text. Scene locked to narration line: '台所で向きを変えるとき、壁や机の位置を無意識に確かめること。'. A gentle symbolic collage of tiny daily signs: a foot pausing, a hand near a pillar, a dim hallway, and a soft breath before standing. Composition should express this exact moment only, with one clear focal point and calm senior-friendly readability. Avoid dramatic falling, panic, hospital emergency imagery, red warning graphics, speech bubbles, lip-sync pose, mouth-open acting, clutter, photorealism, glossy CG."
50,S05_small_signs_interpretation,process_metaphor,none,no_readable_text,line_context_locked_keyframe,"{""script_text"": ""これらは、弱くなったという意味だけではありません。"", ""scene_group_id"": ""S05_small_signs_interpretation"", ""visual_intent"": ""A gentle symbolic collage of tiny daily signs: a foot pausing, a hand near a pillar, a dim hallway, and a soft breath before standing""}","kamishibai paper theater illustration, hand-painted gouache and watercolor on warm textured paper, soft pencil contour, muted warm colors, simple stage-like framed composition, Japanese domestic setting, gentle expressions, visible paper grain, no photorealism, no glossy CG, no digital anime rendering, no readable text. Scene locked to narration line: 'これらは、弱くなったという意味だけではありません。'. A gentle symbolic collage of tiny daily signs: a foot pausing, a hand near a pillar, a dim hallway, and a soft breath before standing. Composition should express this exact moment only, with one clear focal point and calm senior-friendly readability. Avoid dramatic falling, panic, hospital emergency imagery, red warning graphics, speech bubbles, lip-sync pose, mouth-open acting, clutter, photorealism, glossy CG."
51,S05_small_signs_interpretation,process_metaphor,none,no_readable_text,line_context_locked_keyframe,"{""script_text"": ""体が、今日は少しゆっくり始めたいですよ、と教えてくれている場合もあります。"", ""scene_group_id"": ""S05_small_signs_interpretation"", ""visual_intent"": ""A gentle symbolic collage of tiny daily signs: a foot pausing, a hand near a pillar, a dim hallway, and a soft breath before standing""}","kamishibai paper theater illustration, hand-painted gouache and watercolor on warm textured paper, soft pencil contour, muted warm colors, simple stage-like framed composition, Japanese domestic setting, gentle expressions, visible paper grain, no photorealism, no glossy CG, no digital anime rendering, no readable text. Scene locked to narration line: '体が、今日は少しゆっくり始めたいですよ、と教えてくれている場合もあります。'. A gentle symbolic collage of tiny daily signs: a foot pausing, a hand near a pillar, a dim hallway, and a soft breath before standing. Composition should express this exact moment only, with one clear focal point and calm senior-friendly readability. Avoid dramatic falling, panic, hospital emergency imagery, red warning graphics, speech bubbles, lip-sync pose, mouth-open acting, clutter, photorealism, glossy CG."
52,S05_small_signs_interpretation,process_metaphor,none,no_readable_text,line_context_locked_keyframe,"{""script_text"": ""年齢を重ねると、立ち上がったときの血圧の調整に時間がかかる方もいます。"", ""scene_group_id"": ""S05_small_signs_interpretation"", ""visual_intent"": ""A gentle symbolic collage of tiny daily signs: a foot pausing, a hand near a pillar, a dim hallway, and a soft breath before standing""}","kamishibai paper theater illustration, hand-painted gouache and watercolor on warm textured paper, soft pencil contour, muted warm colors, simple stage-like framed composition, Japanese domestic setting, gentle expressions, visible paper grain, no photorealism, no glossy CG, no digital anime rendering, no readable text. Scene locked to narration line: '年齢を重ねると、立ち上がったときの血圧の調整に時間がかかる方もいます。'. A gentle symbolic collage of tiny daily signs: a foot pausing, a hand near a pillar, a dim hallway, and a soft breath before standing. Composition should express this exact moment only, with one clear focal point and calm senior-friendly readability. Avoid dramatic falling, panic, hospital emergency imagery, red warning graphics, speech bubbles, lip-sync pose, mouth-open acting, clutter, photorealism, glossy CG."
53,S05_small_signs_interpretation,process_metaphor,none,no_readable_text,line_context_locked_keyframe,"{""script_text"": ""長く座ったあとや、朝起きたあとほど、頭がふわっとすることがあります。"", ""scene_group_id"": ""S05_small_signs_interpretation"", ""visual_intent"": ""A gentle symbolic collage of tiny daily signs: a foot pausing, a hand near a pillar, a dim hallway, and a soft breath before standing""}","kamishibai paper theater illustration, hand-painted gouache and watercolor on warm textured paper, soft pencil contour, muted warm colors, simple stage-like framed composition, Japanese domestic setting, gentle expressions, visible paper grain, no photorealism, no glossy CG, no digital anime rendering, no readable text. Scene locked to narration line: '長く座ったあとや、朝起きたあとほど、頭がふわっとすることがあります。'. A gentle symbolic collage of tiny daily signs: a foot pausing, a hand near a pillar, a dim hallway, and a soft breath before standing. Composition should express this exact moment only, with one clear focal point and calm senior-friendly readability. Avoid dramatic falling, panic, hospital emergency imagery, red warning graphics, speech bubbles, lip-sync pose, mouth-open acting, clutter, photorealism, glossy CG."
54,S05_small_signs_interpretation,process_metaphor,none,no_readable_text,line_context_locked_keyframe,"{""script_text"": ""水分が足りないときや、食事の間隔が空いたときにも、体は揺れやすくなることがあります。"", ""scene_group_id"": ""S05_small_signs_interpretation"", ""visual_intent"": ""A gentle symbolic collage of tiny daily signs: a foot pausing, a hand near a pillar, a dim hallway, and a soft breath before standing""}","kamishibai paper theater illustration, hand-painted gouache and watercolor on warm textured paper, soft pencil contour, muted warm colors, simple stage-like framed composition, Japanese domestic setting, gentle expressions, visible paper grain, no photorealism, no glossy CG, no digital anime rendering, no readable text. Scene locked to narration line: '水分が足りないときや、食事の間隔が空いたときにも、体は揺れやすくなることがあります。'. A gentle symbolic collage of tiny daily signs: a foot pausing, a hand near a pillar, a dim hallway, and a soft breath before standing. Composition should express this exact moment only, with one clear focal point and calm senior-friendly readability. Avoid dramatic falling, panic, hospital emergency imagery, red warning graphics, speech bubbles, lip-sync pose, mouth-open acting, clutter, photorealism, glossy CG."
55,S05_small_signs_interpretation,process_metaphor,none,no_readable_text,line_context_locked_keyframe,"{""script_text"": ""筋力やバランス感覚も、毎日の動きの中で少しずつ変わります。"", ""scene_group_id"": ""S05_small_signs_interpretation"", ""visual_intent"": ""A gentle symbolic collage of tiny daily signs: a foot pausing, a hand near a pillar, a dim hallway, and a soft breath before standing""}","kamishibai paper theater illustration, hand-painted gouache and watercolor on warm textured paper, soft pencil contour, muted warm colors, simple stage-like framed composition, Japanese domestic setting, gentle expressions, visible paper grain, no photorealism, no glossy CG, no digital anime rendering, no readable text. Scene locked to narration line: '筋力やバランス感覚も、毎日の動きの中で少しずつ変わります。'. A gentle symbolic collage of tiny daily signs: a foot pausing, a hand near a pillar, a dim hallway, and a soft breath before standing. Composition should express this exact moment only, with one clear focal point and calm senior-friendly readability. Avoid dramatic falling, panic, hospital emergency imagery, red warning graphics, speech bubbles, lip-sync pose, mouth-open acting, clutter, photorealism, glossy CG."
56,S05_small_signs_interpretation,process_metaphor,none,no_readable_text,line_context_locked_keyframe,"{""script_text"": ""若いころと同じつもりで急に向きを変えると、足が一拍遅れることもあります。"", ""scene_group_id"": ""S05_small_signs_interpretation"", ""visual_intent"": ""A gentle symbolic collage of tiny daily signs: a foot pausing, a hand near a pillar, a dim hallway, and a soft breath before standing""}","kamishibai paper theater illustration, hand-painted gouache and watercolor on warm textured paper, soft pencil contour, muted warm colors, simple stage-like framed composition, Japanese domestic setting, gentle expressions, visible paper grain, no photorealism, no glossy CG, no digital anime rendering, no readable text. Scene locked to narration line: '若いころと同じつもりで急に向きを変えると、足が一拍遅れることもあります。'. A gentle symbolic collage of tiny daily signs: a foot pausing, a hand near a pillar, a dim hallway, and a soft breath before standing. Composition should express this exact moment only, with one clear focal point and calm senior-friendly readability. Avoid dramatic falling, panic, hospital emergency imagery, red warning graphics, speech bubbles, lip-sync pose, mouth-open acting, clutter, photorealism, glossy CG."
57,S05_small_signs_interpretation,process_metaphor,none,no_readable_text,line_context_locked_keyframe,"{""script_text"": ""また、薬を飲み始めた時期や、薬の量が変わった時期に、ふらつきが気になることもあります。"", ""scene_group_id"": ""S05_small_signs_interpretation"", ""visual_intent"": ""A gentle symbolic collage of tiny daily signs: a foot pausing, a hand near a pillar, a dim hallway, and a soft breath before standing""}","kamishibai paper theater illustration, hand-painted gouache and watercolor on warm textured paper, soft pencil contour, muted warm colors, simple stage-like framed composition, Japanese domestic setting, gentle expressions, visible paper grain, no photorealism, no glossy CG, no digital anime rendering, no readable text. Scene locked to narration line: 'また、薬を飲み始めた時期や、薬の量が変わった時期に、ふらつきが気になることもあります。'. A gentle symbolic collage of tiny daily signs: a foot pausing, a hand near a pillar, a dim hallway, and a soft breath before standing. Composition should express this exact moment only, with one clear focal point and calm senior-friendly readability. Avoid dramatic falling, panic, hospital emergency imagery, red warning graphics, speech bubbles, lip-sync pose, mouth-open acting, clutter, photorealism, glossy CG."
58,S06_body_explanation,process_metaphor,none,no_readable_text,line_context_locked_keyframe,"{""script_text"": ""これは動画だけで原因を決められるものではありません。"", ""scene_group_id"": ""S06_body_explanation"", ""visual_intent"": ""A simple educational kamishibai metaphor showing an older body adjusting slowly after standing, with abstract soft waves for blood pressure, hydration, balance, and medication timing""}","kamishibai paper theater illustration, hand-painted gouache and watercolor on warm textured paper, soft pencil contour, muted warm colors, simple stage-like framed composition, Japanese domestic setting, gentle expressions, visible paper grain, no photorealism, no glossy CG, no digital anime rendering, no readable text. Scene locked to narration line: 'これは動画だけで原因を決められるものではありません。'. A simple educational kamishibai metaphor showing an older body adjusting slowly after standing, with abstract soft waves for blood pressure, hydration, balance, and medication timing. Composition should express this exact moment only, with one clear focal point and calm senior-friendly readability. Avoid dramatic falling, panic, hospital emergency imagery, red warning graphics, speech bubbles, lip-sync pose, mouth-open acting, clutter, photorealism, glossy CG."
59,S06_body_explanation,process_metaphor,none,no_readable_text,line_context_locked_keyframe,"{""script_text"": ""だからこそ、怖がりすぎるよりも、まず小さな合図に気づくことが大切です。"", ""scene_group_id"": ""S06_body_explanation"", ""visual_intent"": ""A simple educational kamishibai metaphor showing an older body adjusting slowly after standing, with abstract soft waves for blood pressure, hydration, balance, and medication timing""}","kamishibai paper theater illustration, hand-painted gouache and watercolor on warm textured paper, soft pencil contour, muted warm colors, simple stage-like framed composition, Japanese domestic setting, gentle expressions, visible paper grain, no photorealism, no glossy CG, no digital anime rendering, no readable text. Scene locked to narration line: 'だからこそ、怖がりすぎるよりも、まず小さな合図に気づくことが大切です。'. A simple educational kamishibai metaphor showing an older body adjusting slowly after standing, with abstract soft waves for blood pressure, hydration, balance, and medication timing. Composition should express this exact moment only, with one clear focal point and calm senior-friendly readability. Avoid dramatic falling, panic, hospital emergency imagery, red warning graphics, speech bubbles, lip-sync pose, mouth-open acting, clutter, photorealism, glossy CG."
60,S06_body_explanation,process_metaphor,none,no_readable_text,line_context_locked_keyframe,"{""script_text"": ""美智子さんは、その日の午後、いつもの手帳を開きました。"", ""scene_group_id"": ""S06_body_explanation"", ""visual_intent"": ""A simple educational kamishibai metaphor showing an older body adjusting slowly after standing, with abstract soft waves for blood pressure, hydration, balance, and medication timing""}","kamishibai paper theater illustration, hand-painted gouache and watercolor on warm textured paper, soft pencil contour, muted warm colors, simple stage-like framed composition, Japanese domestic setting, gentle expressions, visible paper grain, no photorealism, no glossy CG, no digital anime rendering, no readable text. Scene locked to narration line: '美智子さんは、その日の午後、いつもの手帳を開きました。'. A simple educational kamishibai metaphor showing an older body adjusting slowly after standing, with abstract soft waves for blood pressure, hydration, balance, and medication timing. Composition should express this exact moment only, with one clear focal point and calm senior-friendly readability. Avoid dramatic falling, panic, hospital emergency imagery, red warning graphics, speech bubbles, lip-sync pose, mouth-open acting, clutter, photorealism, glossy CG."
61,S06_body_explanation,process_metaphor,none,no_readable_text,line_context_locked_keyframe,"{""script_text"": ""買い物の予定や、回覧板のことを書く小さな手帳です。"", ""scene_group_id"": ""S06_body_explanation"", ""visual_intent"": ""A simple educational kamishibai metaphor showing an older body adjusting slowly after standing, with abstract soft waves for blood pressure, hydration, balance, and medication timing""}","kamishibai paper theater illustration, hand-painted gouache and watercolor on warm textured paper, soft pencil contour, muted warm colors, simple stage-like framed composition, Japanese domestic setting, gentle expressions, visible paper grain, no photorealism, no glossy CG, no digital anime rendering, no readable text. Scene locked to narration line: '買い物の予定や、回覧板のことを書く小さな手帳です。'. A simple educational kamishibai metaphor showing an older body adjusting slowly after standing, with abstract soft waves for blood pressure, hydration, balance, and medication timing. Composition should express this exact moment only, with one clear focal point and calm senior-friendly readability. Avoid dramatic falling, panic, hospital emergency imagery, red warning graphics, speech bubbles, lip-sync pose, mouth-open acting, clutter, photorealism, glossy CG."
62,S06_body_explanation,process_metaphor,none,no_readable_text,line_context_locked_keyframe,"{""script_text"": ""その端に、今朝、立ったときに少し揺れた、と短く書きました。"", ""scene_group_id"": ""S06_body_explanation"", ""visual_intent"": ""A simple educational kamishibai metaphor showing an older body adjusting slowly after standing, with abstract soft waves for blood pressure, hydration, balance, and medication timing""}","kamishibai paper theater illustration, hand-painted gouache and watercolor on warm textured paper, soft pencil contour, muted warm colors, simple stage-like framed composition, Japanese domestic setting, gentle expressions, visible paper grain, no photorealism, no glossy CG, no digital anime rendering, no readable text. Scene locked to narration line: 'その端に、今朝、立ったときに少し揺れた、と短く書きました。'. A simple educational kamishibai metaphor showing an older body adjusting slowly after standing, with abstract soft waves for blood pressure, hydration, balance, and medication timing. Composition should express this exact moment only, with one clear focal point and calm senior-friendly readability. Avoid dramatic falling, panic, hospital emergency imagery, red warning graphics, speech bubbles, lip-sync pose, mouth-open acting, clutter, photorealism, glossy CG."
63,S06_body_explanation,process_metaphor,none,no_readable_text,line_context_locked_keyframe,"{""script_text"": ""何時ごろだったか。"", ""scene_group_id"": ""S06_body_explanation"", ""visual_intent"": ""A simple educational kamishibai metaphor showing an older body adjusting slowly after standing, with abstract soft waves for blood pressure, hydration, balance, and medication timing""}","kamishibai paper theater illustration, hand-painted gouache and watercolor on warm textured paper, soft pencil contour, muted warm colors, simple stage-like framed composition, Japanese domestic setting, gentle expressions, visible paper grain, no photorealism, no glossy CG, no digital anime rendering, no readable text. Scene locked to narration line: '何時ごろだったか。'. A simple educational kamishibai metaphor showing an older body adjusting slowly after standing, with abstract soft waves for blood pressure, hydration, balance, and medication timing. Composition should express this exact moment only, with one clear focal point and calm senior-friendly readability. Avoid dramatic falling, panic, hospital emergency imagery, red warning graphics, speech bubbles, lip-sync pose, mouth-open acting, clutter, photorealism, glossy CG."
64,S06_body_explanation,process_metaphor,none,no_readable_text,line_context_locked_keyframe,"{""script_text"": ""座っていたあとだったか。"", ""scene_group_id"": ""S06_body_explanation"", ""visual_intent"": ""A simple educational kamishibai metaphor showing an older body adjusting slowly after standing, with abstract soft waves for blood pressure, hydration, balance, and medication timing""}","kamishibai paper theater illustration, hand-painted gouache and watercolor on warm textured paper, soft pencil contour, muted warm colors, simple stage-like framed composition, Japanese domestic setting, gentle expressions, visible paper grain, no photorealism, no glossy CG, no digital anime rendering, no readable text. Scene locked to narration line: '座っていたあとだったか。'. A simple educational kamishibai metaphor showing an older body adjusting slowly after standing, with abstract soft waves for blood pressure, hydration, balance, and medication timing. Composition should express this exact moment only, with one clear focal point and calm senior-friendly readability. Avoid dramatic falling, panic, hospital emergency imagery, red warning graphics, speech bubbles, lip-sync pose, mouth-open acting, clutter, photorealism, glossy CG."
65,S06_body_explanation,process_metaphor,none,no_readable_text,line_context_locked_keyframe,"{""script_text"": ""朝ごはんの前だったか。"", ""scene_group_id"": ""S06_body_explanation"", ""visual_intent"": ""A simple educational kamishibai metaphor showing an older body adjusting slowly after standing, with abstract soft waves for blood pressure, hydration, balance, and medication timing""}","kamishibai paper theater illustration, hand-painted gouache and watercolor on warm textured paper, soft pencil contour, muted warm colors, simple stage-like framed composition, Japanese domestic setting, gentle expressions, visible paper grain, no photorealism, no glossy CG, no digital anime rendering, no readable text. Scene locked to narration line: '朝ごはんの前だったか。'. A simple educational kamishibai metaphor showing an older body adjusting slowly after standing, with abstract soft waves for blood pressure, hydration, balance, and medication timing. Composition should express this exact moment only, with one clear focal point and calm senior-friendly readability. Avoid dramatic falling, panic, hospital emergency imagery, red warning graphics, speech bubbles, lip-sync pose, mouth-open acting, clutter, photorealism, glossy CG."
66,S06_body_explanation,process_metaphor,none,no_readable_text,line_context_locked_keyframe,"{""script_text"": ""薬を飲む前だったか、飲んだあとだったか。"", ""scene_group_id"": ""S06_body_explanation"", ""visual_intent"": ""A simple educational kamishibai metaphor showing an older body adjusting slowly after standing, with abstract soft waves for blood pressure, hydration, balance, and medication timing""}","kamishibai paper theater illustration, hand-painted gouache and watercolor on warm textured paper, soft pencil contour, muted warm colors, simple stage-like framed composition, Japanese domestic setting, gentle expressions, visible paper grain, no photorealism, no glossy CG, no digital anime rendering, no readable text. Scene locked to narration line: '薬を飲む前だったか、飲んだあとだったか。'. A simple educational kamishibai metaphor showing an older body adjusting slowly after standing, with abstract soft waves for blood pressure, hydration, balance, and medication timing. Composition should express this exact moment only, with one clear focal point and calm senior-friendly readability. Avoid dramatic falling, panic, hospital emergency imagery, red warning graphics, speech bubbles, lip-sync pose, mouth-open acting, clutter, photorealism, glossy CG."
67,S06_body_explanation,process_metaphor,none,no_readable_text,line_context_locked_keyframe,"{""script_text"": ""細かく書きすぎる必要はありません。"", ""scene_group_id"": ""S06_body_explanation"", ""visual_intent"": ""A simple educational kamishibai metaphor showing an older body adjusting slowly after standing, with abstract soft waves for blood pressure, hydration, balance, and medication timing""}","kamishibai paper theater illustration, hand-painted gouache and watercolor on warm textured paper, soft pencil contour, muted warm colors, simple stage-like framed composition, Japanese domestic setting, gentle expressions, visible paper grain, no photorealism, no glossy CG, no digital anime rendering, no readable text. Scene locked to narration line: '細かく書きすぎる必要はありません。'. A simple educational kamishibai metaphor showing an older body adjusting slowly after standing, with abstract soft waves for blood pressure, hydration, balance, and medication timing. Composition should express this exact moment only, with one clear focal point and calm senior-friendly readability. Avoid dramatic falling, panic, hospital emergency imagery, red warning graphics, speech bubbles, lip-sync pose, mouth-open acting, clutter, photorealism, glossy CG."
68,S06_body_explanation,process_metaphor,none,no_readable_text,line_context_locked_keyframe,"{""script_text"": ""ただ、体の出来事を少し残しておくだけで、あとから見返しやすくなります。"", ""scene_group_id"": ""S06_body_explanation"", ""visual_intent"": ""A simple educational kamishibai metaphor showing an older body adjusting slowly after standing, with abstract soft waves for blood pressure, hydration, balance, and medication timing""}","kamishibai paper theater illustration, hand-painted gouache and watercolor on warm textured paper, soft pencil contour, muted warm colors, simple stage-like framed composition, Japanese domestic setting, gentle expressions, visible paper grain, no photorealism, no glossy CG, no digital anime rendering, no readable text. Scene locked to narration line: 'ただ、体の出来事を少し残しておくだけで、あとから見返しやすくなります。'. A simple educational kamishibai metaphor showing an older body adjusting slowly after standing, with abstract soft waves for blood pressure, hydration, balance, and medication timing. Composition should express this exact moment only, with one clear focal point and calm senior-friendly readability. Avoid dramatic falling, panic, hospital emergency imagery, red warning graphics, speech bubbles, lip-sync pose, mouth-open acting, clutter, photorealism, glossy CG."
69,S06_body_explanation,process_metaphor,none,no_readable_text,line_context_locked_keyframe,"{""script_text"": ""その日から、美智子さんは暮らしの流れをほんの少し変えてみました。"", ""scene_group_id"": ""S06_body_explanation"", ""visual_intent"": ""A simple educational kamishibai metaphor showing an older body adjusting slowly after standing, with abstract soft waves for blood pressure, hydration, balance, and medication timing""}","kamishibai paper theater illustration, hand-painted gouache and watercolor on warm textured paper, soft pencil contour, muted warm colors, simple stage-like framed composition, Japanese domestic setting, gentle expressions, visible paper grain, no photorealism, no glossy CG, no digital anime rendering, no readable text. Scene locked to narration line: 'その日から、美智子さんは暮らしの流れをほんの少し変えてみました。'. A simple educational kamishibai metaphor showing an older body adjusting slowly after standing, with abstract soft waves for blood pressure, hydration, balance, and medication timing. Composition should express this exact moment only, with one clear focal point and calm senior-friendly readability. Avoid dramatic falling, panic, hospital emergency imagery, red warning graphics, speech bubbles, lip-sync pose, mouth-open acting, clutter, photorealism, glossy CG."
70,S07_notebook,object_focus,none,no_readable_text,line_context_locked_keyframe,"{""script_text"": ""まず、布団から起きるときに、すぐ立たないことにしました。"", ""scene_group_id"": ""S07_notebook"", ""visual_intent"": ""A close view of Michiko's hands writing brief morning body notes in a small notebook beside a teacup""}","kamishibai paper theater illustration, hand-painted gouache and watercolor on warm textured paper, soft pencil contour, muted warm colors, simple stage-like framed composition, Japanese domestic setting, gentle expressions, visible paper grain, no photorealism, no glossy CG, no digital anime rendering, no readable text. Scene locked to narration line: 'まず、布団から起きるときに、すぐ立たないことにしました。'. A close view of Michiko's hands writing brief morning body notes in a small notebook beside a teacup. Composition should express this exact moment only, with one clear focal point and calm senior-friendly readability. Avoid dramatic falling, panic, hospital emergency imagery, red warning graphics, speech bubbles, lip-sync pose, mouth-open acting, clutter, photorealism, glossy CG."
71,S07_notebook,object_focus,none,no_readable_text,line_context_locked_keyframe,"{""script_text"": ""横向きになり、手で体を支え、いったん座ります。"", ""scene_group_id"": ""S07_notebook"", ""visual_intent"": ""A close view of Michiko's hands writing brief morning body notes in a small notebook beside a teacup""}","kamishibai paper theater illustration, hand-painted gouache and watercolor on warm textured paper, soft pencil contour, muted warm colors, simple stage-like framed composition, Japanese domestic setting, gentle expressions, visible paper grain, no photorealism, no glossy CG, no digital anime rendering, no readable text. Scene locked to narration line: '横向きになり、手で体を支え、いったん座ります。'. A close view of Michiko's hands writing brief morning body notes in a small notebook beside a teacup. Composition should express this exact moment only, with one clear focal point and calm senior-friendly readability. Avoid dramatic falling, panic, hospital emergency imagery, red warning graphics, speech bubbles, lip-sync pose, mouth-open acting, clutter, photorealism, glossy CG."
72,S07_notebook,object_focus,none,no_readable_text,line_context_locked_keyframe,"{""script_text"": ""足の裏が床についたことを確認してから、ひと呼吸置きます。"", ""scene_group_id"": ""S07_notebook"", ""visual_intent"": ""A close view of Michiko's hands writing brief morning body notes in a small notebook beside a teacup""}","kamishibai paper theater illustration, hand-painted gouache and watercolor on warm textured paper, soft pencil contour, muted warm colors, simple stage-like framed composition, Japanese domestic setting, gentle expressions, visible paper grain, no photorealism, no glossy CG, no digital anime rendering, no readable text. Scene locked to narration line: '足の裏が床についたことを確認してから、ひと呼吸置きます。'. A close view of Michiko's hands writing brief morning body notes in a small notebook beside a teacup. Composition should express this exact moment only, with one clear focal point and calm senior-friendly readability. Avoid dramatic falling, panic, hospital emergency imagery, red warning graphics, speech bubbles, lip-sync pose, mouth-open acting, clutter, photorealism, glossy CG."
73,S07_notebook,object_focus,none,no_readable_text,line_context_locked_keyframe,"{""script_text"": ""その一呼吸は、長い儀式ではありません。"", ""scene_group_id"": ""S07_notebook"", ""visual_intent"": ""A close view of Michiko's hands writing brief morning body notes in a small notebook beside a teacup""}","kamishibai paper theater illustration, hand-painted gouache and watercolor on warm textured paper, soft pencil contour, muted warm colors, simple stage-like framed composition, Japanese domestic setting, gentle expressions, visible paper grain, no photorealism, no glossy CG, no digital anime rendering, no readable text. Scene locked to narration line: 'その一呼吸は、長い儀式ではありません。'. A close view of Michiko's hands writing brief morning body notes in a small notebook beside a teacup. Composition should express this exact moment only, with one clear focal point and calm senior-friendly readability. Avoid dramatic falling, panic, hospital emergency imagery, red warning graphics, speech bubbles, lip-sync pose, mouth-open acting, clutter, photorealism, glossy CG."
74,S07_notebook,object_focus,none,no_readable_text,line_context_locked_keyframe,"{""script_text"": ""窓の外の光を見るくらいの短い時間です。"", ""scene_group_id"": ""S07_notebook"", ""visual_intent"": ""A close view of Michiko's hands writing brief morning body notes in a small notebook beside a teacup""}","kamishibai paper theater illustration, hand-painted gouache and watercolor on warm textured paper, soft pencil contour, muted warm colors, simple stage-like framed composition, Japanese domestic setting, gentle expressions, visible paper grain, no photorealism, no glossy CG, no digital anime rendering, no readable text. Scene locked to narration line: '窓の外の光を見るくらいの短い時間です。'. A close view of Michiko's hands writing brief morning body notes in a small notebook beside a teacup. Composition should express this exact moment only, with one clear focal point and calm senior-friendly readability. Avoid dramatic falling, panic, hospital emergency imagery, red warning graphics, speech bubbles, lip-sync pose, mouth-open acting, clutter, photorealism, glossy CG."
75,S07_notebook,object_focus,none,no_readable_text,line_context_locked_keyframe,"{""script_text"": ""それでも、体にとっては、これから立ちますよという合図になります。"", ""scene_group_id"": ""S07_notebook"", ""visual_intent"": ""A close view of Michiko's hands writing brief morning body notes in a small notebook beside a teacup""}","kamishibai paper theater illustration, hand-painted gouache and watercolor on warm textured paper, soft pencil contour, muted warm colors, simple stage-like framed composition, Japanese domestic setting, gentle expressions, visible paper grain, no photorealism, no glossy CG, no digital anime rendering, no readable text. Scene locked to narration line: 'それでも、体にとっては、これから立ちますよという合図になります。'. A close view of Michiko's hands writing brief morning body notes in a small notebook beside a teacup. Composition should express this exact moment only, with one clear focal point and calm senior-friendly readability. Avoid dramatic falling, panic, hospital emergency imagery, red warning graphics, speech bubbles, lip-sync pose, mouth-open acting, clutter, photorealism, glossy CG."
76,S07_notebook,object_focus,none,no_readable_text,line_context_locked_keyframe,"{""script_text"": ""次に、廊下を少し明るくしました。"", ""scene_group_id"": ""S07_notebook"", ""visual_intent"": ""A close view of Michiko's hands writing brief morning body notes in a small notebook beside a teacup""}","kamishibai paper theater illustration, hand-painted gouache and watercolor on warm textured paper, soft pencil contour, muted warm colors, simple stage-like framed composition, Japanese domestic setting, gentle expressions, visible paper grain, no photorealism, no glossy CG, no digital anime rendering, no readable text. Scene locked to narration line: '次に、廊下を少し明るくしました。'. A close view of Michiko's hands writing brief morning body notes in a small notebook beside a teacup. Composition should express this exact moment only, with one clear focal point and calm senior-friendly readability. Avoid dramatic falling, panic, hospital emergency imagery, red warning graphics, speech bubbles, lip-sync pose, mouth-open acting, clutter, photorealism, glossy CG."
77,S07_notebook,object_focus,none,no_readable_text,line_context_locked_keyframe,"{""script_text"": ""夜や早朝に歩く場所へ、小さな足元灯を置きました。"", ""scene_group_id"": ""S07_notebook"", ""visual_intent"": ""A close view of Michiko's hands writing brief morning body notes in a small notebook beside a teacup""}","kamishibai paper theater illustration, hand-painted gouache and watercolor on warm textured paper, soft pencil contour, muted warm colors, simple stage-like framed composition, Japanese domestic setting, gentle expressions, visible paper grain, no photorealism, no glossy CG, no digital anime rendering, no readable text. Scene locked to narration line: '夜や早朝に歩く場所へ、小さな足元灯を置きました。'. A close view of Michiko's hands writing brief morning body notes in a small notebook beside a teacup. Composition should express this exact moment only, with one clear focal point and calm senior-friendly readability. Avoid dramatic falling, panic, hospital emergency imagery, red warning graphics, speech bubbles, lip-sync pose, mouth-open acting, clutter, photorealism, glossy CG."
78,S07_notebook,object_focus,none,no_readable_text,line_context_locked_keyframe,"{""script_text"": ""明るすぎる光ではなく、足先と床の境目がわかる程度のやさしい光です。"", ""scene_group_id"": ""S07_notebook"", ""visual_intent"": ""A close view of Michiko's hands writing brief morning body notes in a small notebook beside a teacup""}","kamishibai paper theater illustration, hand-painted gouache and watercolor on warm textured paper, soft pencil contour, muted warm colors, simple stage-like framed composition, Japanese domestic setting, gentle expressions, visible paper grain, no photorealism, no glossy CG, no digital anime rendering, no readable text. Scene locked to narration line: '明るすぎる光ではなく、足先と床の境目がわかる程度のやさしい光です。'. A close view of Michiko's hands writing brief morning body notes in a small notebook beside a teacup. Composition should express this exact moment only, with one clear focal point and calm senior-friendly readability. Avoid dramatic falling, panic, hospital emergency imagery, red warning graphics, speech bubbles, lip-sync pose, mouth-open acting, clutter, photorealism, glossy CG."
79,S07_notebook,object_focus,none,no_readable_text,line_context_locked_keyframe,"{""script_text"": ""廊下に置いていた古い新聞の束も、壁ぎわへ移しました。"", ""scene_group_id"": ""S07_notebook"", ""visual_intent"": ""A close view of Michiko's hands writing brief morning body notes in a small notebook beside a teacup""}","kamishibai paper theater illustration, hand-painted gouache and watercolor on warm textured paper, soft pencil contour, muted warm colors, simple stage-like framed composition, Japanese domestic setting, gentle expressions, visible paper grain, no photorealism, no glossy CG, no digital anime rendering, no readable text. Scene locked to narration line: '廊下に置いていた古い新聞の束も、壁ぎわへ移しました。'. A close view of Michiko's hands writing brief morning body notes in a small notebook beside a teacup. Composition should express this exact moment only, with one clear focal point and calm senior-friendly readability. Avoid dramatic falling, panic, hospital emergency imagery, red warning graphics, speech bubbles, lip-sync pose, mouth-open acting, clutter, photorealism, glossy CG."
80,S07_notebook,object_focus,none,no_readable_text,line_context_locked_keyframe,"{""script_text"": ""通り道に何もないだけで、歩く前の不安が少し軽くなりました。"", ""scene_group_id"": ""S07_notebook"", ""visual_intent"": ""A close view of Michiko's hands writing brief morning body notes in a small notebook beside a teacup""}","kamishibai paper theater illustration, hand-painted gouache and watercolor on warm textured paper, soft pencil contour, muted warm colors, simple stage-like framed composition, Japanese domestic setting, gentle expressions, visible paper grain, no photorealism, no glossy CG, no digital anime rendering, no readable text. Scene locked to narration line: '通り道に何もないだけで、歩く前の不安が少し軽くなりました。'. A close view of Michiko's hands writing brief morning body notes in a small notebook beside a teacup. Composition should express this exact moment only, with one clear focal point and calm senior-friendly readability. Avoid dramatic falling, panic, hospital emergency imagery, red warning graphics, speech bubbles, lip-sync pose, mouth-open acting, clutter, photorealism, glossy CG."
81,S08_life_adjustments,everyday_example,none,no_readable_text,line_context_locked_keyframe,"{""script_text"": ""それから、スリッパも見直しました。"", ""scene_group_id"": ""S08_life_adjustments"", ""visual_intent"": ""Michiko calmly adjusts her morning routine: hands on knees, feet flat, small hallway footlight, stable slippers, clear walking path, a glass of water on the table""}","kamishibai paper theater illustration, hand-painted gouache and watercolor on warm textured paper, soft pencil contour, muted warm colors, simple stage-like framed composition, Japanese domestic setting, gentle expressions, visible paper grain, no photorealism, no glossy CG, no digital anime rendering, no readable text. Scene locked to narration line: 'それから、スリッパも見直しました。'. Michiko calmly adjusts her morning routine: hands on knees, feet flat, small hallway footlight, stable slippers, clear walking path, a glass of water on the table. Composition should express this exact moment only, with one clear focal point and calm senior-friendly readability. Avoid dramatic falling, panic, hospital emergency imagery, red warning graphics, speech bubbles, lip-sync pose, mouth-open acting, clutter, photorealism, glossy CG."
82,S08_life_adjustments,everyday_example,none,no_readable_text,line_context_locked_keyframe,"{""script_text"": ""長く履いていた柔らかいスリッパは、かかとが少しゆるくなっていました。"", ""scene_group_id"": ""S08_life_adjustments"", ""visual_intent"": ""Michiko calmly adjusts her morning routine: hands on knees, feet flat, small hallway footlight, stable slippers, clear walking path, a glass of water on the table""}","kamishibai paper theater illustration, hand-painted gouache and watercolor on warm textured paper, soft pencil contour, muted warm colors, simple stage-like framed composition, Japanese domestic setting, gentle expressions, visible paper grain, no photorealism, no glossy CG, no digital anime rendering, no readable text. Scene locked to narration line: '長く履いていた柔らかいスリッパは、かかとが少しゆるくなっていました。'. Michiko calmly adjusts her morning routine: hands on knees, feet flat, small hallway footlight, stable slippers, clear walking path, a glass of water on the table. Composition should express this exact moment only, with one clear focal point and calm senior-friendly readability. Avoid dramatic falling, panic, hospital emergency imagery, red warning graphics, speech bubbles, lip-sync pose, mouth-open acting, clutter, photorealism, glossy CG."
83,S08_life_adjustments,everyday_example,none,no_readable_text,line_context_locked_keyframe,"{""script_text"": ""楽だからと思って履いていましたが、歩き始めに足から離れそうになることがありました。"", ""scene_group_id"": ""S08_life_adjustments"", ""visual_intent"": ""Michiko calmly adjusts her morning routine: hands on knees, feet flat, small hallway footlight, stable slippers, clear walking path, a glass of water on the table""}","kamishibai paper theater illustration, hand-painted gouache and watercolor on warm textured paper, soft pencil contour, muted warm colors, simple stage-like framed composition, Japanese domestic setting, gentle expressions, visible paper grain, no photorealism, no glossy CG, no digital anime rendering, no readable text. Scene locked to narration line: '楽だからと思って履いていましたが、歩き始めに足から離れそうになることがありました。'. Michiko calmly adjusts her morning routine: hands on knees, feet flat, small hallway footlight, stable slippers, clear walking path, a glass of water on the table. Composition should express this exact moment only, with one clear focal point and calm senior-friendly readability. Avoid dramatic falling, panic, hospital emergency imagery, red warning graphics, speech bubbles, lip-sync pose, mouth-open acting, clutter, photorealism, glossy CG."
84,S08_life_adjustments,everyday_example,none,no_readable_text,line_context_locked_keyframe,"{""script_text"": ""美智子さんは、足に合い、底がすべりにくいものへ替えました。"", ""scene_group_id"": ""S08_life_adjustments"", ""visual_intent"": ""Michiko calmly adjusts her morning routine: hands on knees, feet flat, small hallway footlight, stable slippers, clear walking path, a glass of water on the table""}","kamishibai paper theater illustration, hand-painted gouache and watercolor on warm textured paper, soft pencil contour, muted warm colors, simple stage-like framed composition, Japanese domestic setting, gentle expressions, visible paper grain, no photorealism, no glossy CG, no digital anime rendering, no readable text. Scene locked to narration line: '美智子さんは、足に合い、底がすべりにくいものへ替えました。'. Michiko calmly adjusts her morning routine: hands on knees, feet flat, small hallway footlight, stable slippers, clear walking path, a glass of water on the table. Composition should express this exact moment only, with one clear focal point and calm senior-friendly readability. Avoid dramatic falling, panic, hospital emergency imagery, red warning graphics, speech bubbles, lip-sync pose, mouth-open acting, clutter, photorealism, glossy CG."
85,S08_life_adjustments,everyday_example,none,no_readable_text,line_context_locked_keyframe,"{""script_text"": ""新しいものを買ったというより、足元を自分の味方にしたような気持ちでした。"", ""scene_group_id"": ""S08_life_adjustments"", ""visual_intent"": ""Michiko calmly adjusts her morning routine: hands on knees, feet flat, small hallway footlight, stable slippers, clear walking path, a glass of water on the table""}","kamishibai paper theater illustration, hand-painted gouache and watercolor on warm textured paper, soft pencil contour, muted warm colors, simple stage-like framed composition, Japanese domestic setting, gentle expressions, visible paper grain, no photorealism, no glossy CG, no digital anime rendering, no readable text. Scene locked to narration line: '新しいものを買ったというより、足元を自分の味方にしたような気持ちでした。'. Michiko calmly adjusts her morning routine: hands on knees, feet flat, small hallway footlight, stable slippers, clear walking path, a glass of water on the table. Composition should express this exact moment only, with one clear focal point and calm senior-friendly readability. Avoid dramatic falling, panic, hospital emergency imagery, red warning graphics, speech bubbles, lip-sync pose, mouth-open acting, clutter, photorealism, glossy CG."
86,S08_life_adjustments,everyday_example,none,no_readable_text,line_context_locked_keyframe,"{""script_text"": ""朝の水分も、少し気をつけるようになりました。"", ""scene_group_id"": ""S08_life_adjustments"", ""visual_intent"": ""Michiko calmly adjusts her morning routine: hands on knees, feet flat, small hallway footlight, stable slippers, clear walking path, a glass of water on the table""}","kamishibai paper theater illustration, hand-painted gouache and watercolor on warm textured paper, soft pencil contour, muted warm colors, simple stage-like framed composition, Japanese domestic setting, gentle expressions, visible paper grain, no photorealism, no glossy CG, no digital anime rendering, no readable text. Scene locked to narration line: '朝の水分も、少し気をつけるようになりました。'. Michiko calmly adjusts her morning routine: hands on knees, feet flat, small hallway footlight, stable slippers, clear walking path, a glass of water on the table. Composition should express this exact moment only, with one clear focal point and calm senior-friendly readability. Avoid dramatic falling, panic, hospital emergency imagery, red warning graphics, speech bubbles, lip-sync pose, mouth-open acting, clutter, photorealism, glossy CG."
87,S08_life_adjustments,everyday_example,none,no_readable_text,line_context_locked_keyframe,"{""script_text"": ""起きてすぐ熱いお茶に向かう前に、常温の水をひと口飲みます。"", ""scene_group_id"": ""S08_life_adjustments"", ""visual_intent"": ""Michiko calmly adjusts her morning routine: hands on knees, feet flat, small hallway footlight, stable slippers, clear walking path, a glass of water on the table""}","kamishibai paper theater illustration, hand-painted gouache and watercolor on warm textured paper, soft pencil contour, muted warm colors, simple stage-like framed composition, Japanese domestic setting, gentle expressions, visible paper grain, no photorealism, no glossy CG, no digital anime rendering, no readable text. Scene locked to narration line: '起きてすぐ熱いお茶に向かう前に、常温の水をひと口飲みます。'. Michiko calmly adjusts her morning routine: hands on knees, feet flat, small hallway footlight, stable slippers, clear walking path, a glass of water on the table. Composition should express this exact moment only, with one clear focal point and calm senior-friendly readability. Avoid dramatic falling, panic, hospital emergency imagery, red warning graphics, speech bubbles, lip-sync pose, mouth-open acting, clutter, photorealism, glossy CG."
88,S08_life_adjustments,everyday_example,none,no_readable_text,line_context_locked_keyframe,"{""script_text"": ""たくさん飲まなければならない、という話ではありません。"", ""scene_group_id"": ""S08_life_adjustments"", ""visual_intent"": ""Michiko calmly adjusts her morning routine: hands on knees, feet flat, small hallway footlight, stable slippers, clear walking path, a glass of water on the table""}","kamishibai paper theater illustration, hand-painted gouache and watercolor on warm textured paper, soft pencil contour, muted warm colors, simple stage-like framed composition, Japanese domestic setting, gentle expressions, visible paper grain, no photorealism, no glossy CG, no digital anime rendering, no readable text. Scene locked to narration line: 'たくさん飲まなければならない、という話ではありません。'. Michiko calmly adjusts her morning routine: hands on knees, feet flat, small hallway footlight, stable slippers, clear walking path, a glass of water on the table. Composition should express this exact moment only, with one clear focal point and calm senior-friendly readability. Avoid dramatic falling, panic, hospital emergency imagery, red warning graphics, speech bubbles, lip-sync pose, mouth-open acting, clutter, photorealism, glossy CG."
89,S08_life_adjustments,everyday_example,none,no_readable_text,line_context_locked_keyframe,"{""script_text"": ""体の状態や病気によって、水分のとり方は人それぞれです。"", ""scene_group_id"": ""S08_life_adjustments"", ""visual_intent"": ""Michiko calmly adjusts her morning routine: hands on knees, feet flat, small hallway footlight, stable slippers, clear walking path, a glass of water on the table""}","kamishibai paper theater illustration, hand-painted gouache and watercolor on warm textured paper, soft pencil contour, muted warm colors, simple stage-like framed composition, Japanese domestic setting, gentle expressions, visible paper grain, no photorealism, no glossy CG, no digital anime rendering, no readable text. Scene locked to narration line: '体の状態や病気によって、水分のとり方は人それぞれです。'. Michiko calmly adjusts her morning routine: hands on knees, feet flat, small hallway footlight, stable slippers, clear walking path, a glass of water on the table. Composition should express this exact moment only, with one clear focal point and calm senior-friendly readability. Avoid dramatic falling, panic, hospital emergency imagery, red warning graphics, speech bubbles, lip-sync pose, mouth-open acting, clutter, photorealism, glossy CG."
90,S08_life_adjustments,everyday_example,none,no_readable_text,line_context_locked_keyframe,"{""script_text"": ""医師から水分の制限を受けている方は、その指示を優先してください。"", ""scene_group_id"": ""S08_life_adjustments"", ""visual_intent"": ""Michiko calmly adjusts her morning routine: hands on knees, feet flat, small hallway footlight, stable slippers, clear walking path, a glass of water on the table""}","kamishibai paper theater illustration, hand-painted gouache and watercolor on warm textured paper, soft pencil contour, muted warm colors, simple stage-like framed composition, Japanese domestic setting, gentle expressions, visible paper grain, no photorealism, no glossy CG, no digital anime rendering, no readable text. Scene locked to narration line: '医師から水分の制限を受けている方は、その指示を優先してください。'. Michiko calmly adjusts her morning routine: hands on knees, feet flat, small hallway footlight, stable slippers, clear walking path, a glass of water on the table. Composition should express this exact moment only, with one clear focal point and calm senior-friendly readability. Avoid dramatic falling, panic, hospital emergency imagery, red warning graphics, speech bubbles, lip-sync pose, mouth-open acting, clutter, photorealism, glossy CG."
91,S08_life_adjustments,everyday_example,none,no_readable_text,line_context_locked_keyframe,"{""script_text"": ""美智子さんにとっては、ひと口の水が、朝を急がないための合図にもなりました。"", ""scene_group_id"": ""S08_life_adjustments"", ""visual_intent"": ""Michiko calmly adjusts her morning routine: hands on knees, feet flat, small hallway footlight, stable slippers, clear walking path, a glass of water on the table""}","kamishibai paper theater illustration, hand-painted gouache and watercolor on warm textured paper, soft pencil contour, muted warm colors, simple stage-like framed composition, Japanese domestic setting, gentle expressions, visible paper grain, no photorealism, no glossy CG, no digital anime rendering, no readable text. Scene locked to narration line: '美智子さんにとっては、ひと口の水が、朝を急がないための合図にもなりました。'. Michiko calmly adjusts her morning routine: hands on knees, feet flat, small hallway footlight, stable slippers, clear walking path, a glass of water on the table. Composition should express this exact moment only, with one clear focal point and calm senior-friendly readability. Avoid dramatic falling, panic, hospital emergency imagery, red warning graphics, speech bubbles, lip-sync pose, mouth-open acting, clutter, photorealism, glossy CG."
92,S08_life_adjustments,everyday_example,none,no_readable_text,line_context_locked_keyframe,"{""script_text"": ""数日たつと、美智子さんは自分の歩き方を前より丁寧に見るようになりました。"", ""scene_group_id"": ""S08_life_adjustments"", ""visual_intent"": ""Michiko calmly adjusts her morning routine: hands on knees, feet flat, small hallway footlight, stable slippers, clear walking path, a glass of water on the table""}","kamishibai paper theater illustration, hand-painted gouache and watercolor on warm textured paper, soft pencil contour, muted warm colors, simple stage-like framed composition, Japanese domestic setting, gentle expressions, visible paper grain, no photorealism, no glossy CG, no digital anime rendering, no readable text. Scene locked to narration line: '数日たつと、美智子さんは自分の歩き方を前より丁寧に見るようになりました。'. Michiko calmly adjusts her morning routine: hands on knees, feet flat, small hallway footlight, stable slippers, clear walking path, a glass of water on the table. Composition should express this exact moment only, with one clear focal point and calm senior-friendly readability. Avoid dramatic falling, panic, hospital emergency imagery, red warning graphics, speech bubbles, lip-sync pose, mouth-open acting, clutter, photorealism, glossy CG."
93,S08_life_adjustments,everyday_example,none,no_readable_text,line_context_locked_keyframe,"{""script_text"": ""今日は足が重いなと思う日は、予定を詰め込みすぎないようにしました。"", ""scene_group_id"": ""S08_life_adjustments"", ""visual_intent"": ""Michiko calmly adjusts her morning routine: hands on knees, feet flat, small hallway footlight, stable slippers, clear walking path, a glass of water on the table""}","kamishibai paper theater illustration, hand-painted gouache and watercolor on warm textured paper, soft pencil contour, muted warm colors, simple stage-like framed composition, Japanese domestic setting, gentle expressions, visible paper grain, no photorealism, no glossy CG, no digital anime rendering, no readable text. Scene locked to narration line: '今日は足が重いなと思う日は、予定を詰め込みすぎないようにしました。'. Michiko calmly adjusts her morning routine: hands on knees, feet flat, small hallway footlight, stable slippers, clear walking path, a glass of water on the table. Composition should express this exact moment only, with one clear focal point and calm senior-friendly readability. Avoid dramatic falling, panic, hospital emergency imagery, red warning graphics, speech bubbles, lip-sync pose, mouth-open acting, clutter, photorealism, glossy CG."
94,S08_life_adjustments,everyday_example,none,no_readable_text,line_context_locked_keyframe,"{""script_text"": ""買い物へ行く前に、天気と足元を確かめました。"", ""scene_group_id"": ""S08_life_adjustments"", ""visual_intent"": ""Michiko calmly adjusts her morning routine: hands on knees, feet flat, small hallway footlight, stable slippers, clear walking path, a glass of water on the table""}","kamishibai paper theater illustration, hand-painted gouache and watercolor on warm textured paper, soft pencil contour, muted warm colors, simple stage-like framed composition, Japanese domestic setting, gentle expressions, visible paper grain, no photorealism, no glossy CG, no digital anime rendering, no readable text. Scene locked to narration line: '買い物へ行く前に、天気と足元を確かめました。'. Michiko calmly adjusts her morning routine: hands on knees, feet flat, small hallway footlight, stable slippers, clear walking path, a glass of water on the table. Composition should express this exact moment only, with one clear focal point and calm senior-friendly readability. Avoid dramatic falling, panic, hospital emergency imagery, red warning graphics, speech bubbles, lip-sync pose, mouth-open acting, clutter, photorealism, glossy CG."
95,S08_life_adjustments,everyday_example,none,no_readable_text,line_context_locked_keyframe,"{""script_text"": ""少し疲れている日は、部屋の中でも急な向き変えを避けました。"", ""scene_group_id"": ""S08_life_adjustments"", ""visual_intent"": ""Michiko calmly adjusts her morning routine: hands on knees, feet flat, small hallway footlight, stable slippers, clear walking path, a glass of water on the table""}","kamishibai paper theater illustration, hand-painted gouache and watercolor on warm textured paper, soft pencil contour, muted warm colors, simple stage-like framed composition, Japanese domestic setting, gentle expressions, visible paper grain, no photorealism, no glossy CG, no digital anime rendering, no readable text. Scene locked to narration line: '少し疲れている日は、部屋の中でも急な向き変えを避けました。'. Michiko calmly adjusts her morning routine: hands on knees, feet flat, small hallway footlight, stable slippers, clear walking path, a glass of water on the table. Composition should express this exact moment only, with one clear focal point and calm senior-friendly readability. Avoid dramatic falling, panic, hospital emergency imagery, red warning graphics, speech bubbles, lip-sync pose, mouth-open acting, clutter, photorealism, glossy CG."
96,S08_life_adjustments,everyday_example,none,no_readable_text,line_context_locked_keyframe,"{""script_text"": ""台所で振り返るときも、足の向きを小さく変えてから体を回しました。"", ""scene_group_id"": ""S08_life_adjustments"", ""visual_intent"": ""Michiko calmly adjusts her morning routine: hands on knees, feet flat, small hallway footlight, stable slippers, clear walking path, a glass of water on the table""}","kamishibai paper theater illustration, hand-painted gouache and watercolor on warm textured paper, soft pencil contour, muted warm colors, simple stage-like framed composition, Japanese domestic setting, gentle expressions, visible paper grain, no photorealism, no glossy CG, no digital anime rendering, no readable text. Scene locked to narration line: '台所で振り返るときも、足の向きを小さく変えてから体を回しました。'. Michiko calmly adjusts her morning routine: hands on knees, feet flat, small hallway footlight, stable slippers, clear walking path, a glass of water on the table. Composition should express this exact moment only, with one clear focal point and calm senior-friendly readability. Avoid dramatic falling, panic, hospital emergency imagery, red warning graphics, speech bubbles, lip-sync pose, mouth-open acting, clutter, photorealism, glossy CG."
97,S08_life_adjustments,everyday_example,none,no_readable_text,line_context_locked_keyframe,"{""script_text"": ""こうした工夫は、見た目にはほとんどわかりません。"", ""scene_group_id"": ""S08_life_adjustments"", ""visual_intent"": ""Michiko calmly adjusts her morning routine: hands on knees, feet flat, small hallway footlight, stable slippers, clear walking path, a glass of water on the table""}","kamishibai paper theater illustration, hand-painted gouache and watercolor on warm textured paper, soft pencil contour, muted warm colors, simple stage-like framed composition, Japanese domestic setting, gentle expressions, visible paper grain, no photorealism, no glossy CG, no digital anime rendering, no readable text. Scene locked to narration line: 'こうした工夫は、見た目にはほとんどわかりません。'. Michiko calmly adjusts her morning routine: hands on knees, feet flat, small hallway footlight, stable slippers, clear walking path, a glass of water on the table. Composition should express this exact moment only, with one clear focal point and calm senior-friendly readability. Avoid dramatic falling, panic, hospital emergency imagery, red warning graphics, speech bubbles, lip-sync pose, mouth-open acting, clutter, photorealism, glossy CG."
98,S08_life_adjustments,everyday_example,none,no_readable_text,line_context_locked_keyframe,"{""script_text"": ""でも本人にとっては、暮らしの速度を体に合わせ直す大切な調整でした。"", ""scene_group_id"": ""S08_life_adjustments"", ""visual_intent"": ""Michiko calmly adjusts her morning routine: hands on knees, feet flat, small hallway footlight, stable slippers, clear walking path, a glass of water on the table""}","kamishibai paper theater illustration, hand-painted gouache and watercolor on warm textured paper, soft pencil contour, muted warm colors, simple stage-like framed composition, Japanese domestic setting, gentle expressions, visible paper grain, no photorealism, no glossy CG, no digital anime rendering, no readable text. Scene locked to narration line: 'でも本人にとっては、暮らしの速度を体に合わせ直す大切な調整でした。'. Michiko calmly adjusts her morning routine: hands on knees, feet flat, small hallway footlight, stable slippers, clear walking path, a glass of water on the table. Composition should express this exact moment only, with one clear focal point and calm senior-friendly readability. Avoid dramatic falling, panic, hospital emergency imagery, red warning graphics, speech bubbles, lip-sync pose, mouth-open acting, clutter, photorealism, glossy CG."
99,S08_life_adjustments,everyday_example,none,no_readable_text,line_context_locked_keyframe,"{""script_text"": ""ある夕方、娘さんが野菜を届けに来ました。"", ""scene_group_id"": ""S08_life_adjustments"", ""visual_intent"": ""Michiko calmly adjusts her morning routine: hands on knees, feet flat, small hallway footlight, stable slippers, clear walking path, a glass of water on the table""}","kamishibai paper theater illustration, hand-painted gouache and watercolor on warm textured paper, soft pencil contour, muted warm colors, simple stage-like framed composition, Japanese domestic setting, gentle expressions, visible paper grain, no photorealism, no glossy CG, no digital anime rendering, no readable text. Scene locked to narration line: 'ある夕方、娘さんが野菜を届けに来ました。'. Michiko calmly adjusts her morning routine: hands on knees, feet flat, small hallway footlight, stable slippers, clear walking path, a glass of water on the table. Composition should express this exact moment only, with one clear focal point and calm senior-friendly readability. Avoid dramatic falling, panic, hospital emergency imagery, red warning graphics, speech bubbles, lip-sync pose, mouth-open acting, clutter, photorealism, glossy CG."
100,S08_life_adjustments,everyday_example,none,no_readable_text,line_context_locked_keyframe,"{""script_text"": ""美智子さんは、最近少しだけ立つときに気をつけているの、と話しました。"", ""scene_group_id"": ""S08_life_adjustments"", ""visual_intent"": ""Michiko calmly adjusts her morning routine: hands on knees, feet flat, small hallway footlight, stable slippers, clear walking path, a glass of water on the table""}","kamishibai paper theater illustration, hand-painted gouache and watercolor on warm textured paper, soft pencil contour, muted warm colors, simple stage-like framed composition, Japanese domestic setting, gentle expressions, visible paper grain, no photorealism, no glossy CG, no digital anime rendering, no readable text. Scene locked to narration line: '美智子さんは、最近少しだけ立つときに気をつけているの、と話しました。'. Michiko calmly adjusts her morning routine: hands on knees, feet flat, small hallway footlight, stable slippers, clear walking path, a glass of water on the table. Composition should express this exact moment only, with one clear focal point and calm senior-friendly readability. Avoid dramatic falling, panic, hospital emergency imagery, red warning graphics, speech bubbles, lip-sync pose, mouth-open acting, clutter, photorealism, glossy CG."
101,S09_family_sharing,everyday_example,none,no_readable_text,line_context_locked_keyframe,"{""script_text"": ""娘さんは驚きすぎず、そうなんだね、とゆっくり聞いてくれました。"", ""scene_group_id"": ""S09_family_sharing"", ""visual_intent"": ""Michiko calmly talks with her adult daughter at a low table, notebook nearby, warm domestic atmosphere, no dialogue balloons""}","kamishibai paper theater illustration, hand-painted gouache and watercolor on warm textured paper, soft pencil contour, muted warm colors, simple stage-like framed composition, Japanese domestic setting, gentle expressions, visible paper grain, no photorealism, no glossy CG, no digital anime rendering, no readable text. Scene locked to narration line: '娘さんは驚きすぎず、そうなんだね、とゆっくり聞いてくれました。'. Michiko calmly talks with her adult daughter at a low table, notebook nearby, warm domestic atmosphere, no dialogue balloons. Composition should express this exact moment only, with one clear focal point and calm senior-friendly readability. Avoid dramatic falling, panic, hospital emergency imagery, red warning graphics, speech bubbles, lip-sync pose, mouth-open acting, clutter, photorealism, glossy CG."
102,S09_family_sharing,everyday_example,none,no_readable_text,line_context_locked_keyframe,"{""script_text"": ""そして、廊下の明かりが見やすくなったことに気づきました。"", ""scene_group_id"": ""S09_family_sharing"", ""visual_intent"": ""Michiko calmly talks with her adult daughter at a low table, notebook nearby, warm domestic atmosphere, no dialogue balloons""}","kamishibai paper theater illustration, hand-painted gouache and watercolor on warm textured paper, soft pencil contour, muted warm colors, simple stage-like framed composition, Japanese domestic setting, gentle expressions, visible paper grain, no photorealism, no glossy CG, no digital anime rendering, no readable text. Scene locked to narration line: 'そして、廊下の明かりが見やすくなったことに気づきました。'. Michiko calmly talks with her adult daughter at a low table, notebook nearby, warm domestic atmosphere, no dialogue balloons. Composition should express this exact moment only, with one clear focal point and calm senior-friendly readability. Avoid dramatic falling, panic, hospital emergency imagery, red warning graphics, speech bubbles, lip-sync pose, mouth-open acting, clutter, photorealism, glossy CG."
103,S09_family_sharing,everyday_example,none,no_readable_text,line_context_locked_keyframe,"{""script_text"": ""手帳に体調を書いていることも、いいね、と言ってくれました。"", ""scene_group_id"": ""S09_family_sharing"", ""visual_intent"": ""Michiko calmly talks with her adult daughter at a low table, notebook nearby, warm domestic atmosphere, no dialogue balloons""}","kamishibai paper theater illustration, hand-painted gouache and watercolor on warm textured paper, soft pencil contour, muted warm colors, simple stage-like framed composition, Japanese domestic setting, gentle expressions, visible paper grain, no photorealism, no glossy CG, no digital anime rendering, no readable text. Scene locked to narration line: '手帳に体調を書いていることも、いいね、と言ってくれました。'. Michiko calmly talks with her adult daughter at a low table, notebook nearby, warm domestic atmosphere, no dialogue balloons. Composition should express this exact moment only, with one clear focal point and calm senior-friendly readability. Avoid dramatic falling, panic, hospital emergency imagery, red warning graphics, speech bubbles, lip-sync pose, mouth-open acting, clutter, photorealism, glossy CG."
104,S09_family_sharing,everyday_example,none,no_readable_text,line_context_locked_keyframe,"{""script_text"": ""家族に話すと、大げさに心配されるのではないかと思う方もいます。"", ""scene_group_id"": ""S09_family_sharing"", ""visual_intent"": ""Michiko calmly talks with her adult daughter at a low table, notebook nearby, warm domestic atmosphere, no dialogue balloons""}","kamishibai paper theater illustration, hand-painted gouache and watercolor on warm textured paper, soft pencil contour, muted warm colors, simple stage-like framed composition, Japanese domestic setting, gentle expressions, visible paper grain, no photorealism, no glossy CG, no digital anime rendering, no readable text. Scene locked to narration line: '家族に話すと、大げさに心配されるのではないかと思う方もいます。'. Michiko calmly talks with her adult daughter at a low table, notebook nearby, warm domestic atmosphere, no dialogue balloons. Composition should express this exact moment only, with one clear focal point and calm senior-friendly readability. Avoid dramatic falling, panic, hospital emergency imagery, red warning graphics, speech bubbles, lip-sync pose, mouth-open acting, clutter, photorealism, glossy CG."
105,S09_family_sharing,everyday_example,none,no_readable_text,line_context_locked_keyframe,"{""script_text"": ""けれど、何が起きたかを落ち着いて伝えることは、安心につながる場合があります。"", ""scene_group_id"": ""S09_family_sharing"", ""visual_intent"": ""Michiko calmly talks with her adult daughter at a low table, notebook nearby, warm domestic atmosphere, no dialogue balloons""}","kamishibai paper theater illustration, hand-painted gouache and watercolor on warm textured paper, soft pencil contour, muted warm colors, simple stage-like framed composition, Japanese domestic setting, gentle expressions, visible paper grain, no photorealism, no glossy CG, no digital anime rendering, no readable text. Scene locked to narration line: 'けれど、何が起きたかを落ち着いて伝えることは、安心につながる場合があります。'. Michiko calmly talks with her adult daughter at a low table, notebook nearby, warm domestic atmosphere, no dialogue balloons. Composition should express this exact moment only, with one clear focal point and calm senior-friendly readability. Avoid dramatic falling, panic, hospital emergency imagery, red warning graphics, speech bubbles, lip-sync pose, mouth-open acting, clutter, photorealism, glossy CG."
106,S09_family_sharing,everyday_example,none,no_readable_text,line_context_locked_keyframe,"{""script_text"": ""たとえば、いつ、どの動作でふらっとしたのか。"", ""scene_group_id"": ""S09_family_sharing"", ""visual_intent"": ""Michiko calmly talks with her adult daughter at a low table, notebook nearby, warm domestic atmosphere, no dialogue balloons""}","kamishibai paper theater illustration, hand-painted gouache and watercolor on warm textured paper, soft pencil contour, muted warm colors, simple stage-like framed composition, Japanese domestic setting, gentle expressions, visible paper grain, no photorealism, no glossy CG, no digital anime rendering, no readable text. Scene locked to narration line: 'たとえば、いつ、どの動作でふらっとしたのか。'. Michiko calmly talks with her adult daughter at a low table, notebook nearby, warm domestic atmosphere, no dialogue balloons. Composition should express this exact moment only, with one clear focal point and calm senior-friendly readability. Avoid dramatic falling, panic, hospital emergency imagery, red warning graphics, speech bubbles, lip-sync pose, mouth-open acting, clutter, photorealism, glossy CG."
107,S09_family_sharing,everyday_example,none,no_readable_text,line_context_locked_keyframe,"{""script_text"": ""朝だったのか、夜だったのか。"", ""scene_group_id"": ""S09_family_sharing"", ""visual_intent"": ""Michiko calmly talks with her adult daughter at a low table, notebook nearby, warm domestic atmosphere, no dialogue balloons""}","kamishibai paper theater illustration, hand-painted gouache and watercolor on warm textured paper, soft pencil contour, muted warm colors, simple stage-like framed composition, Japanese domestic setting, gentle expressions, visible paper grain, no photorealism, no glossy CG, no digital anime rendering, no readable text. Scene locked to narration line: '朝だったのか、夜だったのか。'. Michiko calmly talks with her adult daughter at a low table, notebook nearby, warm domestic atmosphere, no dialogue balloons. Composition should express this exact moment only, with one clear focal point and calm senior-friendly readability. Avoid dramatic falling, panic, hospital emergency imagery, red warning graphics, speech bubbles, lip-sync pose, mouth-open acting, clutter, photorealism, glossy CG."
108,S09_family_sharing,everyday_example,none,no_readable_text,line_context_locked_keyframe,"{""script_text"": ""立ち上がった直後だったのか、歩いている途中だったのか。"", ""scene_group_id"": ""S09_family_sharing"", ""visual_intent"": ""Michiko calmly talks with her adult daughter at a low table, notebook nearby, warm domestic atmosphere, no dialogue balloons""}","kamishibai paper theater illustration, hand-painted gouache and watercolor on warm textured paper, soft pencil contour, muted warm colors, simple stage-like framed composition, Japanese domestic setting, gentle expressions, visible paper grain, no photorealism, no glossy CG, no digital anime rendering, no readable text. Scene locked to narration line: '立ち上がった直後だったのか、歩いている途中だったのか。'. Michiko calmly talks with her adult daughter at a low table, notebook nearby, warm domestic atmosphere, no dialogue balloons. Composition should express this exact moment only, with one clear focal point and calm senior-friendly readability. Avoid dramatic falling, panic, hospital emergency imagery, red warning graphics, speech bubbles, lip-sync pose, mouth-open acting, clutter, photorealism, glossy CG."
109,S09_family_sharing,everyday_example,none,no_readable_text,line_context_locked_keyframe,"{""script_text"": ""薬を飲み始めた時期と重なっていないか。"", ""scene_group_id"": ""S09_family_sharing"", ""visual_intent"": ""Michiko calmly talks with her adult daughter at a low table, notebook nearby, warm domestic atmosphere, no dialogue balloons""}","kamishibai paper theater illustration, hand-painted gouache and watercolor on warm textured paper, soft pencil contour, muted warm colors, simple stage-like framed composition, Japanese domestic setting, gentle expressions, visible paper grain, no photorealism, no glossy CG, no digital anime rendering, no readable text. Scene locked to narration line: '薬を飲み始めた時期と重なっていないか。'. Michiko calmly talks with her adult daughter at a low table, notebook nearby, warm domestic atmosphere, no dialogue balloons. Composition should express this exact moment only, with one clear focal point and calm senior-friendly readability. Avoid dramatic falling, panic, hospital emergency imagery, red warning graphics, speech bubbles, lip-sync pose, mouth-open acting, clutter, photorealism, glossy CG."
110,S09_family_sharing,everyday_example,none,no_readable_text,line_context_locked_keyframe,"{""script_text"": ""こうした小さな情報は、医師や薬剤師に相談するときにも役立ちます。"", ""scene_group_id"": ""S09_family_sharing"", ""visual_intent"": ""Michiko calmly talks with her adult daughter at a low table, notebook nearby, warm domestic atmosphere, no dialogue balloons""}","kamishibai paper theater illustration, hand-painted gouache and watercolor on warm textured paper, soft pencil contour, muted warm colors, simple stage-like framed composition, Japanese domestic setting, gentle expressions, visible paper grain, no photorealism, no glossy CG, no digital anime rendering, no readable text. Scene locked to narration line: 'こうした小さな情報は、医師や薬剤師に相談するときにも役立ちます。'. Michiko calmly talks with her adult daughter at a low table, notebook nearby, warm domestic atmosphere, no dialogue balloons. Composition should express this exact moment only, with one clear focal point and calm senior-friendly readability. Avoid dramatic falling, panic, hospital emergency imagery, red warning graphics, speech bubbles, lip-sync pose, mouth-open acting, clutter, photorealism, glossy CG."
111,S09_family_sharing,everyday_example,none,no_readable_text,line_context_locked_keyframe,"{""script_text"": ""もちろん、ふらつきが何度も続くときは、自己判断だけで済ませないほうが安心です。"", ""scene_group_id"": ""S09_family_sharing"", ""visual_intent"": ""Michiko calmly talks with her adult daughter at a low table, notebook nearby, warm domestic atmosphere, no dialogue balloons""}","kamishibai paper theater illustration, hand-painted gouache and watercolor on warm textured paper, soft pencil contour, muted warm colors, simple stage-like framed composition, Japanese domestic setting, gentle expressions, visible paper grain, no photorealism, no glossy CG, no digital anime rendering, no readable text. Scene locked to narration line: 'もちろん、ふらつきが何度も続くときは、自己判断だけで済ませないほうが安心です。'. Michiko calmly talks with her adult daughter at a low table, notebook nearby, warm domestic atmosphere, no dialogue balloons. Composition should express this exact moment only, with one clear focal point and calm senior-friendly readability. Avoid dramatic falling, panic, hospital emergency imagery, red warning graphics, speech bubbles, lip-sync pose, mouth-open acting, clutter, photorealism, glossy CG."
112,S10_consult_caution,object_focus,none,no_readable_text,line_context_locked_keyframe,"{""script_text"": ""めまいが強いときや、失神しそうな感じがあるときは、早めに相談してください。"", ""scene_group_id"": ""S10_consult_caution"", ""visual_intent"": ""A calm kitchen table scene with a notebook, medicine pouch, calendar, and phone, suggesting consultation without showing a clinic""}","kamishibai paper theater illustration, hand-painted gouache and watercolor on warm textured paper, soft pencil contour, muted warm colors, simple stage-like framed composition, Japanese domestic setting, gentle expressions, visible paper grain, no photorealism, no glossy CG, no digital anime rendering, no readable text. Scene locked to narration line: 'めまいが強いときや、失神しそうな感じがあるときは、早めに相談してください。'. A calm kitchen table scene with a notebook, medicine pouch, calendar, and phone, suggesting consultation without showing a clinic. Composition should express this exact moment only, with one clear focal point and calm senior-friendly readability. Avoid dramatic falling, panic, hospital emergency imagery, red warning graphics, speech bubbles, lip-sync pose, mouth-open acting, clutter, photorealism, glossy CG."
113,S10_consult_caution,object_focus,none,no_readable_text,line_context_locked_keyframe,"{""script_text"": ""胸の苦しさ、強い頭痛、ろれつの回りにくさがあるときも、様子見にしないほうがよい場合があります。"", ""scene_group_id"": ""S10_consult_caution"", ""visual_intent"": ""A calm kitchen table scene with a notebook, medicine pouch, calendar, and phone, suggesting consultation without showing a clinic""}","kamishibai paper theater illustration, hand-painted gouache and watercolor on warm textured paper, soft pencil contour, muted warm colors, simple stage-like framed composition, Japanese domestic setting, gentle expressions, visible paper grain, no photorealism, no glossy CG, no digital anime rendering, no readable text. Scene locked to narration line: '胸の苦しさ、強い頭痛、ろれつの回りにくさがあるときも、様子見にしないほうがよい場合があります。'. A calm kitchen table scene with a notebook, medicine pouch, calendar, and phone, suggesting consultation without showing a clinic. Composition should express this exact moment only, with one clear focal point and calm senior-friendly readability. Avoid dramatic falling, panic, hospital emergency imagery, red warning graphics, speech bubbles, lip-sync pose, mouth-open acting, clutter, photorealism, glossy CG."
114,S10_consult_caution,object_focus,none,no_readable_text,line_context_locked_keyframe,"{""script_text"": ""片側の手足に力が入りにくいなど、いつもと違う症状があるときも同じです。"", ""scene_group_id"": ""S10_consult_caution"", ""visual_intent"": ""A calm kitchen table scene with a notebook, medicine pouch, calendar, and phone, suggesting consultation without showing a clinic""}","kamishibai paper theater illustration, hand-painted gouache and watercolor on warm textured paper, soft pencil contour, muted warm colors, simple stage-like framed composition, Japanese domestic setting, gentle expressions, visible paper grain, no photorealism, no glossy CG, no digital anime rendering, no readable text. Scene locked to narration line: '片側の手足に力が入りにくいなど、いつもと違う症状があるときも同じです。'. A calm kitchen table scene with a notebook, medicine pouch, calendar, and phone, suggesting consultation without showing a clinic. Composition should express this exact moment only, with one clear focal point and calm senior-friendly readability. Avoid dramatic falling, panic, hospital emergency imagery, red warning graphics, speech bubbles, lip-sync pose, mouth-open acting, clutter, photorealism, glossy CG."
115,S10_consult_caution,object_focus,none,no_readable_text,line_context_locked_keyframe,"{""script_text"": ""薬を飲み始めた時期と重なるときは、医師や薬剤師に話してみましょう。"", ""scene_group_id"": ""S10_consult_caution"", ""visual_intent"": ""A calm kitchen table scene with a notebook, medicine pouch, calendar, and phone, suggesting consultation without showing a clinic""}","kamishibai paper theater illustration, hand-painted gouache and watercolor on warm textured paper, soft pencil contour, muted warm colors, simple stage-like framed composition, Japanese domestic setting, gentle expressions, visible paper grain, no photorealism, no glossy CG, no digital anime rendering, no readable text. Scene locked to narration line: '薬を飲み始めた時期と重なるときは、医師や薬剤師に話してみましょう。'. A calm kitchen table scene with a notebook, medicine pouch, calendar, and phone, suggesting consultation without showing a clinic. Composition should express this exact moment only, with one clear focal point and calm senior-friendly readability. Avoid dramatic falling, panic, hospital emergency imagery, red warning graphics, speech bubbles, lip-sync pose, mouth-open acting, clutter, photorealism, glossy CG."
116,S10_consult_caution,object_focus,none,no_readable_text,line_context_locked_keyframe,"{""script_text"": ""自分の判断で薬を減らしたり、やめたりする必要はありません。"", ""scene_group_id"": ""S10_consult_caution"", ""visual_intent"": ""A calm kitchen table scene with a notebook, medicine pouch, calendar, and phone, suggesting consultation without showing a clinic""}","kamishibai paper theater illustration, hand-painted gouache and watercolor on warm textured paper, soft pencil contour, muted warm colors, simple stage-like framed composition, Japanese domestic setting, gentle expressions, visible paper grain, no photorealism, no glossy CG, no digital anime rendering, no readable text. Scene locked to narration line: '自分の判断で薬を減らしたり、やめたりする必要はありません。'. A calm kitchen table scene with a notebook, medicine pouch, calendar, and phone, suggesting consultation without showing a clinic. Composition should express this exact moment only, with one clear focal point and calm senior-friendly readability. Avoid dramatic falling, panic, hospital emergency imagery, red warning graphics, speech bubbles, lip-sync pose, mouth-open acting, clutter, photorealism, glossy CG."
117,S10_consult_caution,object_focus,none,no_readable_text,line_context_locked_keyframe,"{""script_text"": ""相談のために、気づいたことを持っていく、という考え方で十分です。"", ""scene_group_id"": ""S10_consult_caution"", ""visual_intent"": ""A calm kitchen table scene with a notebook, medicine pouch, calendar, and phone, suggesting consultation without showing a clinic""}","kamishibai paper theater illustration, hand-painted gouache and watercolor on warm textured paper, soft pencil contour, muted warm colors, simple stage-like framed composition, Japanese domestic setting, gentle expressions, visible paper grain, no photorealism, no glossy CG, no digital anime rendering, no readable text. Scene locked to narration line: '相談のために、気づいたことを持っていく、という考え方で十分です。'. A calm kitchen table scene with a notebook, medicine pouch, calendar, and phone, suggesting consultation without showing a clinic. Composition should express this exact moment only, with one clear focal point and calm senior-friendly readability. Avoid dramatic falling, panic, hospital emergency imagery, red warning graphics, speech bubbles, lip-sync pose, mouth-open acting, clutter, photorealism, glossy CG."
118,S10_consult_caution,object_focus,none,no_readable_text,line_context_locked_keyframe,"{""script_text"": ""美智子さんは、あの日の柱に手をついた出来事を、悪いことだとは思わなくなりました。"", ""scene_group_id"": ""S10_consult_caution"", ""visual_intent"": ""A calm kitchen table scene with a notebook, medicine pouch, calendar, and phone, suggesting consultation without showing a clinic""}","kamishibai paper theater illustration, hand-painted gouache and watercolor on warm textured paper, soft pencil contour, muted warm colors, simple stage-like framed composition, Japanese domestic setting, gentle expressions, visible paper grain, no photorealism, no glossy CG, no digital anime rendering, no readable text. Scene locked to narration line: '美智子さんは、あの日の柱に手をついた出来事を、悪いことだとは思わなくなりました。'. A calm kitchen table scene with a notebook, medicine pouch, calendar, and phone, suggesting consultation without showing a clinic. Composition should express this exact moment only, with one clear focal point and calm senior-friendly readability. Avoid dramatic falling, panic, hospital emergency imagery, red warning graphics, speech bubbles, lip-sync pose, mouth-open acting, clutter, photorealism, glossy CG."
119,S10_consult_caution,object_focus,none,no_readable_text,line_context_locked_keyframe,"{""script_text"": ""あれは体からの、小さなお知らせだったのかもしれません。"", ""scene_group_id"": ""S10_consult_caution"", ""visual_intent"": ""A calm kitchen table scene with a notebook, medicine pouch, calendar, and phone, suggesting consultation without showing a clinic""}","kamishibai paper theater illustration, hand-painted gouache and watercolor on warm textured paper, soft pencil contour, muted warm colors, simple stage-like framed composition, Japanese domestic setting, gentle expressions, visible paper grain, no photorealism, no glossy CG, no digital anime rendering, no readable text. Scene locked to narration line: 'あれは体からの、小さなお知らせだったのかもしれません。'. A calm kitchen table scene with a notebook, medicine pouch, calendar, and phone, suggesting consultation without showing a clinic. Composition should express this exact moment only, with one clear focal point and calm senior-friendly readability. Avoid dramatic falling, panic, hospital emergency imagery, red warning graphics, speech bubbles, lip-sync pose, mouth-open acting, clutter, photorealism, glossy CG."
120,S10_consult_caution,object_focus,none,no_readable_text,line_context_locked_keyframe,"{""script_text"": ""柱に手をついた自分を責めるのではなく、気づけてよかったと思うようになりました。"", ""scene_group_id"": ""S10_consult_caution"", ""visual_intent"": ""A calm kitchen table scene with a notebook, medicine pouch, calendar, and phone, suggesting consultation without showing a clinic""}","kamishibai paper theater illustration, hand-painted gouache and watercolor on warm textured paper, soft pencil contour, muted warm colors, simple stage-like framed composition, Japanese domestic setting, gentle expressions, visible paper grain, no photorealism, no glossy CG, no digital anime rendering, no readable text. Scene locked to narration line: '柱に手をついた自分を責めるのではなく、気づけてよかったと思うようになりました。'. A calm kitchen table scene with a notebook, medicine pouch, calendar, and phone, suggesting consultation without showing a clinic. Composition should express this exact moment only, with one clear focal point and calm senior-friendly readability. Avoid dramatic falling, panic, hospital emergency imagery, red warning graphics, speech bubbles, lip-sync pose, mouth-open acting, clutter, photorealism, glossy CG."
121,S11_reframing_close,environment_bridge,none,no_readable_text,line_context_locked_keyframe,"{""script_text"": ""歩く前に足元を見ることも、恥ずかしいことではありません。"", ""scene_group_id"": ""S11_reframing_close"", ""visual_intent"": ""The kamishibai card closes on a warm morning hallway with safe slippers, soft light, clear walking path, and a quiet reassuring mood""}","kamishibai paper theater illustration, hand-painted gouache and watercolor on warm textured paper, soft pencil contour, muted warm colors, simple stage-like framed composition, Japanese domestic setting, gentle expressions, visible paper grain, no photorealism, no glossy CG, no digital anime rendering, no readable text. Scene locked to narration line: '歩く前に足元を見ることも、恥ずかしいことではありません。'. The kamishibai card closes on a warm morning hallway with safe slippers, soft light, clear walking path, and a quiet reassuring mood. Composition should express this exact moment only, with one clear focal point and calm senior-friendly readability. Avoid dramatic falling, panic, hospital emergency imagery, red warning graphics, speech bubbles, lip-sync pose, mouth-open acting, clutter, photorealism, glossy CG."
122,S11_reframing_close,environment_bridge,none,no_readable_text,line_context_locked_keyframe,"{""script_text"": ""立つ前にひと呼吸置くことも、弱さのしるしではありません。"", ""scene_group_id"": ""S11_reframing_close"", ""visual_intent"": ""The kamishibai card closes on a warm morning hallway with safe slippers, soft light, clear walking path, and a quiet reassuring mood""}","kamishibai paper theater illustration, hand-painted gouache and watercolor on warm textured paper, soft pencil contour, muted warm colors, simple stage-like framed composition, Japanese domestic setting, gentle expressions, visible paper grain, no photorealism, no glossy CG, no digital anime rendering, no readable text. Scene locked to narration line: '立つ前にひと呼吸置くことも、弱さのしるしではありません。'. The kamishibai card closes on a warm morning hallway with safe slippers, soft light, clear walking path, and a quiet reassuring mood. Composition should express this exact moment only, with one clear focal point and calm senior-friendly readability. Avoid dramatic falling, panic, hospital emergency imagery, red warning graphics, speech bubbles, lip-sync pose, mouth-open acting, clutter, photorealism, glossy CG."
123,S11_reframing_close,environment_bridge,none,no_readable_text,line_context_locked_keyframe,"{""script_text"": ""これからの暮らしを、少し安全に整えるための手がかりです。"", ""scene_group_id"": ""S11_reframing_close"", ""visual_intent"": ""The kamishibai card closes on a warm morning hallway with safe slippers, soft light, clear walking path, and a quiet reassuring mood""}","kamishibai paper theater illustration, hand-painted gouache and watercolor on warm textured paper, soft pencil contour, muted warm colors, simple stage-like framed composition, Japanese domestic setting, gentle expressions, visible paper grain, no photorealism, no glossy CG, no digital anime rendering, no readable text. Scene locked to narration line: 'これからの暮らしを、少し安全に整えるための手がかりです。'. The kamishibai card closes on a warm morning hallway with safe slippers, soft light, clear walking path, and a quiet reassuring mood. Composition should express this exact moment only, with one clear focal point and calm senior-friendly readability. Avoid dramatic falling, panic, hospital emergency imagery, red warning graphics, speech bubbles, lip-sync pose, mouth-open acting, clutter, photorealism, glossy CG."
124,S11_reframing_close,environment_bridge,none,no_readable_text,line_context_locked_keyframe,"{""script_text"": ""もし最近、足元を見る時間が増えたと感じたら、今日の美智子さんを思い出してみてください。"", ""scene_group_id"": ""S11_reframing_close"", ""visual_intent"": ""The kamishibai card closes on a warm morning hallway with safe slippers, soft light, clear walking path, and a quiet reassuring mood""}","kamishibai paper theater illustration, hand-painted gouache and watercolor on warm textured paper, soft pencil contour, muted warm colors, simple stage-like framed composition, Japanese domestic setting, gentle expressions, visible paper grain, no photorealism, no glossy CG, no digital anime rendering, no readable text. Scene locked to narration line: 'もし最近、足元を見る時間が増えたと感じたら、今日の美智子さんを思い出してみてください。'. The kamishibai card closes on a warm morning hallway with safe slippers, soft light, clear walking path, and a quiet reassuring mood. Composition should express this exact moment only, with one clear focal point and calm senior-friendly readability. Avoid dramatic falling, panic, hospital emergency imagery, red warning graphics, speech bubbles, lip-sync pose, mouth-open acting, clutter, photorealism, glossy CG."
125,S11_reframing_close,environment_bridge,none,no_readable_text,line_context_locked_keyframe,"{""script_text"": ""布団から起きるとき、いきなり立たずに一度座る。"", ""scene_group_id"": ""S11_reframing_close"", ""visual_intent"": ""The kamishibai card closes on a warm morning hallway with safe slippers, soft light, clear walking path, and a quiet reassuring mood""}","kamishibai paper theater illustration, hand-painted gouache and watercolor on warm textured paper, soft pencil contour, muted warm colors, simple stage-like framed composition, Japanese domestic setting, gentle expressions, visible paper grain, no photorealism, no glossy CG, no digital anime rendering, no readable text. Scene locked to narration line: '布団から起きるとき、いきなり立たずに一度座る。'. The kamishibai card closes on a warm morning hallway with safe slippers, soft light, clear walking path, and a quiet reassuring mood. Composition should express this exact moment only, with one clear focal point and calm senior-friendly readability. Avoid dramatic falling, panic, hospital emergency imagery, red warning graphics, speech bubbles, lip-sync pose, mouth-open acting, clutter, photorealism, glossy CG."
126,S11_reframing_close,environment_bridge,none,no_readable_text,line_context_locked_keyframe,"{""script_text"": ""歩き始める前に、足の裏と床の感覚を確かめる。"", ""scene_group_id"": ""S11_reframing_close"", ""visual_intent"": ""The kamishibai card closes on a warm morning hallway with safe slippers, soft light, clear walking path, and a quiet reassuring mood""}","kamishibai paper theater illustration, hand-painted gouache and watercolor on warm textured paper, soft pencil contour, muted warm colors, simple stage-like framed composition, Japanese domestic setting, gentle expressions, visible paper grain, no photorealism, no glossy CG, no digital anime rendering, no readable text. Scene locked to narration line: '歩き始める前に、足の裏と床の感覚を確かめる。'. The kamishibai card closes on a warm morning hallway with safe slippers, soft light, clear walking path, and a quiet reassuring mood. Composition should express this exact moment only, with one clear focal point and calm senior-friendly readability. Avoid dramatic falling, panic, hospital emergency imagery, red warning graphics, speech bubbles, lip-sync pose, mouth-open acting, clutter, photorealism, glossy CG."
127,S11_reframing_close,environment_bridge,none,no_readable_text,line_context_locked_keyframe,"{""script_text"": ""廊下の明かり、通り道、履き物を見直してみる。"", ""scene_group_id"": ""S11_reframing_close"", ""visual_intent"": ""The kamishibai card closes on a warm morning hallway with safe slippers, soft light, clear walking path, and a quiet reassuring mood""}","kamishibai paper theater illustration, hand-painted gouache and watercolor on warm textured paper, soft pencil contour, muted warm colors, simple stage-like framed composition, Japanese domestic setting, gentle expressions, visible paper grain, no photorealism, no glossy CG, no digital anime rendering, no readable text. Scene locked to narration line: '廊下の明かり、通り道、履き物を見直してみる。'. The kamishibai card closes on a warm morning hallway with safe slippers, soft light, clear walking path, and a quiet reassuring mood. Composition should express this exact moment only, with one clear focal point and calm senior-friendly readability. Avoid dramatic falling, panic, hospital emergency imagery, red warning graphics, speech bubbles, lip-sync pose, mouth-open acting, clutter, photorealism, glossy CG."
128,S11_reframing_close,environment_bridge,none,no_readable_text,line_context_locked_keyframe,"{""script_text"": ""気になることが続くなら、短くメモして相談する。"", ""scene_group_id"": ""S11_reframing_close"", ""visual_intent"": ""The kamishibai card closes on a warm morning hallway with safe slippers, soft light, clear walking path, and a quiet reassuring mood""}","kamishibai paper theater illustration, hand-painted gouache and watercolor on warm textured paper, soft pencil contour, muted warm colors, simple stage-like framed composition, Japanese domestic setting, gentle expressions, visible paper grain, no photorealism, no glossy CG, no digital anime rendering, no readable text. Scene locked to narration line: '気になることが続くなら、短くメモして相談する。'. The kamishibai card closes on a warm morning hallway with safe slippers, soft light, clear walking path, and a quiet reassuring mood. Composition should express this exact moment only, with one clear focal point and calm senior-friendly readability. Avoid dramatic falling, panic, hospital emergency imagery, red warning graphics, speech bubbles, lip-sync pose, mouth-open acting, clutter, photorealism, glossy CG."
129,S11_reframing_close,environment_bridge,none,no_readable_text,line_context_locked_keyframe,"{""script_text"": ""たったひとつでも、明日の一歩を少し落ち着いたものにしてくれるかもしれません。"", ""scene_group_id"": ""S11_reframing_close"", ""visual_intent"": ""The kamishibai card closes on a warm morning hallway with safe slippers, soft light, clear walking path, and a quiet reassuring mood""}","kamishibai paper theater illustration, hand-painted gouache and watercolor on warm textured paper, soft pencil contour, muted warm colors, simple stage-like framed composition, Japanese domestic setting, gentle expressions, visible paper grain, no photorealism, no glossy CG, no digital anime rendering, no readable text. Scene locked to narration line: 'たったひとつでも、明日の一歩を少し落ち着いたものにしてくれるかもしれません。'. The kamishibai card closes on a warm morning hallway with safe slippers, soft light, clear walking path, and a quiet reassuring mood. Composition should express this exact moment only, with one clear focal point and calm senior-friendly readability. Avoid dramatic falling, panic, hospital emergency imagery, red warning graphics, speech bubbles, lip-sync pose, mouth-open acting, clutter, photorealism, glossy CG."
130,S11_reframing_close,environment_bridge,none,no_readable_text,line_context_locked_keyframe,"{""script_text"": ""今日のおはなしは、ここまでです。"", ""scene_group_id"": ""S11_reframing_close"", ""visual_intent"": ""The kamishibai card closes on a warm morning hallway with safe slippers, soft light, clear walking path, and a quiet reassuring mood""}","kamishibai paper theater illustration, hand-painted gouache and watercolor on warm textured paper, soft pencil contour, muted warm colors, simple stage-like framed composition, Japanese domestic setting, gentle expressions, visible paper grain, no photorealism, no glossy CG, no digital anime rendering, no readable text. Scene locked to narration line: '今日のおはなしは、ここまでです。'. The kamishibai card closes on a warm morning hallway with safe slippers, soft light, clear walking path, and a quiet reassuring mood. Composition should express this exact moment only, with one clear focal point and calm senior-friendly readability. Avoid dramatic falling, panic, hospital emergency imagery, red warning graphics, speech bubbles, lip-sync pose, mouth-open acting, clutter, photorealism, glossy CG."
131,S11_reframing_close,environment_bridge,none,no_readable_text,line_context_locked_keyframe,"{""script_text"": ""どうぞ無理のない範囲で、ご自分の朝と足元を見直してみてください。"", ""scene_group_id"": ""S11_reframing_close"", ""visual_intent"": ""The kamishibai card closes on a warm morning hallway with safe slippers, soft light, clear walking path, and a quiet reassuring mood""}","kamishibai paper theater illustration, hand-painted gouache and watercolor on warm textured paper, soft pencil contour, muted warm colors, simple stage-like framed composition, Japanese domestic setting, gentle expressions, visible paper grain, no photorealism, no glossy CG, no digital anime rendering, no readable text. Scene locked to narration line: 'どうぞ無理のない範囲で、ご自分の朝と足元を見直してみてください。'. The kamishibai card closes on a warm morning hallway with safe slippers, soft light, clear walking path, and a quiet reassuring mood. Composition should express this exact moment only, with one clear focal point and calm senior-friendly readability. Avoid dramatic falling, panic, hospital emergency imagery, red warning graphics, speech bubbles, lip-sync pose, mouth-open acting, clutter, photorealism, glossy CG."
