script_text,prompt_img_nano,prompt_video_veo3
今日のおはなしは、ふらつく前にあった小さな変化の話です。,"kamishibai paper theater illustration, hand-painted gouache and watercolor on warm textured paper, soft pencil contour, muted warm colors, simple stage-like framed composition, Japanese domestic setting, gentle expressions, visible paper grain, no photorealism, no glossy CG, no digital anime rendering, no readable text. Scene locked to narration line: '今日のおはなしは、ふらつく前にあった小さな変化の話です。'. A small kamishibai theater card opens to a quiet Japanese spring morning outside an older wooden house. Composition should express this exact moment only, with one clear focal point and calm senior-friendly readability. Avoid dramatic falling, panic, hospital emergency imagery, red warning graphics, speech bubbles, lip-sync pose, mouth-open acting, clutter, photorealism, glossy CG.","Slow atmospheric pan across the quiet kamishibai card. The paper-theater scene remains still and composed. Paper grain, soft light, and faint curtain movement create gentle breathing motion. The mood remains calm, warm, and reassuring. (Silent video, no audio). No fast pans, no sudden changes, no character action, no dialogue."
大きな事故の場面ではなく、静かな朝の小さな気づきから始まります。,"kamishibai paper theater illustration, hand-painted gouache and watercolor on warm textured paper, soft pencil contour, muted warm colors, simple stage-like framed composition, Japanese domestic setting, gentle expressions, visible paper grain, no photorealism, no glossy CG, no digital anime rendering, no readable text. Scene locked to narration line: '大きな事故の場面ではなく、静かな朝の小さな気づきから始まります。'. A small kamishibai theater card opens to a quiet Japanese spring morning outside an older wooden house. Composition should express this exact moment only, with one clear focal point and calm senior-friendly readability. Avoid dramatic falling, panic, hospital emergency imagery, red warning graphics, speech bubbles, lip-sync pose, mouth-open acting, clutter, photorealism, glossy CG.","Slow atmospheric pan across the quiet kamishibai card. The paper-theater scene remains still and composed. Paper grain, soft light, and faint curtain movement create gentle breathing motion. The mood remains calm, warm, and reassuring. (Silent video, no audio). No fast pans, no sudden changes, no character action, no dialogue."
主人公は七十二歳の美智子さんです。,"kamishibai paper theater illustration, hand-painted gouache and watercolor on warm textured paper, soft pencil contour, muted warm colors, simple stage-like framed composition, Japanese domestic setting, gentle expressions, visible paper grain, no photorealism, no glossy CG, no digital anime rendering, no readable text. Scene locked to narration line: '主人公は七十二歳の美智子さんです。'. A small kamishibai theater card opens to a quiet Japanese spring morning outside an older wooden house. Composition should express this exact moment only, with one clear focal point and calm senior-friendly readability. Avoid dramatic falling, panic, hospital emergency imagery, red warning graphics, speech bubbles, lip-sync pose, mouth-open acting, clutter, photorealism, glossy CG.","Slow atmospheric pan across the quiet kamishibai card. The paper-theater scene remains still and composed. Paper grain, soft light, and faint curtain movement create gentle breathing motion. The mood remains calm, warm, and reassuring. (Silent video, no audio). No fast pans, no sudden changes, no character action, no dialogue."
ひとり暮らしですが、近くに娘さん夫婦が住んでいます。,"kamishibai paper theater illustration, hand-painted gouache and watercolor on warm textured paper, soft pencil contour, muted warm colors, simple stage-like framed composition, Japanese domestic setting, gentle expressions, visible paper grain, no photorealism, no glossy CG, no digital anime rendering, no readable text. Scene locked to narration line: 'ひとり暮らしですが、近くに娘さん夫婦が住んでいます。'. A small kamishibai theater card opens to a quiet Japanese spring morning outside an older wooden house. Composition should express this exact moment only, with one clear focal point and calm senior-friendly readability. Avoid dramatic falling, panic, hospital emergency imagery, red warning graphics, speech bubbles, lip-sync pose, mouth-open acting, clutter, photorealism, glossy CG.","Slow atmospheric pan across the quiet kamishibai card. The paper-theater scene remains still and composed. Paper grain, soft light, and faint curtain movement create gentle breathing motion. The mood remains calm, warm, and reassuring. (Silent video, no audio). No fast pans, no sudden changes, no character action, no dialogue."
美智子さんは、毎朝決まった時間に起き、台所でお湯を沸かすのが日課でした。,"kamishibai paper theater illustration, hand-painted gouache and watercolor on warm textured paper, soft pencil contour, muted warm colors, simple stage-like framed composition, Japanese domestic setting, gentle expressions, visible paper grain, no photorealism, no glossy CG, no digital anime rendering, no readable text. Scene locked to narration line: '美智子さんは、毎朝決まった時間に起き、台所でお湯を沸かすのが日課でした。'. A small kamishibai theater card opens to a quiet Japanese spring morning outside an older wooden house. Composition should express this exact moment only, with one clear focal point and calm senior-friendly readability. Avoid dramatic falling, panic, hospital emergency imagery, red warning graphics, speech bubbles, lip-sync pose, mouth-open acting, clutter, photorealism, glossy CG.","Slow atmospheric pan across the quiet kamishibai card. The paper-theater scene remains still and composed. Paper grain, soft light, and faint curtain movement create gentle breathing motion. The mood remains calm, warm, and reassuring. (Silent video, no audio). No fast pans, no sudden changes, no character action, no dialogue."
その日も、春の終わりの、よく晴れた朝でした。,"kamishibai paper theater illustration, hand-painted gouache and watercolor on warm textured paper, soft pencil contour, muted warm colors, simple stage-like framed composition, Japanese domestic setting, gentle expressions, visible paper grain, no photorealism, no glossy CG, no digital anime rendering, no readable text. Scene locked to narration line: 'その日も、春の終わりの、よく晴れた朝でした。'. Michiko, a 72-year-old Japanese woman with short gray hair, soft wrinkles, modest cardigan and long skirt, moves slowly from futon to hallway and gently places one hand near a wooden pillar. Composition should express this exact moment only, with one clear focal point and calm senior-friendly readability. Avoid dramatic falling, panic, hospital emergency imagery, red warning graphics, speech bubbles, lip-sync pose, mouth-open acting, clutter, photorealism, glossy CG.","Gentle observing static shot with a very subtle parallax drift. The elderly woman makes slow, deliberate micro-movements; hands and posture adjust naturally without instability or falling. Dust motes drift softly in warm light; fabric edges move barely. The mood remains calm, warm, and reassuring. (Silent video, no audio). No sudden movements, no dialogue, no vocalization, no mouth movement, no lip sync, no falling."
障子の向こうから、やわらかい光が畳に落ちていました。,"kamishibai paper theater illustration, hand-painted gouache and watercolor on warm textured paper, soft pencil contour, muted warm colors, simple stage-like framed composition, Japanese domestic setting, gentle expressions, visible paper grain, no photorealism, no glossy CG, no digital anime rendering, no readable text. Scene locked to narration line: '障子の向こうから、やわらかい光が畳に落ちていました。'. Michiko, a 72-year-old Japanese woman with short gray hair, soft wrinkles, modest cardigan and long skirt, moves slowly from futon to hallway and gently places one hand near a wooden pillar. Composition should express this exact moment only, with one clear focal point and calm senior-friendly readability. Avoid dramatic falling, panic, hospital emergency imagery, red warning graphics, speech bubbles, lip-sync pose, mouth-open acting, clutter, photorealism, glossy CG.","Gentle observing static shot with a very subtle parallax drift. The elderly woman makes slow, deliberate micro-movements; hands and posture adjust naturally without instability or falling. Dust motes drift softly in warm light; fabric edges move barely. The mood remains calm, warm, and reassuring. (Silent video, no audio). No sudden movements, no dialogue, no vocalization, no mouth movement, no lip sync, no falling."
美智子さんは布団の中で目を覚まし、いつものように起き上がろうとしました。,"kamishibai paper theater illustration, hand-painted gouache and watercolor on warm textured paper, soft pencil contour, muted warm colors, simple stage-like framed composition, Japanese domestic setting, gentle expressions, visible paper grain, no photorealism, no glossy CG, no digital anime rendering, no readable text. Scene locked to narration line: '美智子さんは布団の中で目を覚まし、いつものように起き上がろうとしました。'. Michiko, a 72-year-old Japanese woman with short gray hair, soft wrinkles, modest cardigan and long skirt, moves slowly from futon to hallway and gently places one hand near a wooden pillar. Composition should express this exact moment only, with one clear focal point and calm senior-friendly readability. Avoid dramatic falling, panic, hospital emergency imagery, red warning graphics, speech bubbles, lip-sync pose, mouth-open acting, clutter, photorealism, glossy CG.","Gentle observing static shot with a very subtle parallax drift. The elderly woman makes slow, deliberate micro-movements; hands and posture adjust naturally without instability or falling. Dust motes drift softly in warm light; fabric edges move barely. The mood remains calm, warm, and reassuring. (Silent video, no audio). No sudden movements, no dialogue, no vocalization, no mouth movement, no lip sync, no falling."
昔なら、すぐに立って台所へ向かっていたところです。,"kamishibai paper theater illustration, hand-painted gouache and watercolor on warm textured paper, soft pencil contour, muted warm colors, simple stage-like framed composition, Japanese domestic setting, gentle expressions, visible paper grain, no photorealism, no glossy CG, no digital anime rendering, no readable text. Scene locked to narration line: '昔なら、すぐに立って台所へ向かっていたところです。'. Michiko, a 72-year-old Japanese woman with short gray hair, soft wrinkles, modest cardigan and long skirt, moves slowly from futon to hallway and gently places one hand near a wooden pillar. Composition should express this exact moment only, with one clear focal point and calm senior-friendly readability. Avoid dramatic falling, panic, hospital emergency imagery, red warning graphics, speech bubbles, lip-sync pose, mouth-open acting, clutter, photorealism, glossy CG.","Gentle observing static shot with a very subtle parallax drift. The elderly woman makes slow, deliberate micro-movements; hands and posture adjust naturally without instability or falling. Dust motes drift softly in warm light; fabric edges move barely. The mood remains calm, warm, and reassuring. (Silent video, no audio). No sudden movements, no dialogue, no vocalization, no mouth movement, no lip sync, no falling."
けれどその朝は、体がまだ眠っているように感じました。,"kamishibai paper theater illustration, hand-painted gouache and watercolor on warm textured paper, soft pencil contour, muted warm colors, simple stage-like framed composition, Japanese domestic setting, gentle expressions, visible paper grain, no photorealism, no glossy CG, no digital anime rendering, no readable text. Scene locked to narration line: 'けれどその朝は、体がまだ眠っているように感じました。'. Michiko, a 72-year-old Japanese woman with short gray hair, soft wrinkles, modest cardigan and long skirt, moves slowly from futon to hallway and gently places one hand near a wooden pillar. Composition should express this exact moment only, with one clear focal point and calm senior-friendly readability. Avoid dramatic falling, panic, hospital emergency imagery, red warning graphics, speech bubbles, lip-sync pose, mouth-open acting, clutter, photorealism, glossy CG.","Gentle observing static shot with a very subtle parallax drift. The elderly woman makes slow, deliberate micro-movements; hands and posture adjust naturally without instability or falling. Dust motes drift softly in warm light; fabric edges move barely. The mood remains calm, warm, and reassuring. (Silent video, no audio). No sudden movements, no dialogue, no vocalization, no mouth movement, no lip sync, no falling."
急いでいるわけではないのに、胸の奥で、少し待ってと言われたような気がしました。,"kamishibai paper theater illustration, hand-painted gouache and watercolor on warm textured paper, soft pencil contour, muted warm colors, simple stage-like framed composition, Japanese domestic setting, gentle expressions, visible paper grain, no photorealism, no glossy CG, no digital anime rendering, no readable text. Scene locked to narration line: '急いでいるわけではないのに、胸の奥で、少し待ってと言われたような気がしました。'. Michiko, a 72-year-old Japanese woman with short gray hair, soft wrinkles, modest cardigan and long skirt, moves slowly from futon to hallway and gently places one hand near a wooden pillar. Composition should express this exact moment only, with one clear focal point and calm senior-friendly readability. Avoid dramatic falling, panic, hospital emergency imagery, red warning graphics, speech bubbles, lip-sync pose, mouth-open acting, clutter, photorealism, glossy CG.","Gentle observing static shot with a very subtle parallax drift. The elderly woman makes slow, deliberate micro-movements; hands and posture adjust naturally without instability or falling. Dust motes drift softly in warm light; fabric edges move barely. The mood remains calm, warm, and reassuring. (Silent video, no audio). No sudden movements, no dialogue, no vocalization, no mouth movement, no lip sync, no falling."
美智子さんは布団の上に手をつき、ゆっくり上体を起こしました。,"kamishibai paper theater illustration, hand-painted gouache and watercolor on warm textured paper, soft pencil contour, muted warm colors, simple stage-like framed composition, Japanese domestic setting, gentle expressions, visible paper grain, no photorealism, no glossy CG, no digital anime rendering, no readable text. Scene locked to narration line: '美智子さんは布団の上に手をつき、ゆっくり上体を起こしました。'. Michiko, a 72-year-old Japanese woman with short gray hair, soft wrinkles, modest cardigan and long skirt, moves slowly from futon to hallway and gently places one hand near a wooden pillar. Composition should express this exact moment only, with one clear focal point and calm senior-friendly readability. Avoid dramatic falling, panic, hospital emergency imagery, red warning graphics, speech bubbles, lip-sync pose, mouth-open acting, clutter, photorealism, glossy CG.","Gentle observing static shot with a very subtle parallax drift. The elderly woman makes slow, deliberate micro-movements; hands and posture adjust naturally without instability or falling. Dust motes drift softly in warm light; fabric edges move barely. The mood remains calm, warm, and reassuring. (Silent video, no audio). No sudden movements, no dialogue, no vocalization, no mouth movement, no lip sync, no falling."
そして廊下へ出る前に、近くの柱へそっと手を伸ばしました。,"kamishibai paper theater illustration, hand-painted gouache and watercolor on warm textured paper, soft pencil contour, muted warm colors, simple stage-like framed composition, Japanese domestic setting, gentle expressions, visible paper grain, no photorealism, no glossy CG, no digital anime rendering, no readable text. Scene locked to narration line: 'そして廊下へ出る前に、近くの柱へそっと手を伸ばしました。'. Michiko, a 72-year-old Japanese woman with short gray hair, soft wrinkles, modest cardigan and long skirt, moves slowly from futon to hallway and gently places one hand near a wooden pillar. Composition should express this exact moment only, with one clear focal point and calm senior-friendly readability. Avoid dramatic falling, panic, hospital emergency imagery, red warning graphics, speech bubbles, lip-sync pose, mouth-open acting, clutter, photorealism, glossy CG.","Gentle observing static shot with a very subtle parallax drift. The elderly woman makes slow, deliberate micro-movements; hands and posture adjust naturally without instability or falling. Dust motes drift softly in warm light; fabric edges move barely. The mood remains calm, warm, and reassuring. (Silent video, no audio). No sudden movements, no dialogue, no vocalization, no mouth movement, no lip sync, no falling."
倒れたわけではありません。,"kamishibai paper theater illustration, hand-painted gouache and watercolor on warm textured paper, soft pencil contour, muted warm colors, simple stage-like framed composition, Japanese domestic setting, gentle expressions, visible paper grain, no photorealism, no glossy CG, no digital anime rendering, no readable text. Scene locked to narration line: '倒れたわけではありません。'. Michiko, a 72-year-old Japanese woman with short gray hair, soft wrinkles, modest cardigan and long skirt, moves slowly from futon to hallway and gently places one hand near a wooden pillar. Composition should express this exact moment only, with one clear focal point and calm senior-friendly readability. Avoid dramatic falling, panic, hospital emergency imagery, red warning graphics, speech bubbles, lip-sync pose, mouth-open acting, clutter, photorealism, glossy CG.","Gentle observing static shot with a very subtle parallax drift. The elderly woman makes slow, deliberate micro-movements; hands and posture adjust naturally without instability or falling. Dust motes drift softly in warm light; fabric edges move barely. The mood remains calm, warm, and reassuring. (Silent video, no audio). No sudden movements, no dialogue, no vocalization, no mouth movement, no lip sync, no falling."
強いめまいがしたわけでもありません。,"kamishibai paper theater illustration, hand-painted gouache and watercolor on warm textured paper, soft pencil contour, muted warm colors, simple stage-like framed composition, Japanese domestic setting, gentle expressions, visible paper grain, no photorealism, no glossy CG, no digital anime rendering, no readable text. Scene locked to narration line: '強いめまいがしたわけでもありません。'. Michiko, a 72-year-old Japanese woman with short gray hair, soft wrinkles, modest cardigan and long skirt, moves slowly from futon to hallway and gently places one hand near a wooden pillar. Composition should express this exact moment only, with one clear focal point and calm senior-friendly readability. Avoid dramatic falling, panic, hospital emergency imagery, red warning graphics, speech bubbles, lip-sync pose, mouth-open acting, clutter, photorealism, glossy CG.","Gentle observing static shot with a very subtle parallax drift. The elderly woman makes slow, deliberate micro-movements; hands and posture adjust naturally without instability or falling. Dust motes drift softly in warm light; fabric edges move barely. The mood remains calm, warm, and reassuring. (Silent video, no audio). No sudden movements, no dialogue, no vocalization, no mouth movement, no lip sync, no falling."
でも自分でも気づかないくらい自然に、手が柱を探していたのです。,"kamishibai paper theater illustration, hand-painted gouache and watercolor on warm textured paper, soft pencil contour, muted warm colors, simple stage-like framed composition, Japanese domestic setting, gentle expressions, visible paper grain, no photorealism, no glossy CG, no digital anime rendering, no readable text. Scene locked to narration line: 'でも自分でも気づかないくらい自然に、手が柱を探していたのです。'. Michiko, a 72-year-old Japanese woman with short gray hair, soft wrinkles, modest cardigan and long skirt, moves slowly from futon to hallway and gently places one hand near a wooden pillar. Composition should express this exact moment only, with one clear focal point and calm senior-friendly readability. Avoid dramatic falling, panic, hospital emergency imagery, red warning graphics, speech bubbles, lip-sync pose, mouth-open acting, clutter, photorealism, glossy CG.","Gentle observing static shot with a very subtle parallax drift. The elderly woman makes slow, deliberate micro-movements; hands and posture adjust naturally without instability or falling. Dust motes drift softly in warm light; fabric edges move barely. The mood remains calm, warm, and reassuring. (Silent video, no audio). No sudden movements, no dialogue, no vocalization, no mouth movement, no lip sync, no falling."
そのとき美智子さんは、小さく首をかしげました。,"kamishibai paper theater illustration, hand-painted gouache and watercolor on warm textured paper, soft pencil contour, muted warm colors, simple stage-like framed composition, Japanese domestic setting, gentle expressions, visible paper grain, no photorealism, no glossy CG, no digital anime rendering, no readable text. Scene locked to narration line: 'そのとき美智子さんは、小さく首をかしげました。'. Michiko, a 72-year-old Japanese woman with short gray hair, soft wrinkles, modest cardigan and long skirt, moves slowly from futon to hallway and gently places one hand near a wooden pillar. Composition should express this exact moment only, with one clear focal point and calm senior-friendly readability. Avoid dramatic falling, panic, hospital emergency imagery, red warning graphics, speech bubbles, lip-sync pose, mouth-open acting, clutter, photorealism, glossy CG.","Gentle observing static shot with a very subtle parallax drift. The elderly woman makes slow, deliberate micro-movements; hands and posture adjust naturally without instability or falling. Dust motes drift softly in warm light; fabric edges move barely. The mood remains calm, warm, and reassuring. (Silent video, no audio). No sudden movements, no dialogue, no vocalization, no mouth movement, no lip sync, no falling."
最近、こういうことが少し増えている気がする。,"kamishibai paper theater illustration, hand-painted gouache and watercolor on warm textured paper, soft pencil contour, muted warm colors, simple stage-like framed composition, Japanese domestic setting, gentle expressions, visible paper grain, no photorealism, no glossy CG, no digital anime rendering, no readable text. Scene locked to narration line: '最近、こういうことが少し増えている気がする。'. Michiko, a 72-year-old Japanese woman with short gray hair, soft wrinkles, modest cardigan and long skirt, moves slowly from futon to hallway and gently places one hand near a wooden pillar. Composition should express this exact moment only, with one clear focal point and calm senior-friendly readability. Avoid dramatic falling, panic, hospital emergency imagery, red warning graphics, speech bubbles, lip-sync pose, mouth-open acting, clutter, photorealism, glossy CG.","Gentle observing static shot with a very subtle parallax drift. The elderly woman makes slow, deliberate micro-movements; hands and posture adjust naturally without instability or falling. Dust motes drift softly in warm light; fabric edges move barely. The mood remains calm, warm, and reassuring. (Silent video, no audio). No sudden movements, no dialogue, no vocalization, no mouth movement, no lip sync, no falling."
そう思いながらも、すぐに台所へ向かいました。,"kamishibai paper theater illustration, hand-painted gouache and watercolor on warm textured paper, soft pencil contour, muted warm colors, simple stage-like framed composition, Japanese domestic setting, gentle expressions, visible paper grain, no photorealism, no glossy CG, no digital anime rendering, no readable text. Scene locked to narration line: 'そう思いながらも、すぐに台所へ向かいました。'. Michiko, a 72-year-old Japanese woman with short gray hair, soft wrinkles, modest cardigan and long skirt, moves slowly from futon to hallway and gently places one hand near a wooden pillar. Composition should express this exact moment only, with one clear focal point and calm senior-friendly readability. Avoid dramatic falling, panic, hospital emergency imagery, red warning graphics, speech bubbles, lip-sync pose, mouth-open acting, clutter, photorealism, glossy CG.","Gentle observing static shot with a very subtle parallax drift. The elderly woman makes slow, deliberate micro-movements; hands and posture adjust naturally without instability or falling. Dust motes drift softly in warm light; fabric edges move barely. The mood remains calm, warm, and reassuring. (Silent video, no audio). No sudden movements, no dialogue, no vocalization, no mouth movement, no lip sync, no falling."
お湯を沸かし、湯のみを出し、いつもの朝の支度をしました。,"kamishibai paper theater illustration, hand-painted gouache and watercolor on warm textured paper, soft pencil contour, muted warm colors, simple stage-like framed composition, Japanese domestic setting, gentle expressions, visible paper grain, no photorealism, no glossy CG, no digital anime rendering, no readable text. Scene locked to narration line: 'お湯を沸かし、湯のみを出し、いつもの朝の支度をしました。'. Michiko, a 72-year-old Japanese woman with short gray hair, soft wrinkles, modest cardigan and long skirt, moves slowly from futon to hallway and gently places one hand near a wooden pillar. Composition should express this exact moment only, with one clear focal point and calm senior-friendly readability. Avoid dramatic falling, panic, hospital emergency imagery, red warning graphics, speech bubbles, lip-sync pose, mouth-open acting, clutter, photorealism, glossy CG.","Gentle observing static shot with a very subtle parallax drift. The elderly woman makes slow, deliberate micro-movements; hands and posture adjust naturally without instability or falling. Dust motes drift softly in warm light; fabric edges move barely. The mood remains calm, warm, and reassuring. (Silent video, no audio). No sudden movements, no dialogue, no vocalization, no mouth movement, no lip sync, no falling."
けれど、柱に手をついた感覚だけが、指先に少し残っていました。,"kamishibai paper theater illustration, hand-painted gouache and watercolor on warm textured paper, soft pencil contour, muted warm colors, simple stage-like framed composition, Japanese domestic setting, gentle expressions, visible paper grain, no photorealism, no glossy CG, no digital anime rendering, no readable text. Scene locked to narration line: 'けれど、柱に手をついた感覚だけが、指先に少し残っていました。'. Michiko, a 72-year-old Japanese woman with short gray hair, soft wrinkles, modest cardigan and long skirt, moves slowly from futon to hallway and gently places one hand near a wooden pillar. Composition should express this exact moment only, with one clear focal point and calm senior-friendly readability. Avoid dramatic falling, panic, hospital emergency imagery, red warning graphics, speech bubbles, lip-sync pose, mouth-open acting, clutter, photorealism, glossy CG.","Gentle observing static shot with a very subtle parallax drift. The elderly woman makes slow, deliberate micro-movements; hands and posture adjust naturally without instability or falling. Dust motes drift softly in warm light; fabric edges move barely. The mood remains calm, warm, and reassuring. (Silent video, no audio). No sudden movements, no dialogue, no vocalization, no mouth movement, no lip sync, no falling."
数日前にも、似たようなことがありました。,"kamishibai paper theater illustration, hand-painted gouache and watercolor on warm textured paper, soft pencil contour, muted warm colors, simple stage-like framed composition, Japanese domestic setting, gentle expressions, visible paper grain, no photorealism, no glossy CG, no digital anime rendering, no readable text. Scene locked to narration line: '数日前にも、似たようなことがありました。'. Michiko, a 72-year-old Japanese woman with short gray hair, soft wrinkles, modest cardigan and long skirt, moves slowly from futon to hallway and gently places one hand near a wooden pillar. Composition should express this exact moment only, with one clear focal point and calm senior-friendly readability. Avoid dramatic falling, panic, hospital emergency imagery, red warning graphics, speech bubbles, lip-sync pose, mouth-open acting, clutter, photorealism, glossy CG.","Gentle observing static shot with a very subtle parallax drift. The elderly woman makes slow, deliberate micro-movements; hands and posture adjust naturally without instability or falling. Dust motes drift softly in warm light; fabric edges move barely. The mood remains calm, warm, and reassuring. (Silent video, no audio). No sudden movements, no dialogue, no vocalization, no mouth movement, no lip sync, no falling."
茶の間から台所へ行く途中で、スリッパの先が畳のへりに軽く引っかかりました。,"kamishibai paper theater illustration, hand-painted gouache and watercolor on warm textured paper, soft pencil contour, muted warm colors, simple stage-like framed composition, Japanese domestic setting, gentle expressions, visible paper grain, no photorealism, no glossy CG, no digital anime rendering, no readable text. Scene locked to narration line: '茶の間から台所へ行く途中で、スリッパの先が畳のへりに軽く引っかかりました。'. A gentle paper collage of tiny daily signs: a slipper near a tatami edge, dim hallway light, one cautious first step, and a calm thoughtful face. Composition should express this exact moment only, with one clear focal point and calm senior-friendly readability. Avoid dramatic falling, panic, hospital emergency imagery, red warning graphics, speech bubbles, lip-sync pose, mouth-open acting, clutter, photorealism, glossy CG.","Slow subtle parallax drift through the symbolic paper layers. Educational symbolic elements gently float or pulse at a calm rhythm. The textured paper background shifts softly for depth. The mood remains calm, warm, and reassuring. (Silent video, no audio). No flashing, no medical horror, no alarm colors, no dialogue, no generated text."
転んだわけではなく、足を少し出し直しただけでした。,"kamishibai paper theater illustration, hand-painted gouache and watercolor on warm textured paper, soft pencil contour, muted warm colors, simple stage-like framed composition, Japanese domestic setting, gentle expressions, visible paper grain, no photorealism, no glossy CG, no digital anime rendering, no readable text. Scene locked to narration line: '転んだわけではなく、足を少し出し直しただけでした。'. A gentle paper collage of tiny daily signs: a slipper near a tatami edge, dim hallway light, one cautious first step, and a calm thoughtful face. Composition should express this exact moment only, with one clear focal point and calm senior-friendly readability. Avoid dramatic falling, panic, hospital emergency imagery, red warning graphics, speech bubbles, lip-sync pose, mouth-open acting, clutter, photorealism, glossy CG.","Slow subtle parallax drift through the symbolic paper layers. Educational symbolic elements gently float or pulse at a calm rhythm. The textured paper background shifts softly for depth. The mood remains calm, warm, and reassuring. (Silent video, no audio). No flashing, no medical horror, no alarm colors, no dialogue, no generated text."
そのときも美智子さんは、まあ、年のせいかしらと笑って済ませました。,"kamishibai paper theater illustration, hand-painted gouache and watercolor on warm textured paper, soft pencil contour, muted warm colors, simple stage-like framed composition, Japanese domestic setting, gentle expressions, visible paper grain, no photorealism, no glossy CG, no digital anime rendering, no readable text. Scene locked to narration line: 'そのときも美智子さんは、まあ、年のせいかしらと笑って済ませました。'. A gentle paper collage of tiny daily signs: a slipper near a tatami edge, dim hallway light, one cautious first step, and a calm thoughtful face. Composition should express this exact moment only, with one clear focal point and calm senior-friendly readability. Avoid dramatic falling, panic, hospital emergency imagery, red warning graphics, speech bubbles, lip-sync pose, mouth-open acting, clutter, photorealism, glossy CG.","Slow subtle parallax drift through the symbolic paper layers. Educational symbolic elements gently float or pulse at a calm rhythm. The textured paper background shifts softly for depth. The mood remains calm, warm, and reassuring. (Silent video, no audio). No flashing, no medical horror, no alarm colors, no dialogue, no generated text."
また別の日には、夕方の廊下で足元が前より暗く見えました。,"kamishibai paper theater illustration, hand-painted gouache and watercolor on warm textured paper, soft pencil contour, muted warm colors, simple stage-like framed composition, Japanese domestic setting, gentle expressions, visible paper grain, no photorealism, no glossy CG, no digital anime rendering, no readable text. Scene locked to narration line: 'また別の日には、夕方の廊下で足元が前より暗く見えました。'. A gentle paper collage of tiny daily signs: a slipper near a tatami edge, dim hallway light, one cautious first step, and a calm thoughtful face. Composition should express this exact moment only, with one clear focal point and calm senior-friendly readability. Avoid dramatic falling, panic, hospital emergency imagery, red warning graphics, speech bubbles, lip-sync pose, mouth-open acting, clutter, photorealism, glossy CG.","Slow subtle parallax drift through the symbolic paper layers. Educational symbolic elements gently float or pulse at a calm rhythm. The textured paper background shifts softly for depth. The mood remains calm, warm, and reassuring. (Silent video, no audio). No flashing, no medical horror, no alarm colors, no dialogue, no generated text."
電気をつければいいだけのことなのに、なぜか面倒で、そのまま歩きました。,"kamishibai paper theater illustration, hand-painted gouache and watercolor on warm textured paper, soft pencil contour, muted warm colors, simple stage-like framed composition, Japanese domestic setting, gentle expressions, visible paper grain, no photorealism, no glossy CG, no digital anime rendering, no readable text. Scene locked to narration line: '電気をつければいいだけのことなのに、なぜか面倒で、そのまま歩きました。'. A gentle paper collage of tiny daily signs: a slipper near a tatami edge, dim hallway light, one cautious first step, and a calm thoughtful face. Composition should express this exact moment only, with one clear focal point and calm senior-friendly readability. Avoid dramatic falling, panic, hospital emergency imagery, red warning graphics, speech bubbles, lip-sync pose, mouth-open acting, clutter, photorealism, glossy CG.","Slow subtle parallax drift through the symbolic paper layers. Educational symbolic elements gently float or pulse at a calm rhythm. The textured paper background shifts softly for depth. The mood remains calm, warm, and reassuring. (Silent video, no audio). No flashing, no medical horror, no alarm colors, no dialogue, no generated text."
その一歩目だけ、床が少し遠く感じました。,"kamishibai paper theater illustration, hand-painted gouache and watercolor on warm textured paper, soft pencil contour, muted warm colors, simple stage-like framed composition, Japanese domestic setting, gentle expressions, visible paper grain, no photorealism, no glossy CG, no digital anime rendering, no readable text. Scene locked to narration line: 'その一歩目だけ、床が少し遠く感じました。'. A gentle paper collage of tiny daily signs: a slipper near a tatami edge, dim hallway light, one cautious first step, and a calm thoughtful face. Composition should express this exact moment only, with one clear focal point and calm senior-friendly readability. Avoid dramatic falling, panic, hospital emergency imagery, red warning graphics, speech bubbles, lip-sync pose, mouth-open acting, clutter, photorealism, glossy CG.","Slow subtle parallax drift through the symbolic paper layers. Educational symbolic elements gently float or pulse at a calm rhythm. The textured paper background shifts softly for depth. The mood remains calm, warm, and reassuring. (Silent video, no audio). No flashing, no medical horror, no alarm colors, no dialogue, no generated text."
こうした出来事は、ひとつひとつはとても小さなものです。,"kamishibai paper theater illustration, hand-painted gouache and watercolor on warm textured paper, soft pencil contour, muted warm colors, simple stage-like framed composition, Japanese domestic setting, gentle expressions, visible paper grain, no photorealism, no glossy CG, no digital anime rendering, no readable text. Scene locked to narration line: 'こうした出来事は、ひとつひとつはとても小さなものです。'. A gentle paper collage of tiny daily signs: a slipper near a tatami edge, dim hallway light, one cautious first step, and a calm thoughtful face. Composition should express this exact moment only, with one clear focal point and calm senior-friendly readability. Avoid dramatic falling, panic, hospital emergency imagery, red warning graphics, speech bubbles, lip-sync pose, mouth-open acting, clutter, photorealism, glossy CG.","Slow subtle parallax drift through the symbolic paper layers. Educational symbolic elements gently float or pulse at a calm rhythm. The textured paper background shifts softly for depth. The mood remains calm, warm, and reassuring. (Silent video, no audio). No flashing, no medical horror, no alarm colors, no dialogue, no generated text."
だれかに話すほどではない、と思ってしまいやすいものです。,"kamishibai paper theater illustration, hand-painted gouache and watercolor on warm textured paper, soft pencil contour, muted warm colors, simple stage-like framed composition, Japanese domestic setting, gentle expressions, visible paper grain, no photorealism, no glossy CG, no digital anime rendering, no readable text. Scene locked to narration line: 'だれかに話すほどではない、と思ってしまいやすいものです。'. A gentle paper collage of tiny daily signs: a slipper near a tatami edge, dim hallway light, one cautious first step, and a calm thoughtful face. Composition should express this exact moment only, with one clear focal point and calm senior-friendly readability. Avoid dramatic falling, panic, hospital emergency imagery, red warning graphics, speech bubbles, lip-sync pose, mouth-open acting, clutter, photorealism, glossy CG.","Slow subtle parallax drift through the symbolic paper layers. Educational symbolic elements gently float or pulse at a calm rhythm. The textured paper background shifts softly for depth. The mood remains calm, warm, and reassuring. (Silent video, no audio). No flashing, no medical horror, no alarm colors, no dialogue, no generated text."
けれど、小さな変化がいくつか重なると、体は静かに合図を出していることがあります。,"kamishibai paper theater illustration, hand-painted gouache and watercolor on warm textured paper, soft pencil contour, muted warm colors, simple stage-like framed composition, Japanese domestic setting, gentle expressions, visible paper grain, no photorealism, no glossy CG, no digital anime rendering, no readable text. Scene locked to narration line: 'けれど、小さな変化がいくつか重なると、体は静かに合図を出していることがあります。'. A gentle paper collage of tiny daily signs: a slipper near a tatami edge, dim hallway light, one cautious first step, and a calm thoughtful face. Composition should express this exact moment only, with one clear focal point and calm senior-friendly readability. Avoid dramatic falling, panic, hospital emergency imagery, red warning graphics, speech bubbles, lip-sync pose, mouth-open acting, clutter, photorealism, glossy CG.","Slow subtle parallax drift through the symbolic paper layers. Educational symbolic elements gently float or pulse at a calm rhythm. The textured paper background shifts softly for depth. The mood remains calm, warm, and reassuring. (Silent video, no audio). No flashing, no medical horror, no alarm colors, no dialogue, no generated text."
ある日の午前中、電話が鳴りました。,"kamishibai paper theater illustration, hand-painted gouache and watercolor on warm textured paper, soft pencil contour, muted warm colors, simple stage-like framed composition, Japanese domestic setting, gentle expressions, visible paper grain, no photorealism, no glossy CG, no digital anime rendering, no readable text. Scene locked to narration line: 'ある日の午前中、電話が鳴りました。'. A gentle paper collage of tiny daily signs: a slipper near a tatami edge, dim hallway light, one cautious first step, and a calm thoughtful face. Composition should express this exact moment only, with one clear focal point and calm senior-friendly readability. Avoid dramatic falling, panic, hospital emergency imagery, red warning graphics, speech bubbles, lip-sync pose, mouth-open acting, clutter, photorealism, glossy CG.","Slow subtle parallax drift through the symbolic paper layers. Educational symbolic elements gently float or pulse at a calm rhythm. The textured paper background shifts softly for depth. The mood remains calm, warm, and reassuring. (Silent video, no audio). No flashing, no medical horror, no alarm colors, no dialogue, no generated text."
美智子さんは、娘からかもしれないと思い、少し急いで立ち上がりました。,"kamishibai paper theater illustration, hand-painted gouache and watercolor on warm textured paper, soft pencil contour, muted warm colors, simple stage-like framed composition, Japanese domestic setting, gentle expressions, visible paper grain, no photorealism, no glossy CG, no digital anime rendering, no readable text. Scene locked to narration line: '美智子さんは、娘からかもしれないと思い、少し急いで立ち上がりました。'. Michiko in a tatami room hears an old telephone and rises from a low cushion, one hand hovering calmly for balance, no fall and no panic. Composition should express this exact moment only, with one clear focal point and calm senior-friendly readability. Avoid dramatic falling, panic, hospital emergency imagery, red warning graphics, speech bubbles, lip-sync pose, mouth-open acting, clutter, photorealism, glossy CG.","Gentle observing static shot with a very subtle parallax drift. The elderly woman makes slow, deliberate micro-movements; hands and posture adjust naturally without instability or falling. Dust motes drift softly in warm light; fabric edges move barely. The mood remains calm, warm, and reassuring. (Silent video, no audio). No sudden movements, no dialogue, no vocalization, no mouth movement, no lip sync, no falling."
座布団から腰を上げた瞬間、景色がほんの少しだけ揺れたように感じました。,"kamishibai paper theater illustration, hand-painted gouache and watercolor on warm textured paper, soft pencil contour, muted warm colors, simple stage-like framed composition, Japanese domestic setting, gentle expressions, visible paper grain, no photorealism, no glossy CG, no digital anime rendering, no readable text. Scene locked to narration line: '座布団から腰を上げた瞬間、景色がほんの少しだけ揺れたように感じました。'. Michiko in a tatami room hears an old telephone and rises from a low cushion, one hand hovering calmly for balance, no fall and no panic. Composition should express this exact moment only, with one clear focal point and calm senior-friendly readability. Avoid dramatic falling, panic, hospital emergency imagery, red warning graphics, speech bubbles, lip-sync pose, mouth-open acting, clutter, photorealism, glossy CG.","Gentle observing static shot with a very subtle parallax drift. The elderly woman makes slow, deliberate micro-movements; hands and posture adjust naturally without instability or falling. Dust motes drift softly in warm light; fabric edges move barely. The mood remains calm, warm, and reassuring. (Silent video, no audio). No sudden movements, no dialogue, no vocalization, no mouth movement, no lip sync, no falling."
まるで部屋の空気が、一拍遅れて動いたような感覚でした。,"kamishibai paper theater illustration, hand-painted gouache and watercolor on warm textured paper, soft pencil contour, muted warm colors, simple stage-like framed composition, Japanese domestic setting, gentle expressions, visible paper grain, no photorealism, no glossy CG, no digital anime rendering, no readable text. Scene locked to narration line: 'まるで部屋の空気が、一拍遅れて動いたような感覚でした。'. Michiko in a tatami room hears an old telephone and rises from a low cushion, one hand hovering calmly for balance, no fall and no panic. Composition should express this exact moment only, with one clear focal point and calm senior-friendly readability. Avoid dramatic falling, panic, hospital emergency imagery, red warning graphics, speech bubbles, lip-sync pose, mouth-open acting, clutter, photorealism, glossy CG.","Gentle observing static shot with a very subtle parallax drift. The elderly woman makes slow, deliberate micro-movements; hands and posture adjust naturally without instability or falling. Dust motes drift softly in warm light; fabric edges move barely. The mood remains calm, warm, and reassuring. (Silent video, no audio). No sudden movements, no dialogue, no vocalization, no mouth movement, no lip sync, no falling."
時間にすれば、数秒のことです。,"kamishibai paper theater illustration, hand-painted gouache and watercolor on warm textured paper, soft pencil contour, muted warm colors, simple stage-like framed composition, Japanese domestic setting, gentle expressions, visible paper grain, no photorealism, no glossy CG, no digital anime rendering, no readable text. Scene locked to narration line: '時間にすれば、数秒のことです。'. Michiko in a tatami room hears an old telephone and rises from a low cushion, one hand hovering calmly for balance, no fall and no panic. Composition should express this exact moment only, with one clear focal point and calm senior-friendly readability. Avoid dramatic falling, panic, hospital emergency imagery, red warning graphics, speech bubbles, lip-sync pose, mouth-open acting, clutter, photorealism, glossy CG.","Gentle observing static shot with a very subtle parallax drift. The elderly woman makes slow, deliberate micro-movements; hands and posture adjust naturally without instability or falling. Dust motes drift softly in warm light; fabric edges move barely. The mood remains calm, warm, and reassuring. (Silent video, no audio). No sudden movements, no dialogue, no vocalization, no mouth movement, no lip sync, no falling."
すぐに落ち着いたので、美智子さんはそのまま電話に出ました。,"kamishibai paper theater illustration, hand-painted gouache and watercolor on warm textured paper, soft pencil contour, muted warm colors, simple stage-like framed composition, Japanese domestic setting, gentle expressions, visible paper grain, no photorealism, no glossy CG, no digital anime rendering, no readable text. Scene locked to narration line: 'すぐに落ち着いたので、美智子さんはそのまま電話に出ました。'. Michiko in a tatami room hears an old telephone and rises from a low cushion, one hand hovering calmly for balance, no fall and no panic. Composition should express this exact moment only, with one clear focal point and calm senior-friendly readability. Avoid dramatic falling, panic, hospital emergency imagery, red warning graphics, speech bubbles, lip-sync pose, mouth-open acting, clutter, photorealism, glossy CG.","Gentle observing static shot with a very subtle parallax drift. The elderly woman makes slow, deliberate micro-movements; hands and posture adjust naturally without instability or falling. Dust motes drift softly in warm light; fabric edges move barely. The mood remains calm, warm, and reassuring. (Silent video, no audio). No sudden movements, no dialogue, no vocalization, no mouth movement, no lip sync, no falling."
電話は近所の友人からで、畑の野菜を分けたいという明るい話でした。,"kamishibai paper theater illustration, hand-painted gouache and watercolor on warm textured paper, soft pencil contour, muted warm colors, simple stage-like framed composition, Japanese domestic setting, gentle expressions, visible paper grain, no photorealism, no glossy CG, no digital anime rendering, no readable text. Scene locked to narration line: '電話は近所の友人からで、畑の野菜を分けたいという明るい話でした。'. Michiko in a tatami room hears an old telephone and rises from a low cushion, one hand hovering calmly for balance, no fall and no panic. Composition should express this exact moment only, with one clear focal point and calm senior-friendly readability. Avoid dramatic falling, panic, hospital emergency imagery, red warning graphics, speech bubbles, lip-sync pose, mouth-open acting, clutter, photorealism, glossy CG.","Gentle observing static shot with a very subtle parallax drift. The elderly woman makes slow, deliberate micro-movements; hands and posture adjust naturally without instability or falling. Dust motes drift softly in warm light; fabric edges move barely. The mood remains calm, warm, and reassuring. (Silent video, no audio). No sudden movements, no dialogue, no vocalization, no mouth movement, no lip sync, no falling."
美智子さんも普段どおりに返事をしました。,"kamishibai paper theater illustration, hand-painted gouache and watercolor on warm textured paper, soft pencil contour, muted warm colors, simple stage-like framed composition, Japanese domestic setting, gentle expressions, visible paper grain, no photorealism, no glossy CG, no digital anime rendering, no readable text. Scene locked to narration line: '美智子さんも普段どおりに返事をしました。'. Michiko in a tatami room hears an old telephone and rises from a low cushion, one hand hovering calmly for balance, no fall and no panic. Composition should express this exact moment only, with one clear focal point and calm senior-friendly readability. Avoid dramatic falling, panic, hospital emergency imagery, red warning graphics, speech bubbles, lip-sync pose, mouth-open acting, clutter, photorealism, glossy CG.","Gentle observing static shot with a very subtle parallax drift. The elderly woman makes slow, deliberate micro-movements; hands and posture adjust naturally without instability or falling. Dust motes drift softly in warm light; fabric edges move barely. The mood remains calm, warm, and reassuring. (Silent video, no audio). No sudden movements, no dialogue, no vocalization, no mouth movement, no lip sync, no falling."
けれど受話器を置いたあと、胸の奥には小さな不安が残りました。,"kamishibai paper theater illustration, hand-painted gouache and watercolor on warm textured paper, soft pencil contour, muted warm colors, simple stage-like framed composition, Japanese domestic setting, gentle expressions, visible paper grain, no photorealism, no glossy CG, no digital anime rendering, no readable text. Scene locked to narration line: 'けれど受話器を置いたあと、胸の奥には小さな不安が残りました。'. Michiko in a tatami room hears an old telephone and rises from a low cushion, one hand hovering calmly for balance, no fall and no panic. Composition should express this exact moment only, with one clear focal point and calm senior-friendly readability. Avoid dramatic falling, panic, hospital emergency imagery, red warning graphics, speech bubbles, lip-sync pose, mouth-open acting, clutter, photorealism, glossy CG.","Gentle observing static shot with a very subtle parallax drift. The elderly woman makes slow, deliberate micro-movements; hands and posture adjust naturally without instability or falling. Dust motes drift softly in warm light; fabric edges move barely. The mood remains calm, warm, and reassuring. (Silent video, no audio). No sudden movements, no dialogue, no vocalization, no mouth movement, no lip sync, no falling."
さっきの感じは、何だったのだろう。,"kamishibai paper theater illustration, hand-painted gouache and watercolor on warm textured paper, soft pencil contour, muted warm colors, simple stage-like framed composition, Japanese domestic setting, gentle expressions, visible paper grain, no photorealism, no glossy CG, no digital anime rendering, no readable text. Scene locked to narration line: 'さっきの感じは、何だったのだろう。'. Michiko in a tatami room hears an old telephone and rises from a low cushion, one hand hovering calmly for balance, no fall and no panic. Composition should express this exact moment only, with one clear focal point and calm senior-friendly readability. Avoid dramatic falling, panic, hospital emergency imagery, red warning graphics, speech bubbles, lip-sync pose, mouth-open acting, clutter, photorealism, glossy CG.","Gentle observing static shot with a very subtle parallax drift. The elderly woman makes slow, deliberate micro-movements; hands and posture adjust naturally without instability or falling. Dust motes drift softly in warm light; fabric edges move barely. The mood remains calm, warm, and reassuring. (Silent video, no audio). No sudden movements, no dialogue, no vocalization, no mouth movement, no lip sync, no falling."
疲れていただけなのか、それとも体からの知らせなのか。,"kamishibai paper theater illustration, hand-painted gouache and watercolor on warm textured paper, soft pencil contour, muted warm colors, simple stage-like framed composition, Japanese domestic setting, gentle expressions, visible paper grain, no photorealism, no glossy CG, no digital anime rendering, no readable text. Scene locked to narration line: '疲れていただけなのか、それとも体からの知らせなのか。'. Michiko in a tatami room hears an old telephone and rises from a low cushion, one hand hovering calmly for balance, no fall and no panic. Composition should express this exact moment only, with one clear focal point and calm senior-friendly readability. Avoid dramatic falling, panic, hospital emergency imagery, red warning graphics, speech bubbles, lip-sync pose, mouth-open acting, clutter, photorealism, glossy CG.","Gentle observing static shot with a very subtle parallax drift. The elderly woman makes slow, deliberate micro-movements; hands and posture adjust naturally without instability or falling. Dust motes drift softly in warm light; fabric edges move barely. The mood remains calm, warm, and reassuring. (Silent video, no audio). No sudden movements, no dialogue, no vocalization, no mouth movement, no lip sync, no falling."
そう考えながら、しばらく茶の間に座っていました。,"kamishibai paper theater illustration, hand-painted gouache and watercolor on warm textured paper, soft pencil contour, muted warm colors, simple stage-like framed composition, Japanese domestic setting, gentle expressions, visible paper grain, no photorealism, no glossy CG, no digital anime rendering, no readable text. Scene locked to narration line: 'そう考えながら、しばらく茶の間に座っていました。'. Michiko in a tatami room hears an old telephone and rises from a low cushion, one hand hovering calmly for balance, no fall and no panic. Composition should express this exact moment only, with one clear focal point and calm senior-friendly readability. Avoid dramatic falling, panic, hospital emergency imagery, red warning graphics, speech bubbles, lip-sync pose, mouth-open acting, clutter, photorealism, glossy CG.","Gentle observing static shot with a very subtle parallax drift. The elderly woman makes slow, deliberate micro-movements; hands and posture adjust naturally without instability or falling. Dust motes drift softly in warm light; fabric edges move barely. The mood remains calm, warm, and reassuring. (Silent video, no audio). No sudden movements, no dialogue, no vocalization, no mouth movement, no lip sync, no falling."
ふらつきは、いきなり大きな出来事として現れるとは限りません。,"kamishibai paper theater illustration, hand-painted gouache and watercolor on warm textured paper, soft pencil contour, muted warm colors, simple stage-like framed composition, Japanese domestic setting, gentle expressions, visible paper grain, no photorealism, no glossy CG, no digital anime rendering, no readable text. Scene locked to narration line: 'ふらつきは、いきなり大きな出来事として現れるとは限りません。'. Michiko in a tatami room hears an old telephone and rises from a low cushion, one hand hovering calmly for balance, no fall and no panic. Composition should express this exact moment only, with one clear focal point and calm senior-friendly readability. Avoid dramatic falling, panic, hospital emergency imagery, red warning graphics, speech bubbles, lip-sync pose, mouth-open acting, clutter, photorealism, glossy CG.","Gentle observing static shot with a very subtle parallax drift. The elderly woman makes slow, deliberate micro-movements; hands and posture adjust naturally without instability or falling. Dust motes drift softly in warm light; fabric edges move barely. The mood remains calm, warm, and reassuring. (Silent video, no audio). No sudden movements, no dialogue, no vocalization, no mouth movement, no lip sync, no falling."
その前に、暮らしの中の小さな合図として出ていることがあります。,"kamishibai paper theater illustration, hand-painted gouache and watercolor on warm textured paper, soft pencil contour, muted warm colors, simple stage-like framed composition, Japanese domestic setting, gentle expressions, visible paper grain, no photorealism, no glossy CG, no digital anime rendering, no readable text. Scene locked to narration line: 'その前に、暮らしの中の小さな合図として出ていることがあります。'. Michiko in a tatami room hears an old telephone and rises from a low cushion, one hand hovering calmly for balance, no fall and no panic. Composition should express this exact moment only, with one clear focal point and calm senior-friendly readability. Avoid dramatic falling, panic, hospital emergency imagery, red warning graphics, speech bubbles, lip-sync pose, mouth-open acting, clutter, photorealism, glossy CG.","Gentle observing static shot with a very subtle parallax drift. The elderly woman makes slow, deliberate micro-movements; hands and posture adjust naturally without instability or falling. Dust motes drift softly in warm light; fabric edges move barely. The mood remains calm, warm, and reassuring. (Silent video, no audio). No sudden movements, no dialogue, no vocalization, no mouth movement, no lip sync, no falling."
たとえば、立ち上がる前にひと呼吸ほしくなること。,"kamishibai paper theater illustration, hand-painted gouache and watercolor on warm textured paper, soft pencil contour, muted warm colors, simple stage-like framed composition, Japanese domestic setting, gentle expressions, visible paper grain, no photorealism, no glossy CG, no digital anime rendering, no readable text. Scene locked to narration line: 'たとえば、立ち上がる前にひと呼吸ほしくなること。'. A gentle symbolic collage of tiny daily signs: a foot pausing, a hand near a pillar, a dim hallway, and a soft breath before standing. Composition should express this exact moment only, with one clear focal point and calm senior-friendly readability. Avoid dramatic falling, panic, hospital emergency imagery, red warning graphics, speech bubbles, lip-sync pose, mouth-open acting, clutter, photorealism, glossy CG.","Slow subtle parallax drift through the symbolic paper layers. Educational symbolic elements gently float or pulse at a calm rhythm. The textured paper background shifts softly for depth. The mood remains calm, warm, and reassuring. (Silent video, no audio). No flashing, no medical horror, no alarm colors, no dialogue, no generated text."
歩き始めの一歩だけ、いつもより慎重になること。,"kamishibai paper theater illustration, hand-painted gouache and watercolor on warm textured paper, soft pencil contour, muted warm colors, simple stage-like framed composition, Japanese domestic setting, gentle expressions, visible paper grain, no photorealism, no glossy CG, no digital anime rendering, no readable text. Scene locked to narration line: '歩き始めの一歩だけ、いつもより慎重になること。'. A gentle symbolic collage of tiny daily signs: a foot pausing, a hand near a pillar, a dim hallway, and a soft breath before standing. Composition should express this exact moment only, with one clear focal point and calm senior-friendly readability. Avoid dramatic falling, panic, hospital emergency imagery, red warning graphics, speech bubbles, lip-sync pose, mouth-open acting, clutter, photorealism, glossy CG.","Slow subtle parallax drift through the symbolic paper layers. Educational symbolic elements gently float or pulse at a calm rhythm. The textured paper background shifts softly for depth. The mood remains calm, warm, and reassuring. (Silent video, no audio). No flashing, no medical horror, no alarm colors, no dialogue, no generated text."
暗い廊下で、足元を前より長く見たくなること。,"kamishibai paper theater illustration, hand-painted gouache and watercolor on warm textured paper, soft pencil contour, muted warm colors, simple stage-like framed composition, Japanese domestic setting, gentle expressions, visible paper grain, no photorealism, no glossy CG, no digital anime rendering, no readable text. Scene locked to narration line: '暗い廊下で、足元を前より長く見たくなること。'. A gentle symbolic collage of tiny daily signs: a foot pausing, a hand near a pillar, a dim hallway, and a soft breath before standing. Composition should express this exact moment only, with one clear focal point and calm senior-friendly readability. Avoid dramatic falling, panic, hospital emergency imagery, red warning graphics, speech bubbles, lip-sync pose, mouth-open acting, clutter, photorealism, glossy CG.","Slow subtle parallax drift through the symbolic paper layers. Educational symbolic elements gently float or pulse at a calm rhythm. The textured paper background shifts softly for depth. The mood remains calm, warm, and reassuring. (Silent video, no audio). No flashing, no medical horror, no alarm colors, no dialogue, no generated text."
スリッパの先が、ほんの少し引っかかりやすくなること。,"kamishibai paper theater illustration, hand-painted gouache and watercolor on warm textured paper, soft pencil contour, muted warm colors, simple stage-like framed composition, Japanese domestic setting, gentle expressions, visible paper grain, no photorealism, no glossy CG, no digital anime rendering, no readable text. Scene locked to narration line: 'スリッパの先が、ほんの少し引っかかりやすくなること。'. A gentle symbolic collage of tiny daily signs: a foot pausing, a hand near a pillar, a dim hallway, and a soft breath before standing. Composition should express this exact moment only, with one clear focal point and calm senior-friendly readability. Avoid dramatic falling, panic, hospital emergency imagery, red warning graphics, speech bubbles, lip-sync pose, mouth-open acting, clutter, photorealism, glossy CG.","Slow subtle parallax drift through the symbolic paper layers. Educational symbolic elements gently float or pulse at a calm rhythm. The textured paper background shifts softly for depth. The mood remains calm, warm, and reassuring. (Silent video, no audio). No flashing, no medical horror, no alarm colors, no dialogue, no generated text."
台所で向きを変えるとき、壁や机の位置を無意識に確かめること。,"kamishibai paper theater illustration, hand-painted gouache and watercolor on warm textured paper, soft pencil contour, muted warm colors, simple stage-like framed composition, Japanese domestic setting, gentle expressions, visible paper grain, no photorealism, no glossy CG, no digital anime rendering, no readable text. Scene locked to narration line: '台所で向きを変えるとき、壁や机の位置を無意識に確かめること。'. A gentle symbolic collage of tiny daily signs: a foot pausing, a hand near a pillar, a dim hallway, and a soft breath before standing. Composition should express this exact moment only, with one clear focal point and calm senior-friendly readability. Avoid dramatic falling, panic, hospital emergency imagery, red warning graphics, speech bubbles, lip-sync pose, mouth-open acting, clutter, photorealism, glossy CG.","Slow subtle parallax drift through the symbolic paper layers. Educational symbolic elements gently float or pulse at a calm rhythm. The textured paper background shifts softly for depth. The mood remains calm, warm, and reassuring. (Silent video, no audio). No flashing, no medical horror, no alarm colors, no dialogue, no generated text."
これらは、弱くなったという意味だけではありません。,"kamishibai paper theater illustration, hand-painted gouache and watercolor on warm textured paper, soft pencil contour, muted warm colors, simple stage-like framed composition, Japanese domestic setting, gentle expressions, visible paper grain, no photorealism, no glossy CG, no digital anime rendering, no readable text. Scene locked to narration line: 'これらは、弱くなったという意味だけではありません。'. A gentle symbolic collage of tiny daily signs: a foot pausing, a hand near a pillar, a dim hallway, and a soft breath before standing. Composition should express this exact moment only, with one clear focal point and calm senior-friendly readability. Avoid dramatic falling, panic, hospital emergency imagery, red warning graphics, speech bubbles, lip-sync pose, mouth-open acting, clutter, photorealism, glossy CG.","Slow subtle parallax drift through the symbolic paper layers. Educational symbolic elements gently float or pulse at a calm rhythm. The textured paper background shifts softly for depth. The mood remains calm, warm, and reassuring. (Silent video, no audio). No flashing, no medical horror, no alarm colors, no dialogue, no generated text."
体が、今日は少しゆっくり始めたいですよ、と教えてくれている場合もあります。,"kamishibai paper theater illustration, hand-painted gouache and watercolor on warm textured paper, soft pencil contour, muted warm colors, simple stage-like framed composition, Japanese domestic setting, gentle expressions, visible paper grain, no photorealism, no glossy CG, no digital anime rendering, no readable text. Scene locked to narration line: '体が、今日は少しゆっくり始めたいですよ、と教えてくれている場合もあります。'. A gentle symbolic collage of tiny daily signs: a foot pausing, a hand near a pillar, a dim hallway, and a soft breath before standing. Composition should express this exact moment only, with one clear focal point and calm senior-friendly readability. Avoid dramatic falling, panic, hospital emergency imagery, red warning graphics, speech bubbles, lip-sync pose, mouth-open acting, clutter, photorealism, glossy CG.","Slow subtle parallax drift through the symbolic paper layers. Educational symbolic elements gently float or pulse at a calm rhythm. The textured paper background shifts softly for depth. The mood remains calm, warm, and reassuring. (Silent video, no audio). No flashing, no medical horror, no alarm colors, no dialogue, no generated text."
年齢を重ねると、立ち上がったときの血圧の調整に時間がかかる方もいます。,"kamishibai paper theater illustration, hand-painted gouache and watercolor on warm textured paper, soft pencil contour, muted warm colors, simple stage-like framed composition, Japanese domestic setting, gentle expressions, visible paper grain, no photorealism, no glossy CG, no digital anime rendering, no readable text. Scene locked to narration line: '年齢を重ねると、立ち上がったときの血圧の調整に時間がかかる方もいます。'. A gentle symbolic collage of tiny daily signs: a foot pausing, a hand near a pillar, a dim hallway, and a soft breath before standing. Composition should express this exact moment only, with one clear focal point and calm senior-friendly readability. Avoid dramatic falling, panic, hospital emergency imagery, red warning graphics, speech bubbles, lip-sync pose, mouth-open acting, clutter, photorealism, glossy CG.","Slow subtle parallax drift through the symbolic paper layers. Educational symbolic elements gently float or pulse at a calm rhythm. The textured paper background shifts softly for depth. The mood remains calm, warm, and reassuring. (Silent video, no audio). No flashing, no medical horror, no alarm colors, no dialogue, no generated text."
長く座ったあとや、朝起きたあとほど、頭がふわっとすることがあります。,"kamishibai paper theater illustration, hand-painted gouache and watercolor on warm textured paper, soft pencil contour, muted warm colors, simple stage-like framed composition, Japanese domestic setting, gentle expressions, visible paper grain, no photorealism, no glossy CG, no digital anime rendering, no readable text. Scene locked to narration line: '長く座ったあとや、朝起きたあとほど、頭がふわっとすることがあります。'. A gentle symbolic collage of tiny daily signs: a foot pausing, a hand near a pillar, a dim hallway, and a soft breath before standing. Composition should express this exact moment only, with one clear focal point and calm senior-friendly readability. Avoid dramatic falling, panic, hospital emergency imagery, red warning graphics, speech bubbles, lip-sync pose, mouth-open acting, clutter, photorealism, glossy CG.","Slow subtle parallax drift through the symbolic paper layers. Educational symbolic elements gently float or pulse at a calm rhythm. The textured paper background shifts softly for depth. The mood remains calm, warm, and reassuring. (Silent video, no audio). No flashing, no medical horror, no alarm colors, no dialogue, no generated text."
水分が足りないときや、食事の間隔が空いたときにも、体は揺れやすくなることがあります。,"kamishibai paper theater illustration, hand-painted gouache and watercolor on warm textured paper, soft pencil contour, muted warm colors, simple stage-like framed composition, Japanese domestic setting, gentle expressions, visible paper grain, no photorealism, no glossy CG, no digital anime rendering, no readable text. Scene locked to narration line: '水分が足りないときや、食事の間隔が空いたときにも、体は揺れやすくなることがあります。'. A gentle symbolic collage of tiny daily signs: a foot pausing, a hand near a pillar, a dim hallway, and a soft breath before standing. Composition should express this exact moment only, with one clear focal point and calm senior-friendly readability. Avoid dramatic falling, panic, hospital emergency imagery, red warning graphics, speech bubbles, lip-sync pose, mouth-open acting, clutter, photorealism, glossy CG.","Slow subtle parallax drift through the symbolic paper layers. Educational symbolic elements gently float or pulse at a calm rhythm. The textured paper background shifts softly for depth. The mood remains calm, warm, and reassuring. (Silent video, no audio). No flashing, no medical horror, no alarm colors, no dialogue, no generated text."
筋力やバランス感覚も、毎日の動きの中で少しずつ変わります。,"kamishibai paper theater illustration, hand-painted gouache and watercolor on warm textured paper, soft pencil contour, muted warm colors, simple stage-like framed composition, Japanese domestic setting, gentle expressions, visible paper grain, no photorealism, no glossy CG, no digital anime rendering, no readable text. Scene locked to narration line: '筋力やバランス感覚も、毎日の動きの中で少しずつ変わります。'. A gentle symbolic collage of tiny daily signs: a foot pausing, a hand near a pillar, a dim hallway, and a soft breath before standing. Composition should express this exact moment only, with one clear focal point and calm senior-friendly readability. Avoid dramatic falling, panic, hospital emergency imagery, red warning graphics, speech bubbles, lip-sync pose, mouth-open acting, clutter, photorealism, glossy CG.","Slow subtle parallax drift through the symbolic paper layers. Educational symbolic elements gently float or pulse at a calm rhythm. The textured paper background shifts softly for depth. The mood remains calm, warm, and reassuring. (Silent video, no audio). No flashing, no medical horror, no alarm colors, no dialogue, no generated text."
若いころと同じつもりで急に向きを変えると、足が一拍遅れることもあります。,"kamishibai paper theater illustration, hand-painted gouache and watercolor on warm textured paper, soft pencil contour, muted warm colors, simple stage-like framed composition, Japanese domestic setting, gentle expressions, visible paper grain, no photorealism, no glossy CG, no digital anime rendering, no readable text. Scene locked to narration line: '若いころと同じつもりで急に向きを変えると、足が一拍遅れることもあります。'. A gentle symbolic collage of tiny daily signs: a foot pausing, a hand near a pillar, a dim hallway, and a soft breath before standing. Composition should express this exact moment only, with one clear focal point and calm senior-friendly readability. Avoid dramatic falling, panic, hospital emergency imagery, red warning graphics, speech bubbles, lip-sync pose, mouth-open acting, clutter, photorealism, glossy CG.","Slow subtle parallax drift through the symbolic paper layers. Educational symbolic elements gently float or pulse at a calm rhythm. The textured paper background shifts softly for depth. The mood remains calm, warm, and reassuring. (Silent video, no audio). No flashing, no medical horror, no alarm colors, no dialogue, no generated text."
また、薬を飲み始めた時期や、薬の量が変わった時期に、ふらつきが気になることもあります。,"kamishibai paper theater illustration, hand-painted gouache and watercolor on warm textured paper, soft pencil contour, muted warm colors, simple stage-like framed composition, Japanese domestic setting, gentle expressions, visible paper grain, no photorealism, no glossy CG, no digital anime rendering, no readable text. Scene locked to narration line: 'また、薬を飲み始めた時期や、薬の量が変わった時期に、ふらつきが気になることもあります。'. A gentle symbolic collage of tiny daily signs: a foot pausing, a hand near a pillar, a dim hallway, and a soft breath before standing. Composition should express this exact moment only, with one clear focal point and calm senior-friendly readability. Avoid dramatic falling, panic, hospital emergency imagery, red warning graphics, speech bubbles, lip-sync pose, mouth-open acting, clutter, photorealism, glossy CG.","Slow subtle parallax drift through the symbolic paper layers. Educational symbolic elements gently float or pulse at a calm rhythm. The textured paper background shifts softly for depth. The mood remains calm, warm, and reassuring. (Silent video, no audio). No flashing, no medical horror, no alarm colors, no dialogue, no generated text."
これは動画だけで原因を決められるものではありません。,"kamishibai paper theater illustration, hand-painted gouache and watercolor on warm textured paper, soft pencil contour, muted warm colors, simple stage-like framed composition, Japanese domestic setting, gentle expressions, visible paper grain, no photorealism, no glossy CG, no digital anime rendering, no readable text. Scene locked to narration line: 'これは動画だけで原因を決められるものではありません。'. A simple educational kamishibai metaphor showing an older body adjusting slowly after standing, with abstract soft waves for blood pressure, hydration, balance, and medication timing. Composition should express this exact moment only, with one clear focal point and calm senior-friendly readability. Avoid dramatic falling, panic, hospital emergency imagery, red warning graphics, speech bubbles, lip-sync pose, mouth-open acting, clutter, photorealism, glossy CG.","Slow subtle parallax drift through the symbolic paper layers. Educational symbolic elements gently float or pulse at a calm rhythm. The textured paper background shifts softly for depth. The mood remains calm, warm, and reassuring. (Silent video, no audio). No flashing, no medical horror, no alarm colors, no dialogue, no generated text."
だからこそ、怖がりすぎるよりも、まず小さな合図に気づくことが大切です。,"kamishibai paper theater illustration, hand-painted gouache and watercolor on warm textured paper, soft pencil contour, muted warm colors, simple stage-like framed composition, Japanese domestic setting, gentle expressions, visible paper grain, no photorealism, no glossy CG, no digital anime rendering, no readable text. Scene locked to narration line: 'だからこそ、怖がりすぎるよりも、まず小さな合図に気づくことが大切です。'. A simple educational kamishibai metaphor showing an older body adjusting slowly after standing, with abstract soft waves for blood pressure, hydration, balance, and medication timing. Composition should express this exact moment only, with one clear focal point and calm senior-friendly readability. Avoid dramatic falling, panic, hospital emergency imagery, red warning graphics, speech bubbles, lip-sync pose, mouth-open acting, clutter, photorealism, glossy CG.","Slow subtle parallax drift through the symbolic paper layers. Educational symbolic elements gently float or pulse at a calm rhythm. The textured paper background shifts softly for depth. The mood remains calm, warm, and reassuring. (Silent video, no audio). No flashing, no medical horror, no alarm colors, no dialogue, no generated text."
美智子さんは、その日の午後、いつもの手帳を開きました。,"kamishibai paper theater illustration, hand-painted gouache and watercolor on warm textured paper, soft pencil contour, muted warm colors, simple stage-like framed composition, Japanese domestic setting, gentle expressions, visible paper grain, no photorealism, no glossy CG, no digital anime rendering, no readable text. Scene locked to narration line: '美智子さんは、その日の午後、いつもの手帳を開きました。'. A simple educational kamishibai metaphor showing an older body adjusting slowly after standing, with abstract soft waves for blood pressure, hydration, balance, and medication timing. Composition should express this exact moment only, with one clear focal point and calm senior-friendly readability. Avoid dramatic falling, panic, hospital emergency imagery, red warning graphics, speech bubbles, lip-sync pose, mouth-open acting, clutter, photorealism, glossy CG.","Slow subtle parallax drift through the symbolic paper layers. Educational symbolic elements gently float or pulse at a calm rhythm. The textured paper background shifts softly for depth. The mood remains calm, warm, and reassuring. (Silent video, no audio). No flashing, no medical horror, no alarm colors, no dialogue, no generated text."
買い物の予定や、回覧板のことを書く小さな手帳です。,"kamishibai paper theater illustration, hand-painted gouache and watercolor on warm textured paper, soft pencil contour, muted warm colors, simple stage-like framed composition, Japanese domestic setting, gentle expressions, visible paper grain, no photorealism, no glossy CG, no digital anime rendering, no readable text. Scene locked to narration line: '買い物の予定や、回覧板のことを書く小さな手帳です。'. A simple educational kamishibai metaphor showing an older body adjusting slowly after standing, with abstract soft waves for blood pressure, hydration, balance, and medication timing. Composition should express this exact moment only, with one clear focal point and calm senior-friendly readability. Avoid dramatic falling, panic, hospital emergency imagery, red warning graphics, speech bubbles, lip-sync pose, mouth-open acting, clutter, photorealism, glossy CG.","Slow subtle parallax drift through the symbolic paper layers. Educational symbolic elements gently float or pulse at a calm rhythm. The textured paper background shifts softly for depth. The mood remains calm, warm, and reassuring. (Silent video, no audio). No flashing, no medical horror, no alarm colors, no dialogue, no generated text."
その端に、今朝、立ったときに少し揺れた、と短く書きました。,"kamishibai paper theater illustration, hand-painted gouache and watercolor on warm textured paper, soft pencil contour, muted warm colors, simple stage-like framed composition, Japanese domestic setting, gentle expressions, visible paper grain, no photorealism, no glossy CG, no digital anime rendering, no readable text. Scene locked to narration line: 'その端に、今朝、立ったときに少し揺れた、と短く書きました。'. A simple educational kamishibai metaphor showing an older body adjusting slowly after standing, with abstract soft waves for blood pressure, hydration, balance, and medication timing. Composition should express this exact moment only, with one clear focal point and calm senior-friendly readability. Avoid dramatic falling, panic, hospital emergency imagery, red warning graphics, speech bubbles, lip-sync pose, mouth-open acting, clutter, photorealism, glossy CG.","Slow subtle parallax drift through the symbolic paper layers. Educational symbolic elements gently float or pulse at a calm rhythm. The textured paper background shifts softly for depth. The mood remains calm, warm, and reassuring. (Silent video, no audio). No flashing, no medical horror, no alarm colors, no dialogue, no generated text."
何時ごろだったか。,"kamishibai paper theater illustration, hand-painted gouache and watercolor on warm textured paper, soft pencil contour, muted warm colors, simple stage-like framed composition, Japanese domestic setting, gentle expressions, visible paper grain, no photorealism, no glossy CG, no digital anime rendering, no readable text. Scene locked to narration line: '何時ごろだったか。'. A simple educational kamishibai metaphor showing an older body adjusting slowly after standing, with abstract soft waves for blood pressure, hydration, balance, and medication timing. Composition should express this exact moment only, with one clear focal point and calm senior-friendly readability. Avoid dramatic falling, panic, hospital emergency imagery, red warning graphics, speech bubbles, lip-sync pose, mouth-open acting, clutter, photorealism, glossy CG.","Slow subtle parallax drift through the symbolic paper layers. Educational symbolic elements gently float or pulse at a calm rhythm. The textured paper background shifts softly for depth. The mood remains calm, warm, and reassuring. (Silent video, no audio). No flashing, no medical horror, no alarm colors, no dialogue, no generated text."
座っていたあとだったか。,"kamishibai paper theater illustration, hand-painted gouache and watercolor on warm textured paper, soft pencil contour, muted warm colors, simple stage-like framed composition, Japanese domestic setting, gentle expressions, visible paper grain, no photorealism, no glossy CG, no digital anime rendering, no readable text. Scene locked to narration line: '座っていたあとだったか。'. A simple educational kamishibai metaphor showing an older body adjusting slowly after standing, with abstract soft waves for blood pressure, hydration, balance, and medication timing. Composition should express this exact moment only, with one clear focal point and calm senior-friendly readability. Avoid dramatic falling, panic, hospital emergency imagery, red warning graphics, speech bubbles, lip-sync pose, mouth-open acting, clutter, photorealism, glossy CG.","Slow subtle parallax drift through the symbolic paper layers. Educational symbolic elements gently float or pulse at a calm rhythm. The textured paper background shifts softly for depth. The mood remains calm, warm, and reassuring. (Silent video, no audio). No flashing, no medical horror, no alarm colors, no dialogue, no generated text."
朝ごはんの前だったか。,"kamishibai paper theater illustration, hand-painted gouache and watercolor on warm textured paper, soft pencil contour, muted warm colors, simple stage-like framed composition, Japanese domestic setting, gentle expressions, visible paper grain, no photorealism, no glossy CG, no digital anime rendering, no readable text. Scene locked to narration line: '朝ごはんの前だったか。'. A simple educational kamishibai metaphor showing an older body adjusting slowly after standing, with abstract soft waves for blood pressure, hydration, balance, and medication timing. Composition should express this exact moment only, with one clear focal point and calm senior-friendly readability. Avoid dramatic falling, panic, hospital emergency imagery, red warning graphics, speech bubbles, lip-sync pose, mouth-open acting, clutter, photorealism, glossy CG.","Slow subtle parallax drift through the symbolic paper layers. Educational symbolic elements gently float or pulse at a calm rhythm. The textured paper background shifts softly for depth. The mood remains calm, warm, and reassuring. (Silent video, no audio). No flashing, no medical horror, no alarm colors, no dialogue, no generated text."
薬を飲む前だったか、飲んだあとだったか。,"kamishibai paper theater illustration, hand-painted gouache and watercolor on warm textured paper, soft pencil contour, muted warm colors, simple stage-like framed composition, Japanese domestic setting, gentle expressions, visible paper grain, no photorealism, no glossy CG, no digital anime rendering, no readable text. Scene locked to narration line: '薬を飲む前だったか、飲んだあとだったか。'. A simple educational kamishibai metaphor showing an older body adjusting slowly after standing, with abstract soft waves for blood pressure, hydration, balance, and medication timing. Composition should express this exact moment only, with one clear focal point and calm senior-friendly readability. Avoid dramatic falling, panic, hospital emergency imagery, red warning graphics, speech bubbles, lip-sync pose, mouth-open acting, clutter, photorealism, glossy CG.","Slow subtle parallax drift through the symbolic paper layers. Educational symbolic elements gently float or pulse at a calm rhythm. The textured paper background shifts softly for depth. The mood remains calm, warm, and reassuring. (Silent video, no audio). No flashing, no medical horror, no alarm colors, no dialogue, no generated text."
細かく書きすぎる必要はありません。,"kamishibai paper theater illustration, hand-painted gouache and watercolor on warm textured paper, soft pencil contour, muted warm colors, simple stage-like framed composition, Japanese domestic setting, gentle expressions, visible paper grain, no photorealism, no glossy CG, no digital anime rendering, no readable text. Scene locked to narration line: '細かく書きすぎる必要はありません。'. A simple educational kamishibai metaphor showing an older body adjusting slowly after standing, with abstract soft waves for blood pressure, hydration, balance, and medication timing. Composition should express this exact moment only, with one clear focal point and calm senior-friendly readability. Avoid dramatic falling, panic, hospital emergency imagery, red warning graphics, speech bubbles, lip-sync pose, mouth-open acting, clutter, photorealism, glossy CG.","Slow subtle parallax drift through the symbolic paper layers. Educational symbolic elements gently float or pulse at a calm rhythm. The textured paper background shifts softly for depth. The mood remains calm, warm, and reassuring. (Silent video, no audio). No flashing, no medical horror, no alarm colors, no dialogue, no generated text."
ただ、体の出来事を少し残しておくだけで、あとから見返しやすくなります。,"kamishibai paper theater illustration, hand-painted gouache and watercolor on warm textured paper, soft pencil contour, muted warm colors, simple stage-like framed composition, Japanese domestic setting, gentle expressions, visible paper grain, no photorealism, no glossy CG, no digital anime rendering, no readable text. Scene locked to narration line: 'ただ、体の出来事を少し残しておくだけで、あとから見返しやすくなります。'. A simple educational kamishibai metaphor showing an older body adjusting slowly after standing, with abstract soft waves for blood pressure, hydration, balance, and medication timing. Composition should express this exact moment only, with one clear focal point and calm senior-friendly readability. Avoid dramatic falling, panic, hospital emergency imagery, red warning graphics, speech bubbles, lip-sync pose, mouth-open acting, clutter, photorealism, glossy CG.","Slow subtle parallax drift through the symbolic paper layers. Educational symbolic elements gently float or pulse at a calm rhythm. The textured paper background shifts softly for depth. The mood remains calm, warm, and reassuring. (Silent video, no audio). No flashing, no medical horror, no alarm colors, no dialogue, no generated text."
その日から、美智子さんは暮らしの流れをほんの少し変えてみました。,"kamishibai paper theater illustration, hand-painted gouache and watercolor on warm textured paper, soft pencil contour, muted warm colors, simple stage-like framed composition, Japanese domestic setting, gentle expressions, visible paper grain, no photorealism, no glossy CG, no digital anime rendering, no readable text. Scene locked to narration line: 'その日から、美智子さんは暮らしの流れをほんの少し変えてみました。'. A simple educational kamishibai metaphor showing an older body adjusting slowly after standing, with abstract soft waves for blood pressure, hydration, balance, and medication timing. Composition should express this exact moment only, with one clear focal point and calm senior-friendly readability. Avoid dramatic falling, panic, hospital emergency imagery, red warning graphics, speech bubbles, lip-sync pose, mouth-open acting, clutter, photorealism, glossy CG.","Slow subtle parallax drift through the symbolic paper layers. Educational symbolic elements gently float or pulse at a calm rhythm. The textured paper background shifts softly for depth. The mood remains calm, warm, and reassuring. (Silent video, no audio). No flashing, no medical horror, no alarm colors, no dialogue, no generated text."
まず、布団から起きるときに、すぐ立たないことにしました。,"kamishibai paper theater illustration, hand-painted gouache and watercolor on warm textured paper, soft pencil contour, muted warm colors, simple stage-like framed composition, Japanese domestic setting, gentle expressions, visible paper grain, no photorealism, no glossy CG, no digital anime rendering, no readable text. Scene locked to narration line: 'まず、布団から起きるときに、すぐ立たないことにしました。'. A close view of Michiko's hands writing brief morning body notes in a small notebook beside a teacup. Composition should express this exact moment only, with one clear focal point and calm senior-friendly readability. Avoid dramatic falling, panic, hospital emergency imagery, red warning graphics, speech bubbles, lip-sync pose, mouth-open acting, clutter, photorealism, glossy CG.","Slow intimate push-in camera motion on the object. The object remains still; only tiny light reflections and paper texture shift. Warm domestic light changes subtly. The mood remains calm, warm, and reassuring. (Silent video, no audio). No erratic movement, no character action, no dialogue, no generated text."
横向きになり、手で体を支え、いったん座ります。,"kamishibai paper theater illustration, hand-painted gouache and watercolor on warm textured paper, soft pencil contour, muted warm colors, simple stage-like framed composition, Japanese domestic setting, gentle expressions, visible paper grain, no photorealism, no glossy CG, no digital anime rendering, no readable text. Scene locked to narration line: '横向きになり、手で体を支え、いったん座ります。'. A close view of Michiko's hands writing brief morning body notes in a small notebook beside a teacup. Composition should express this exact moment only, with one clear focal point and calm senior-friendly readability. Avoid dramatic falling, panic, hospital emergency imagery, red warning graphics, speech bubbles, lip-sync pose, mouth-open acting, clutter, photorealism, glossy CG.","Slow intimate push-in camera motion on the object. The object remains still; only tiny light reflections and paper texture shift. Warm domestic light changes subtly. The mood remains calm, warm, and reassuring. (Silent video, no audio). No erratic movement, no character action, no dialogue, no generated text."
足の裏が床についたことを確認してから、ひと呼吸置きます。,"kamishibai paper theater illustration, hand-painted gouache and watercolor on warm textured paper, soft pencil contour, muted warm colors, simple stage-like framed composition, Japanese domestic setting, gentle expressions, visible paper grain, no photorealism, no glossy CG, no digital anime rendering, no readable text. Scene locked to narration line: '足の裏が床についたことを確認してから、ひと呼吸置きます。'. A close view of Michiko's hands writing brief morning body notes in a small notebook beside a teacup. Composition should express this exact moment only, with one clear focal point and calm senior-friendly readability. Avoid dramatic falling, panic, hospital emergency imagery, red warning graphics, speech bubbles, lip-sync pose, mouth-open acting, clutter, photorealism, glossy CG.","Slow intimate push-in camera motion on the object. The object remains still; only tiny light reflections and paper texture shift. Warm domestic light changes subtly. The mood remains calm, warm, and reassuring. (Silent video, no audio). No erratic movement, no character action, no dialogue, no generated text."
その一呼吸は、長い儀式ではありません。,"kamishibai paper theater illustration, hand-painted gouache and watercolor on warm textured paper, soft pencil contour, muted warm colors, simple stage-like framed composition, Japanese domestic setting, gentle expressions, visible paper grain, no photorealism, no glossy CG, no digital anime rendering, no readable text. Scene locked to narration line: 'その一呼吸は、長い儀式ではありません。'. A close view of Michiko's hands writing brief morning body notes in a small notebook beside a teacup. Composition should express this exact moment only, with one clear focal point and calm senior-friendly readability. Avoid dramatic falling, panic, hospital emergency imagery, red warning graphics, speech bubbles, lip-sync pose, mouth-open acting, clutter, photorealism, glossy CG.","Slow intimate push-in camera motion on the object. The object remains still; only tiny light reflections and paper texture shift. Warm domestic light changes subtly. The mood remains calm, warm, and reassuring. (Silent video, no audio). No erratic movement, no character action, no dialogue, no generated text."
窓の外の光を見るくらいの短い時間です。,"kamishibai paper theater illustration, hand-painted gouache and watercolor on warm textured paper, soft pencil contour, muted warm colors, simple stage-like framed composition, Japanese domestic setting, gentle expressions, visible paper grain, no photorealism, no glossy CG, no digital anime rendering, no readable text. Scene locked to narration line: '窓の外の光を見るくらいの短い時間です。'. A close view of Michiko's hands writing brief morning body notes in a small notebook beside a teacup. Composition should express this exact moment only, with one clear focal point and calm senior-friendly readability. Avoid dramatic falling, panic, hospital emergency imagery, red warning graphics, speech bubbles, lip-sync pose, mouth-open acting, clutter, photorealism, glossy CG.","Slow intimate push-in camera motion on the object. The object remains still; only tiny light reflections and paper texture shift. Warm domestic light changes subtly. The mood remains calm, warm, and reassuring. (Silent video, no audio). No erratic movement, no character action, no dialogue, no generated text."
それでも、体にとっては、これから立ちますよという合図になります。,"kamishibai paper theater illustration, hand-painted gouache and watercolor on warm textured paper, soft pencil contour, muted warm colors, simple stage-like framed composition, Japanese domestic setting, gentle expressions, visible paper grain, no photorealism, no glossy CG, no digital anime rendering, no readable text. Scene locked to narration line: 'それでも、体にとっては、これから立ちますよという合図になります。'. A close view of Michiko's hands writing brief morning body notes in a small notebook beside a teacup. Composition should express this exact moment only, with one clear focal point and calm senior-friendly readability. Avoid dramatic falling, panic, hospital emergency imagery, red warning graphics, speech bubbles, lip-sync pose, mouth-open acting, clutter, photorealism, glossy CG.","Slow intimate push-in camera motion on the object. The object remains still; only tiny light reflections and paper texture shift. Warm domestic light changes subtly. The mood remains calm, warm, and reassuring. (Silent video, no audio). No erratic movement, no character action, no dialogue, no generated text."
次に、廊下を少し明るくしました。,"kamishibai paper theater illustration, hand-painted gouache and watercolor on warm textured paper, soft pencil contour, muted warm colors, simple stage-like framed composition, Japanese domestic setting, gentle expressions, visible paper grain, no photorealism, no glossy CG, no digital anime rendering, no readable text. Scene locked to narration line: '次に、廊下を少し明るくしました。'. A close view of Michiko's hands writing brief morning body notes in a small notebook beside a teacup. Composition should express this exact moment only, with one clear focal point and calm senior-friendly readability. Avoid dramatic falling, panic, hospital emergency imagery, red warning graphics, speech bubbles, lip-sync pose, mouth-open acting, clutter, photorealism, glossy CG.","Slow intimate push-in camera motion on the object. The object remains still; only tiny light reflections and paper texture shift. Warm domestic light changes subtly. The mood remains calm, warm, and reassuring. (Silent video, no audio). No erratic movement, no character action, no dialogue, no generated text."
夜や早朝に歩く場所へ、小さな足元灯を置きました。,"kamishibai paper theater illustration, hand-painted gouache and watercolor on warm textured paper, soft pencil contour, muted warm colors, simple stage-like framed composition, Japanese domestic setting, gentle expressions, visible paper grain, no photorealism, no glossy CG, no digital anime rendering, no readable text. Scene locked to narration line: '夜や早朝に歩く場所へ、小さな足元灯を置きました。'. A close view of Michiko's hands writing brief morning body notes in a small notebook beside a teacup. Composition should express this exact moment only, with one clear focal point and calm senior-friendly readability. Avoid dramatic falling, panic, hospital emergency imagery, red warning graphics, speech bubbles, lip-sync pose, mouth-open acting, clutter, photorealism, glossy CG.","Slow intimate push-in camera motion on the object. The object remains still; only tiny light reflections and paper texture shift. Warm domestic light changes subtly. The mood remains calm, warm, and reassuring. (Silent video, no audio). No erratic movement, no character action, no dialogue, no generated text."
明るすぎる光ではなく、足先と床の境目がわかる程度のやさしい光です。,"kamishibai paper theater illustration, hand-painted gouache and watercolor on warm textured paper, soft pencil contour, muted warm colors, simple stage-like framed composition, Japanese domestic setting, gentle expressions, visible paper grain, no photorealism, no glossy CG, no digital anime rendering, no readable text. Scene locked to narration line: '明るすぎる光ではなく、足先と床の境目がわかる程度のやさしい光です。'. A close view of Michiko's hands writing brief morning body notes in a small notebook beside a teacup. Composition should express this exact moment only, with one clear focal point and calm senior-friendly readability. Avoid dramatic falling, panic, hospital emergency imagery, red warning graphics, speech bubbles, lip-sync pose, mouth-open acting, clutter, photorealism, glossy CG.","Slow intimate push-in camera motion on the object. The object remains still; only tiny light reflections and paper texture shift. Warm domestic light changes subtly. The mood remains calm, warm, and reassuring. (Silent video, no audio). No erratic movement, no character action, no dialogue, no generated text."
廊下に置いていた古い新聞の束も、壁ぎわへ移しました。,"kamishibai paper theater illustration, hand-painted gouache and watercolor on warm textured paper, soft pencil contour, muted warm colors, simple stage-like framed composition, Japanese domestic setting, gentle expressions, visible paper grain, no photorealism, no glossy CG, no digital anime rendering, no readable text. Scene locked to narration line: '廊下に置いていた古い新聞の束も、壁ぎわへ移しました。'. A close view of Michiko's hands writing brief morning body notes in a small notebook beside a teacup. Composition should express this exact moment only, with one clear focal point and calm senior-friendly readability. Avoid dramatic falling, panic, hospital emergency imagery, red warning graphics, speech bubbles, lip-sync pose, mouth-open acting, clutter, photorealism, glossy CG.","Slow intimate push-in camera motion on the object. The object remains still; only tiny light reflections and paper texture shift. Warm domestic light changes subtly. The mood remains calm, warm, and reassuring. (Silent video, no audio). No erratic movement, no character action, no dialogue, no generated text."
通り道に何もないだけで、歩く前の不安が少し軽くなりました。,"kamishibai paper theater illustration, hand-painted gouache and watercolor on warm textured paper, soft pencil contour, muted warm colors, simple stage-like framed composition, Japanese domestic setting, gentle expressions, visible paper grain, no photorealism, no glossy CG, no digital anime rendering, no readable text. Scene locked to narration line: '通り道に何もないだけで、歩く前の不安が少し軽くなりました。'. A close view of Michiko's hands writing brief morning body notes in a small notebook beside a teacup. Composition should express this exact moment only, with one clear focal point and calm senior-friendly readability. Avoid dramatic falling, panic, hospital emergency imagery, red warning graphics, speech bubbles, lip-sync pose, mouth-open acting, clutter, photorealism, glossy CG.","Slow intimate push-in camera motion on the object. The object remains still; only tiny light reflections and paper texture shift. Warm domestic light changes subtly. The mood remains calm, warm, and reassuring. (Silent video, no audio). No erratic movement, no character action, no dialogue, no generated text."
それから、スリッパも見直しました。,"kamishibai paper theater illustration, hand-painted gouache and watercolor on warm textured paper, soft pencil contour, muted warm colors, simple stage-like framed composition, Japanese domestic setting, gentle expressions, visible paper grain, no photorealism, no glossy CG, no digital anime rendering, no readable text. Scene locked to narration line: 'それから、スリッパも見直しました。'. Michiko calmly adjusts her morning routine: hands on knees, feet flat, small hallway footlight, stable slippers, clear walking path, a glass of water on the table. Composition should express this exact moment only, with one clear focal point and calm senior-friendly readability. Avoid dramatic falling, panic, hospital emergency imagery, red warning graphics, speech bubbles, lip-sync pose, mouth-open acting, clutter, photorealism, glossy CG.","Gentle observing static shot with a very subtle parallax drift. The elderly woman makes slow, deliberate micro-movements; hands and posture adjust naturally without instability or falling. Dust motes drift softly in warm light; fabric edges move barely. The mood remains calm, warm, and reassuring. (Silent video, no audio). No sudden movements, no dialogue, no vocalization, no mouth movement, no lip sync, no falling."
長く履いていた柔らかいスリッパは、かかとが少しゆるくなっていました。,"kamishibai paper theater illustration, hand-painted gouache and watercolor on warm textured paper, soft pencil contour, muted warm colors, simple stage-like framed composition, Japanese domestic setting, gentle expressions, visible paper grain, no photorealism, no glossy CG, no digital anime rendering, no readable text. Scene locked to narration line: '長く履いていた柔らかいスリッパは、かかとが少しゆるくなっていました。'. Michiko calmly adjusts her morning routine: hands on knees, feet flat, small hallway footlight, stable slippers, clear walking path, a glass of water on the table. Composition should express this exact moment only, with one clear focal point and calm senior-friendly readability. Avoid dramatic falling, panic, hospital emergency imagery, red warning graphics, speech bubbles, lip-sync pose, mouth-open acting, clutter, photorealism, glossy CG.","Gentle observing static shot with a very subtle parallax drift. The elderly woman makes slow, deliberate micro-movements; hands and posture adjust naturally without instability or falling. Dust motes drift softly in warm light; fabric edges move barely. The mood remains calm, warm, and reassuring. (Silent video, no audio). No sudden movements, no dialogue, no vocalization, no mouth movement, no lip sync, no falling."
楽だからと思って履いていましたが、歩き始めに足から離れそうになることがありました。,"kamishibai paper theater illustration, hand-painted gouache and watercolor on warm textured paper, soft pencil contour, muted warm colors, simple stage-like framed composition, Japanese domestic setting, gentle expressions, visible paper grain, no photorealism, no glossy CG, no digital anime rendering, no readable text. Scene locked to narration line: '楽だからと思って履いていましたが、歩き始めに足から離れそうになることがありました。'. Michiko calmly adjusts her morning routine: hands on knees, feet flat, small hallway footlight, stable slippers, clear walking path, a glass of water on the table. Composition should express this exact moment only, with one clear focal point and calm senior-friendly readability. Avoid dramatic falling, panic, hospital emergency imagery, red warning graphics, speech bubbles, lip-sync pose, mouth-open acting, clutter, photorealism, glossy CG.","Gentle observing static shot with a very subtle parallax drift. The elderly woman makes slow, deliberate micro-movements; hands and posture adjust naturally without instability or falling. Dust motes drift softly in warm light; fabric edges move barely. The mood remains calm, warm, and reassuring. (Silent video, no audio). No sudden movements, no dialogue, no vocalization, no mouth movement, no lip sync, no falling."
美智子さんは、足に合い、底がすべりにくいものへ替えました。,"kamishibai paper theater illustration, hand-painted gouache and watercolor on warm textured paper, soft pencil contour, muted warm colors, simple stage-like framed composition, Japanese domestic setting, gentle expressions, visible paper grain, no photorealism, no glossy CG, no digital anime rendering, no readable text. Scene locked to narration line: '美智子さんは、足に合い、底がすべりにくいものへ替えました。'. Michiko calmly adjusts her morning routine: hands on knees, feet flat, small hallway footlight, stable slippers, clear walking path, a glass of water on the table. Composition should express this exact moment only, with one clear focal point and calm senior-friendly readability. Avoid dramatic falling, panic, hospital emergency imagery, red warning graphics, speech bubbles, lip-sync pose, mouth-open acting, clutter, photorealism, glossy CG.","Gentle observing static shot with a very subtle parallax drift. The elderly woman makes slow, deliberate micro-movements; hands and posture adjust naturally without instability or falling. Dust motes drift softly in warm light; fabric edges move barely. The mood remains calm, warm, and reassuring. (Silent video, no audio). No sudden movements, no dialogue, no vocalization, no mouth movement, no lip sync, no falling."
新しいものを買ったというより、足元を自分の味方にしたような気持ちでした。,"kamishibai paper theater illustration, hand-painted gouache and watercolor on warm textured paper, soft pencil contour, muted warm colors, simple stage-like framed composition, Japanese domestic setting, gentle expressions, visible paper grain, no photorealism, no glossy CG, no digital anime rendering, no readable text. Scene locked to narration line: '新しいものを買ったというより、足元を自分の味方にしたような気持ちでした。'. Michiko calmly adjusts her morning routine: hands on knees, feet flat, small hallway footlight, stable slippers, clear walking path, a glass of water on the table. Composition should express this exact moment only, with one clear focal point and calm senior-friendly readability. Avoid dramatic falling, panic, hospital emergency imagery, red warning graphics, speech bubbles, lip-sync pose, mouth-open acting, clutter, photorealism, glossy CG.","Gentle observing static shot with a very subtle parallax drift. The elderly woman makes slow, deliberate micro-movements; hands and posture adjust naturally without instability or falling. Dust motes drift softly in warm light; fabric edges move barely. The mood remains calm, warm, and reassuring. (Silent video, no audio). No sudden movements, no dialogue, no vocalization, no mouth movement, no lip sync, no falling."
朝の水分も、少し気をつけるようになりました。,"kamishibai paper theater illustration, hand-painted gouache and watercolor on warm textured paper, soft pencil contour, muted warm colors, simple stage-like framed composition, Japanese domestic setting, gentle expressions, visible paper grain, no photorealism, no glossy CG, no digital anime rendering, no readable text. Scene locked to narration line: '朝の水分も、少し気をつけるようになりました。'. Michiko calmly adjusts her morning routine: hands on knees, feet flat, small hallway footlight, stable slippers, clear walking path, a glass of water on the table. Composition should express this exact moment only, with one clear focal point and calm senior-friendly readability. Avoid dramatic falling, panic, hospital emergency imagery, red warning graphics, speech bubbles, lip-sync pose, mouth-open acting, clutter, photorealism, glossy CG.","Gentle observing static shot with a very subtle parallax drift. The elderly woman makes slow, deliberate micro-movements; hands and posture adjust naturally without instability or falling. Dust motes drift softly in warm light; fabric edges move barely. The mood remains calm, warm, and reassuring. (Silent video, no audio). No sudden movements, no dialogue, no vocalization, no mouth movement, no lip sync, no falling."
起きてすぐ熱いお茶に向かう前に、常温の水をひと口飲みます。,"kamishibai paper theater illustration, hand-painted gouache and watercolor on warm textured paper, soft pencil contour, muted warm colors, simple stage-like framed composition, Japanese domestic setting, gentle expressions, visible paper grain, no photorealism, no glossy CG, no digital anime rendering, no readable text. Scene locked to narration line: '起きてすぐ熱いお茶に向かう前に、常温の水をひと口飲みます。'. Michiko calmly adjusts her morning routine: hands on knees, feet flat, small hallway footlight, stable slippers, clear walking path, a glass of water on the table. Composition should express this exact moment only, with one clear focal point and calm senior-friendly readability. Avoid dramatic falling, panic, hospital emergency imagery, red warning graphics, speech bubbles, lip-sync pose, mouth-open acting, clutter, photorealism, glossy CG.","Gentle observing static shot with a very subtle parallax drift. The elderly woman makes slow, deliberate micro-movements; hands and posture adjust naturally without instability or falling. Dust motes drift softly in warm light; fabric edges move barely. The mood remains calm, warm, and reassuring. (Silent video, no audio). No sudden movements, no dialogue, no vocalization, no mouth movement, no lip sync, no falling."
たくさん飲まなければならない、という話ではありません。,"kamishibai paper theater illustration, hand-painted gouache and watercolor on warm textured paper, soft pencil contour, muted warm colors, simple stage-like framed composition, Japanese domestic setting, gentle expressions, visible paper grain, no photorealism, no glossy CG, no digital anime rendering, no readable text. Scene locked to narration line: 'たくさん飲まなければならない、という話ではありません。'. Michiko calmly adjusts her morning routine: hands on knees, feet flat, small hallway footlight, stable slippers, clear walking path, a glass of water on the table. Composition should express this exact moment only, with one clear focal point and calm senior-friendly readability. Avoid dramatic falling, panic, hospital emergency imagery, red warning graphics, speech bubbles, lip-sync pose, mouth-open acting, clutter, photorealism, glossy CG.","Gentle observing static shot with a very subtle parallax drift. The elderly woman makes slow, deliberate micro-movements; hands and posture adjust naturally without instability or falling. Dust motes drift softly in warm light; fabric edges move barely. The mood remains calm, warm, and reassuring. (Silent video, no audio). No sudden movements, no dialogue, no vocalization, no mouth movement, no lip sync, no falling."
体の状態や病気によって、水分のとり方は人それぞれです。,"kamishibai paper theater illustration, hand-painted gouache and watercolor on warm textured paper, soft pencil contour, muted warm colors, simple stage-like framed composition, Japanese domestic setting, gentle expressions, visible paper grain, no photorealism, no glossy CG, no digital anime rendering, no readable text. Scene locked to narration line: '体の状態や病気によって、水分のとり方は人それぞれです。'. Michiko calmly adjusts her morning routine: hands on knees, feet flat, small hallway footlight, stable slippers, clear walking path, a glass of water on the table. Composition should express this exact moment only, with one clear focal point and calm senior-friendly readability. Avoid dramatic falling, panic, hospital emergency imagery, red warning graphics, speech bubbles, lip-sync pose, mouth-open acting, clutter, photorealism, glossy CG.","Gentle observing static shot with a very subtle parallax drift. The elderly woman makes slow, deliberate micro-movements; hands and posture adjust naturally without instability or falling. Dust motes drift softly in warm light; fabric edges move barely. The mood remains calm, warm, and reassuring. (Silent video, no audio). No sudden movements, no dialogue, no vocalization, no mouth movement, no lip sync, no falling."
医師から水分の制限を受けている方は、その指示を優先してください。,"kamishibai paper theater illustration, hand-painted gouache and watercolor on warm textured paper, soft pencil contour, muted warm colors, simple stage-like framed composition, Japanese domestic setting, gentle expressions, visible paper grain, no photorealism, no glossy CG, no digital anime rendering, no readable text. Scene locked to narration line: '医師から水分の制限を受けている方は、その指示を優先してください。'. Michiko calmly adjusts her morning routine: hands on knees, feet flat, small hallway footlight, stable slippers, clear walking path, a glass of water on the table. Composition should express this exact moment only, with one clear focal point and calm senior-friendly readability. Avoid dramatic falling, panic, hospital emergency imagery, red warning graphics, speech bubbles, lip-sync pose, mouth-open acting, clutter, photorealism, glossy CG.","Gentle observing static shot with a very subtle parallax drift. The elderly woman makes slow, deliberate micro-movements; hands and posture adjust naturally without instability or falling. Dust motes drift softly in warm light; fabric edges move barely. The mood remains calm, warm, and reassuring. (Silent video, no audio). No sudden movements, no dialogue, no vocalization, no mouth movement, no lip sync, no falling."
美智子さんにとっては、ひと口の水が、朝を急がないための合図にもなりました。,"kamishibai paper theater illustration, hand-painted gouache and watercolor on warm textured paper, soft pencil contour, muted warm colors, simple stage-like framed composition, Japanese domestic setting, gentle expressions, visible paper grain, no photorealism, no glossy CG, no digital anime rendering, no readable text. Scene locked to narration line: '美智子さんにとっては、ひと口の水が、朝を急がないための合図にもなりました。'. Michiko calmly adjusts her morning routine: hands on knees, feet flat, small hallway footlight, stable slippers, clear walking path, a glass of water on the table. Composition should express this exact moment only, with one clear focal point and calm senior-friendly readability. Avoid dramatic falling, panic, hospital emergency imagery, red warning graphics, speech bubbles, lip-sync pose, mouth-open acting, clutter, photorealism, glossy CG.","Gentle observing static shot with a very subtle parallax drift. The elderly woman makes slow, deliberate micro-movements; hands and posture adjust naturally without instability or falling. Dust motes drift softly in warm light; fabric edges move barely. The mood remains calm, warm, and reassuring. (Silent video, no audio). No sudden movements, no dialogue, no vocalization, no mouth movement, no lip sync, no falling."
数日たつと、美智子さんは自分の歩き方を前より丁寧に見るようになりました。,"kamishibai paper theater illustration, hand-painted gouache and watercolor on warm textured paper, soft pencil contour, muted warm colors, simple stage-like framed composition, Japanese domestic setting, gentle expressions, visible paper grain, no photorealism, no glossy CG, no digital anime rendering, no readable text. Scene locked to narration line: '数日たつと、美智子さんは自分の歩き方を前より丁寧に見るようになりました。'. Michiko calmly adjusts her morning routine: hands on knees, feet flat, small hallway footlight, stable slippers, clear walking path, a glass of water on the table. Composition should express this exact moment only, with one clear focal point and calm senior-friendly readability. Avoid dramatic falling, panic, hospital emergency imagery, red warning graphics, speech bubbles, lip-sync pose, mouth-open acting, clutter, photorealism, glossy CG.","Gentle observing static shot with a very subtle parallax drift. The elderly woman makes slow, deliberate micro-movements; hands and posture adjust naturally without instability or falling. Dust motes drift softly in warm light; fabric edges move barely. The mood remains calm, warm, and reassuring. (Silent video, no audio). No sudden movements, no dialogue, no vocalization, no mouth movement, no lip sync, no falling."
今日は足が重いなと思う日は、予定を詰め込みすぎないようにしました。,"kamishibai paper theater illustration, hand-painted gouache and watercolor on warm textured paper, soft pencil contour, muted warm colors, simple stage-like framed composition, Japanese domestic setting, gentle expressions, visible paper grain, no photorealism, no glossy CG, no digital anime rendering, no readable text. Scene locked to narration line: '今日は足が重いなと思う日は、予定を詰め込みすぎないようにしました。'. Michiko calmly adjusts her morning routine: hands on knees, feet flat, small hallway footlight, stable slippers, clear walking path, a glass of water on the table. Composition should express this exact moment only, with one clear focal point and calm senior-friendly readability. Avoid dramatic falling, panic, hospital emergency imagery, red warning graphics, speech bubbles, lip-sync pose, mouth-open acting, clutter, photorealism, glossy CG.","Gentle observing static shot with a very subtle parallax drift. The elderly woman makes slow, deliberate micro-movements; hands and posture adjust naturally without instability or falling. Dust motes drift softly in warm light; fabric edges move barely. The mood remains calm, warm, and reassuring. (Silent video, no audio). No sudden movements, no dialogue, no vocalization, no mouth movement, no lip sync, no falling."
買い物へ行く前に、天気と足元を確かめました。,"kamishibai paper theater illustration, hand-painted gouache and watercolor on warm textured paper, soft pencil contour, muted warm colors, simple stage-like framed composition, Japanese domestic setting, gentle expressions, visible paper grain, no photorealism, no glossy CG, no digital anime rendering, no readable text. Scene locked to narration line: '買い物へ行く前に、天気と足元を確かめました。'. Michiko calmly adjusts her morning routine: hands on knees, feet flat, small hallway footlight, stable slippers, clear walking path, a glass of water on the table. Composition should express this exact moment only, with one clear focal point and calm senior-friendly readability. Avoid dramatic falling, panic, hospital emergency imagery, red warning graphics, speech bubbles, lip-sync pose, mouth-open acting, clutter, photorealism, glossy CG.","Gentle observing static shot with a very subtle parallax drift. The elderly woman makes slow, deliberate micro-movements; hands and posture adjust naturally without instability or falling. Dust motes drift softly in warm light; fabric edges move barely. The mood remains calm, warm, and reassuring. (Silent video, no audio). No sudden movements, no dialogue, no vocalization, no mouth movement, no lip sync, no falling."
少し疲れている日は、部屋の中でも急な向き変えを避けました。,"kamishibai paper theater illustration, hand-painted gouache and watercolor on warm textured paper, soft pencil contour, muted warm colors, simple stage-like framed composition, Japanese domestic setting, gentle expressions, visible paper grain, no photorealism, no glossy CG, no digital anime rendering, no readable text. Scene locked to narration line: '少し疲れている日は、部屋の中でも急な向き変えを避けました。'. Michiko calmly adjusts her morning routine: hands on knees, feet flat, small hallway footlight, stable slippers, clear walking path, a glass of water on the table. Composition should express this exact moment only, with one clear focal point and calm senior-friendly readability. Avoid dramatic falling, panic, hospital emergency imagery, red warning graphics, speech bubbles, lip-sync pose, mouth-open acting, clutter, photorealism, glossy CG.","Gentle observing static shot with a very subtle parallax drift. The elderly woman makes slow, deliberate micro-movements; hands and posture adjust naturally without instability or falling. Dust motes drift softly in warm light; fabric edges move barely. The mood remains calm, warm, and reassuring. (Silent video, no audio). No sudden movements, no dialogue, no vocalization, no mouth movement, no lip sync, no falling."
台所で振り返るときも、足の向きを小さく変えてから体を回しました。,"kamishibai paper theater illustration, hand-painted gouache and watercolor on warm textured paper, soft pencil contour, muted warm colors, simple stage-like framed composition, Japanese domestic setting, gentle expressions, visible paper grain, no photorealism, no glossy CG, no digital anime rendering, no readable text. Scene locked to narration line: '台所で振り返るときも、足の向きを小さく変えてから体を回しました。'. Michiko calmly adjusts her morning routine: hands on knees, feet flat, small hallway footlight, stable slippers, clear walking path, a glass of water on the table. Composition should express this exact moment only, with one clear focal point and calm senior-friendly readability. Avoid dramatic falling, panic, hospital emergency imagery, red warning graphics, speech bubbles, lip-sync pose, mouth-open acting, clutter, photorealism, glossy CG.","Gentle observing static shot with a very subtle parallax drift. The elderly woman makes slow, deliberate micro-movements; hands and posture adjust naturally without instability or falling. Dust motes drift softly in warm light; fabric edges move barely. The mood remains calm, warm, and reassuring. (Silent video, no audio). No sudden movements, no dialogue, no vocalization, no mouth movement, no lip sync, no falling."
こうした工夫は、見た目にはほとんどわかりません。,"kamishibai paper theater illustration, hand-painted gouache and watercolor on warm textured paper, soft pencil contour, muted warm colors, simple stage-like framed composition, Japanese domestic setting, gentle expressions, visible paper grain, no photorealism, no glossy CG, no digital anime rendering, no readable text. Scene locked to narration line: 'こうした工夫は、見た目にはほとんどわかりません。'. Michiko calmly adjusts her morning routine: hands on knees, feet flat, small hallway footlight, stable slippers, clear walking path, a glass of water on the table. Composition should express this exact moment only, with one clear focal point and calm senior-friendly readability. Avoid dramatic falling, panic, hospital emergency imagery, red warning graphics, speech bubbles, lip-sync pose, mouth-open acting, clutter, photorealism, glossy CG.","Gentle observing static shot with a very subtle parallax drift. The elderly woman makes slow, deliberate micro-movements; hands and posture adjust naturally without instability or falling. Dust motes drift softly in warm light; fabric edges move barely. The mood remains calm, warm, and reassuring. (Silent video, no audio). No sudden movements, no dialogue, no vocalization, no mouth movement, no lip sync, no falling."
でも本人にとっては、暮らしの速度を体に合わせ直す大切な調整でした。,"kamishibai paper theater illustration, hand-painted gouache and watercolor on warm textured paper, soft pencil contour, muted warm colors, simple stage-like framed composition, Japanese domestic setting, gentle expressions, visible paper grain, no photorealism, no glossy CG, no digital anime rendering, no readable text. Scene locked to narration line: 'でも本人にとっては、暮らしの速度を体に合わせ直す大切な調整でした。'. Michiko calmly adjusts her morning routine: hands on knees, feet flat, small hallway footlight, stable slippers, clear walking path, a glass of water on the table. Composition should express this exact moment only, with one clear focal point and calm senior-friendly readability. Avoid dramatic falling, panic, hospital emergency imagery, red warning graphics, speech bubbles, lip-sync pose, mouth-open acting, clutter, photorealism, glossy CG.","Gentle observing static shot with a very subtle parallax drift. The elderly woman makes slow, deliberate micro-movements; hands and posture adjust naturally without instability or falling. Dust motes drift softly in warm light; fabric edges move barely. The mood remains calm, warm, and reassuring. (Silent video, no audio). No sudden movements, no dialogue, no vocalization, no mouth movement, no lip sync, no falling."
ある夕方、娘さんが野菜を届けに来ました。,"kamishibai paper theater illustration, hand-painted gouache and watercolor on warm textured paper, soft pencil contour, muted warm colors, simple stage-like framed composition, Japanese domestic setting, gentle expressions, visible paper grain, no photorealism, no glossy CG, no digital anime rendering, no readable text. Scene locked to narration line: 'ある夕方、娘さんが野菜を届けに来ました。'. Michiko calmly adjusts her morning routine: hands on knees, feet flat, small hallway footlight, stable slippers, clear walking path, a glass of water on the table. Composition should express this exact moment only, with one clear focal point and calm senior-friendly readability. Avoid dramatic falling, panic, hospital emergency imagery, red warning graphics, speech bubbles, lip-sync pose, mouth-open acting, clutter, photorealism, glossy CG.","Gentle observing static shot with a very subtle parallax drift. The elderly woman makes slow, deliberate micro-movements; hands and posture adjust naturally without instability or falling. Dust motes drift softly in warm light; fabric edges move barely. The mood remains calm, warm, and reassuring. (Silent video, no audio). No sudden movements, no dialogue, no vocalization, no mouth movement, no lip sync, no falling."
美智子さんは、最近少しだけ立つときに気をつけているの、と話しました。,"kamishibai paper theater illustration, hand-painted gouache and watercolor on warm textured paper, soft pencil contour, muted warm colors, simple stage-like framed composition, Japanese domestic setting, gentle expressions, visible paper grain, no photorealism, no glossy CG, no digital anime rendering, no readable text. Scene locked to narration line: '美智子さんは、最近少しだけ立つときに気をつけているの、と話しました。'. Michiko calmly adjusts her morning routine: hands on knees, feet flat, small hallway footlight, stable slippers, clear walking path, a glass of water on the table. Composition should express this exact moment only, with one clear focal point and calm senior-friendly readability. Avoid dramatic falling, panic, hospital emergency imagery, red warning graphics, speech bubbles, lip-sync pose, mouth-open acting, clutter, photorealism, glossy CG.","Gentle observing static shot with a very subtle parallax drift. The elderly woman makes slow, deliberate micro-movements; hands and posture adjust naturally without instability or falling. Dust motes drift softly in warm light; fabric edges move barely. The mood remains calm, warm, and reassuring. (Silent video, no audio). No sudden movements, no dialogue, no vocalization, no mouth movement, no lip sync, no falling."
娘さんは驚きすぎず、そうなんだね、とゆっくり聞いてくれました。,"kamishibai paper theater illustration, hand-painted gouache and watercolor on warm textured paper, soft pencil contour, muted warm colors, simple stage-like framed composition, Japanese domestic setting, gentle expressions, visible paper grain, no photorealism, no glossy CG, no digital anime rendering, no readable text. Scene locked to narration line: '娘さんは驚きすぎず、そうなんだね、とゆっくり聞いてくれました。'. Michiko calmly talks with her adult daughter at a low table, notebook nearby, warm domestic atmosphere, no dialogue balloons. Composition should express this exact moment only, with one clear focal point and calm senior-friendly readability. Avoid dramatic falling, panic, hospital emergency imagery, red warning graphics, speech bubbles, lip-sync pose, mouth-open acting, clutter, photorealism, glossy CG.","Gentle observing static shot with a very subtle parallax drift. The elderly woman makes slow, deliberate micro-movements; hands and posture adjust naturally without instability or falling. Dust motes drift softly in warm light; fabric edges move barely. The mood remains calm, warm, and reassuring. (Silent video, no audio). No sudden movements, no dialogue, no vocalization, no mouth movement, no lip sync, no falling."
そして、廊下の明かりが見やすくなったことに気づきました。,"kamishibai paper theater illustration, hand-painted gouache and watercolor on warm textured paper, soft pencil contour, muted warm colors, simple stage-like framed composition, Japanese domestic setting, gentle expressions, visible paper grain, no photorealism, no glossy CG, no digital anime rendering, no readable text. Scene locked to narration line: 'そして、廊下の明かりが見やすくなったことに気づきました。'. Michiko calmly talks with her adult daughter at a low table, notebook nearby, warm domestic atmosphere, no dialogue balloons. Composition should express this exact moment only, with one clear focal point and calm senior-friendly readability. Avoid dramatic falling, panic, hospital emergency imagery, red warning graphics, speech bubbles, lip-sync pose, mouth-open acting, clutter, photorealism, glossy CG.","Gentle observing static shot with a very subtle parallax drift. The elderly woman makes slow, deliberate micro-movements; hands and posture adjust naturally without instability or falling. Dust motes drift softly in warm light; fabric edges move barely. The mood remains calm, warm, and reassuring. (Silent video, no audio). No sudden movements, no dialogue, no vocalization, no mouth movement, no lip sync, no falling."
手帳に体調を書いていることも、いいね、と言ってくれました。,"kamishibai paper theater illustration, hand-painted gouache and watercolor on warm textured paper, soft pencil contour, muted warm colors, simple stage-like framed composition, Japanese domestic setting, gentle expressions, visible paper grain, no photorealism, no glossy CG, no digital anime rendering, no readable text. Scene locked to narration line: '手帳に体調を書いていることも、いいね、と言ってくれました。'. Michiko calmly talks with her adult daughter at a low table, notebook nearby, warm domestic atmosphere, no dialogue balloons. Composition should express this exact moment only, with one clear focal point and calm senior-friendly readability. Avoid dramatic falling, panic, hospital emergency imagery, red warning graphics, speech bubbles, lip-sync pose, mouth-open acting, clutter, photorealism, glossy CG.","Gentle observing static shot with a very subtle parallax drift. The elderly woman makes slow, deliberate micro-movements; hands and posture adjust naturally without instability or falling. Dust motes drift softly in warm light; fabric edges move barely. The mood remains calm, warm, and reassuring. (Silent video, no audio). No sudden movements, no dialogue, no vocalization, no mouth movement, no lip sync, no falling."
家族に話すと、大げさに心配されるのではないかと思う方もいます。,"kamishibai paper theater illustration, hand-painted gouache and watercolor on warm textured paper, soft pencil contour, muted warm colors, simple stage-like framed composition, Japanese domestic setting, gentle expressions, visible paper grain, no photorealism, no glossy CG, no digital anime rendering, no readable text. Scene locked to narration line: '家族に話すと、大げさに心配されるのではないかと思う方もいます。'. Michiko calmly talks with her adult daughter at a low table, notebook nearby, warm domestic atmosphere, no dialogue balloons. Composition should express this exact moment only, with one clear focal point and calm senior-friendly readability. Avoid dramatic falling, panic, hospital emergency imagery, red warning graphics, speech bubbles, lip-sync pose, mouth-open acting, clutter, photorealism, glossy CG.","Gentle observing static shot with a very subtle parallax drift. The elderly woman makes slow, deliberate micro-movements; hands and posture adjust naturally without instability or falling. Dust motes drift softly in warm light; fabric edges move barely. The mood remains calm, warm, and reassuring. (Silent video, no audio). No sudden movements, no dialogue, no vocalization, no mouth movement, no lip sync, no falling."
けれど、何が起きたかを落ち着いて伝えることは、安心につながる場合があります。,"kamishibai paper theater illustration, hand-painted gouache and watercolor on warm textured paper, soft pencil contour, muted warm colors, simple stage-like framed composition, Japanese domestic setting, gentle expressions, visible paper grain, no photorealism, no glossy CG, no digital anime rendering, no readable text. Scene locked to narration line: 'けれど、何が起きたかを落ち着いて伝えることは、安心につながる場合があります。'. Michiko calmly talks with her adult daughter at a low table, notebook nearby, warm domestic atmosphere, no dialogue balloons. Composition should express this exact moment only, with one clear focal point and calm senior-friendly readability. Avoid dramatic falling, panic, hospital emergency imagery, red warning graphics, speech bubbles, lip-sync pose, mouth-open acting, clutter, photorealism, glossy CG.","Gentle observing static shot with a very subtle parallax drift. The elderly woman makes slow, deliberate micro-movements; hands and posture adjust naturally without instability or falling. Dust motes drift softly in warm light; fabric edges move barely. The mood remains calm, warm, and reassuring. (Silent video, no audio). No sudden movements, no dialogue, no vocalization, no mouth movement, no lip sync, no falling."
たとえば、いつ、どの動作でふらっとしたのか。,"kamishibai paper theater illustration, hand-painted gouache and watercolor on warm textured paper, soft pencil contour, muted warm colors, simple stage-like framed composition, Japanese domestic setting, gentle expressions, visible paper grain, no photorealism, no glossy CG, no digital anime rendering, no readable text. Scene locked to narration line: 'たとえば、いつ、どの動作でふらっとしたのか。'. Michiko calmly talks with her adult daughter at a low table, notebook nearby, warm domestic atmosphere, no dialogue balloons. Composition should express this exact moment only, with one clear focal point and calm senior-friendly readability. Avoid dramatic falling, panic, hospital emergency imagery, red warning graphics, speech bubbles, lip-sync pose, mouth-open acting, clutter, photorealism, glossy CG.","Gentle observing static shot with a very subtle parallax drift. The elderly woman makes slow, deliberate micro-movements; hands and posture adjust naturally without instability or falling. Dust motes drift softly in warm light; fabric edges move barely. The mood remains calm, warm, and reassuring. (Silent video, no audio). No sudden movements, no dialogue, no vocalization, no mouth movement, no lip sync, no falling."
朝だったのか、夜だったのか。,"kamishibai paper theater illustration, hand-painted gouache and watercolor on warm textured paper, soft pencil contour, muted warm colors, simple stage-like framed composition, Japanese domestic setting, gentle expressions, visible paper grain, no photorealism, no glossy CG, no digital anime rendering, no readable text. Scene locked to narration line: '朝だったのか、夜だったのか。'. Michiko calmly talks with her adult daughter at a low table, notebook nearby, warm domestic atmosphere, no dialogue balloons. Composition should express this exact moment only, with one clear focal point and calm senior-friendly readability. Avoid dramatic falling, panic, hospital emergency imagery, red warning graphics, speech bubbles, lip-sync pose, mouth-open acting, clutter, photorealism, glossy CG.","Gentle observing static shot with a very subtle parallax drift. The elderly woman makes slow, deliberate micro-movements; hands and posture adjust naturally without instability or falling. Dust motes drift softly in warm light; fabric edges move barely. The mood remains calm, warm, and reassuring. (Silent video, no audio). No sudden movements, no dialogue, no vocalization, no mouth movement, no lip sync, no falling."
立ち上がった直後だったのか、歩いている途中だったのか。,"kamishibai paper theater illustration, hand-painted gouache and watercolor on warm textured paper, soft pencil contour, muted warm colors, simple stage-like framed composition, Japanese domestic setting, gentle expressions, visible paper grain, no photorealism, no glossy CG, no digital anime rendering, no readable text. Scene locked to narration line: '立ち上がった直後だったのか、歩いている途中だったのか。'. Michiko calmly talks with her adult daughter at a low table, notebook nearby, warm domestic atmosphere, no dialogue balloons. Composition should express this exact moment only, with one clear focal point and calm senior-friendly readability. Avoid dramatic falling, panic, hospital emergency imagery, red warning graphics, speech bubbles, lip-sync pose, mouth-open acting, clutter, photorealism, glossy CG.","Gentle observing static shot with a very subtle parallax drift. The elderly woman makes slow, deliberate micro-movements; hands and posture adjust naturally without instability or falling. Dust motes drift softly in warm light; fabric edges move barely. The mood remains calm, warm, and reassuring. (Silent video, no audio). No sudden movements, no dialogue, no vocalization, no mouth movement, no lip sync, no falling."
薬を飲み始めた時期と重なっていないか。,"kamishibai paper theater illustration, hand-painted gouache and watercolor on warm textured paper, soft pencil contour, muted warm colors, simple stage-like framed composition, Japanese domestic setting, gentle expressions, visible paper grain, no photorealism, no glossy CG, no digital anime rendering, no readable text. Scene locked to narration line: '薬を飲み始めた時期と重なっていないか。'. Michiko calmly talks with her adult daughter at a low table, notebook nearby, warm domestic atmosphere, no dialogue balloons. Composition should express this exact moment only, with one clear focal point and calm senior-friendly readability. Avoid dramatic falling, panic, hospital emergency imagery, red warning graphics, speech bubbles, lip-sync pose, mouth-open acting, clutter, photorealism, glossy CG.","Gentle observing static shot with a very subtle parallax drift. The elderly woman makes slow, deliberate micro-movements; hands and posture adjust naturally without instability or falling. Dust motes drift softly in warm light; fabric edges move barely. The mood remains calm, warm, and reassuring. (Silent video, no audio). No sudden movements, no dialogue, no vocalization, no mouth movement, no lip sync, no falling."
こうした小さな情報は、医師や薬剤師に相談するときにも役立ちます。,"kamishibai paper theater illustration, hand-painted gouache and watercolor on warm textured paper, soft pencil contour, muted warm colors, simple stage-like framed composition, Japanese domestic setting, gentle expressions, visible paper grain, no photorealism, no glossy CG, no digital anime rendering, no readable text. Scene locked to narration line: 'こうした小さな情報は、医師や薬剤師に相談するときにも役立ちます。'. Michiko calmly talks with her adult daughter at a low table, notebook nearby, warm domestic atmosphere, no dialogue balloons. Composition should express this exact moment only, with one clear focal point and calm senior-friendly readability. Avoid dramatic falling, panic, hospital emergency imagery, red warning graphics, speech bubbles, lip-sync pose, mouth-open acting, clutter, photorealism, glossy CG.","Gentle observing static shot with a very subtle parallax drift. The elderly woman makes slow, deliberate micro-movements; hands and posture adjust naturally without instability or falling. Dust motes drift softly in warm light; fabric edges move barely. The mood remains calm, warm, and reassuring. (Silent video, no audio). No sudden movements, no dialogue, no vocalization, no mouth movement, no lip sync, no falling."
もちろん、ふらつきが何度も続くときは、自己判断だけで済ませないほうが安心です。,"kamishibai paper theater illustration, hand-painted gouache and watercolor on warm textured paper, soft pencil contour, muted warm colors, simple stage-like framed composition, Japanese domestic setting, gentle expressions, visible paper grain, no photorealism, no glossy CG, no digital anime rendering, no readable text. Scene locked to narration line: 'もちろん、ふらつきが何度も続くときは、自己判断だけで済ませないほうが安心です。'. Michiko calmly talks with her adult daughter at a low table, notebook nearby, warm domestic atmosphere, no dialogue balloons. Composition should express this exact moment only, with one clear focal point and calm senior-friendly readability. Avoid dramatic falling, panic, hospital emergency imagery, red warning graphics, speech bubbles, lip-sync pose, mouth-open acting, clutter, photorealism, glossy CG.","Gentle observing static shot with a very subtle parallax drift. The elderly woman makes slow, deliberate micro-movements; hands and posture adjust naturally without instability or falling. Dust motes drift softly in warm light; fabric edges move barely. The mood remains calm, warm, and reassuring. (Silent video, no audio). No sudden movements, no dialogue, no vocalization, no mouth movement, no lip sync, no falling."
めまいが強いときや、失神しそうな感じがあるときは、早めに相談してください。,"kamishibai paper theater illustration, hand-painted gouache and watercolor on warm textured paper, soft pencil contour, muted warm colors, simple stage-like framed composition, Japanese domestic setting, gentle expressions, visible paper grain, no photorealism, no glossy CG, no digital anime rendering, no readable text. Scene locked to narration line: 'めまいが強いときや、失神しそうな感じがあるときは、早めに相談してください。'. A calm kitchen table scene with a notebook, medicine pouch, calendar, and phone, suggesting consultation without showing a clinic. Composition should express this exact moment only, with one clear focal point and calm senior-friendly readability. Avoid dramatic falling, panic, hospital emergency imagery, red warning graphics, speech bubbles, lip-sync pose, mouth-open acting, clutter, photorealism, glossy CG.","Slow intimate push-in camera motion on the object. The object remains still; only tiny light reflections and paper texture shift. Warm domestic light changes subtly. The mood remains calm, warm, and reassuring. (Silent video, no audio). No erratic movement, no character action, no dialogue, no generated text."
胸の苦しさ、強い頭痛、ろれつの回りにくさがあるときも、様子見にしないほうがよい場合があります。,"kamishibai paper theater illustration, hand-painted gouache and watercolor on warm textured paper, soft pencil contour, muted warm colors, simple stage-like framed composition, Japanese domestic setting, gentle expressions, visible paper grain, no photorealism, no glossy CG, no digital anime rendering, no readable text. Scene locked to narration line: '胸の苦しさ、強い頭痛、ろれつの回りにくさがあるときも、様子見にしないほうがよい場合があります。'. A calm kitchen table scene with a notebook, medicine pouch, calendar, and phone, suggesting consultation without showing a clinic. Composition should express this exact moment only, with one clear focal point and calm senior-friendly readability. Avoid dramatic falling, panic, hospital emergency imagery, red warning graphics, speech bubbles, lip-sync pose, mouth-open acting, clutter, photorealism, glossy CG.","Slow intimate push-in camera motion on the object. The object remains still; only tiny light reflections and paper texture shift. Warm domestic light changes subtly. The mood remains calm, warm, and reassuring. (Silent video, no audio). No erratic movement, no character action, no dialogue, no generated text."
片側の手足に力が入りにくいなど、いつもと違う症状があるときも同じです。,"kamishibai paper theater illustration, hand-painted gouache and watercolor on warm textured paper, soft pencil contour, muted warm colors, simple stage-like framed composition, Japanese domestic setting, gentle expressions, visible paper grain, no photorealism, no glossy CG, no digital anime rendering, no readable text. Scene locked to narration line: '片側の手足に力が入りにくいなど、いつもと違う症状があるときも同じです。'. A calm kitchen table scene with a notebook, medicine pouch, calendar, and phone, suggesting consultation without showing a clinic. Composition should express this exact moment only, with one clear focal point and calm senior-friendly readability. Avoid dramatic falling, panic, hospital emergency imagery, red warning graphics, speech bubbles, lip-sync pose, mouth-open acting, clutter, photorealism, glossy CG.","Slow intimate push-in camera motion on the object. The object remains still; only tiny light reflections and paper texture shift. Warm domestic light changes subtly. The mood remains calm, warm, and reassuring. (Silent video, no audio). No erratic movement, no character action, no dialogue, no generated text."
薬を飲み始めた時期と重なるときは、医師や薬剤師に話してみましょう。,"kamishibai paper theater illustration, hand-painted gouache and watercolor on warm textured paper, soft pencil contour, muted warm colors, simple stage-like framed composition, Japanese domestic setting, gentle expressions, visible paper grain, no photorealism, no glossy CG, no digital anime rendering, no readable text. Scene locked to narration line: '薬を飲み始めた時期と重なるときは、医師や薬剤師に話してみましょう。'. A calm kitchen table scene with a notebook, medicine pouch, calendar, and phone, suggesting consultation without showing a clinic. Composition should express this exact moment only, with one clear focal point and calm senior-friendly readability. Avoid dramatic falling, panic, hospital emergency imagery, red warning graphics, speech bubbles, lip-sync pose, mouth-open acting, clutter, photorealism, glossy CG.","Slow intimate push-in camera motion on the object. The object remains still; only tiny light reflections and paper texture shift. Warm domestic light changes subtly. The mood remains calm, warm, and reassuring. (Silent video, no audio). No erratic movement, no character action, no dialogue, no generated text."
自分の判断で薬を減らしたり、やめたりする必要はありません。,"kamishibai paper theater illustration, hand-painted gouache and watercolor on warm textured paper, soft pencil contour, muted warm colors, simple stage-like framed composition, Japanese domestic setting, gentle expressions, visible paper grain, no photorealism, no glossy CG, no digital anime rendering, no readable text. Scene locked to narration line: '自分の判断で薬を減らしたり、やめたりする必要はありません。'. A calm kitchen table scene with a notebook, medicine pouch, calendar, and phone, suggesting consultation without showing a clinic. Composition should express this exact moment only, with one clear focal point and calm senior-friendly readability. Avoid dramatic falling, panic, hospital emergency imagery, red warning graphics, speech bubbles, lip-sync pose, mouth-open acting, clutter, photorealism, glossy CG.","Slow intimate push-in camera motion on the object. The object remains still; only tiny light reflections and paper texture shift. Warm domestic light changes subtly. The mood remains calm, warm, and reassuring. (Silent video, no audio). No erratic movement, no character action, no dialogue, no generated text."
相談のために、気づいたことを持っていく、という考え方で十分です。,"kamishibai paper theater illustration, hand-painted gouache and watercolor on warm textured paper, soft pencil contour, muted warm colors, simple stage-like framed composition, Japanese domestic setting, gentle expressions, visible paper grain, no photorealism, no glossy CG, no digital anime rendering, no readable text. Scene locked to narration line: '相談のために、気づいたことを持っていく、という考え方で十分です。'. A calm kitchen table scene with a notebook, medicine pouch, calendar, and phone, suggesting consultation without showing a clinic. Composition should express this exact moment only, with one clear focal point and calm senior-friendly readability. Avoid dramatic falling, panic, hospital emergency imagery, red warning graphics, speech bubbles, lip-sync pose, mouth-open acting, clutter, photorealism, glossy CG.","Slow intimate push-in camera motion on the object. The object remains still; only tiny light reflections and paper texture shift. Warm domestic light changes subtly. The mood remains calm, warm, and reassuring. (Silent video, no audio). No erratic movement, no character action, no dialogue, no generated text."
美智子さんは、あの日の柱に手をついた出来事を、悪いことだとは思わなくなりました。,"kamishibai paper theater illustration, hand-painted gouache and watercolor on warm textured paper, soft pencil contour, muted warm colors, simple stage-like framed composition, Japanese domestic setting, gentle expressions, visible paper grain, no photorealism, no glossy CG, no digital anime rendering, no readable text. Scene locked to narration line: '美智子さんは、あの日の柱に手をついた出来事を、悪いことだとは思わなくなりました。'. A calm kitchen table scene with a notebook, medicine pouch, calendar, and phone, suggesting consultation without showing a clinic. Composition should express this exact moment only, with one clear focal point and calm senior-friendly readability. Avoid dramatic falling, panic, hospital emergency imagery, red warning graphics, speech bubbles, lip-sync pose, mouth-open acting, clutter, photorealism, glossy CG.","Slow intimate push-in camera motion on the object. The object remains still; only tiny light reflections and paper texture shift. Warm domestic light changes subtly. The mood remains calm, warm, and reassuring. (Silent video, no audio). No erratic movement, no character action, no dialogue, no generated text."
あれは体からの、小さなお知らせだったのかもしれません。,"kamishibai paper theater illustration, hand-painted gouache and watercolor on warm textured paper, soft pencil contour, muted warm colors, simple stage-like framed composition, Japanese domestic setting, gentle expressions, visible paper grain, no photorealism, no glossy CG, no digital anime rendering, no readable text. Scene locked to narration line: 'あれは体からの、小さなお知らせだったのかもしれません。'. A calm kitchen table scene with a notebook, medicine pouch, calendar, and phone, suggesting consultation without showing a clinic. Composition should express this exact moment only, with one clear focal point and calm senior-friendly readability. Avoid dramatic falling, panic, hospital emergency imagery, red warning graphics, speech bubbles, lip-sync pose, mouth-open acting, clutter, photorealism, glossy CG.","Slow intimate push-in camera motion on the object. The object remains still; only tiny light reflections and paper texture shift. Warm domestic light changes subtly. The mood remains calm, warm, and reassuring. (Silent video, no audio). No erratic movement, no character action, no dialogue, no generated text."
柱に手をついた自分を責めるのではなく、気づけてよかったと思うようになりました。,"kamishibai paper theater illustration, hand-painted gouache and watercolor on warm textured paper, soft pencil contour, muted warm colors, simple stage-like framed composition, Japanese domestic setting, gentle expressions, visible paper grain, no photorealism, no glossy CG, no digital anime rendering, no readable text. Scene locked to narration line: '柱に手をついた自分を責めるのではなく、気づけてよかったと思うようになりました。'. A calm kitchen table scene with a notebook, medicine pouch, calendar, and phone, suggesting consultation without showing a clinic. Composition should express this exact moment only, with one clear focal point and calm senior-friendly readability. Avoid dramatic falling, panic, hospital emergency imagery, red warning graphics, speech bubbles, lip-sync pose, mouth-open acting, clutter, photorealism, glossy CG.","Slow intimate push-in camera motion on the object. The object remains still; only tiny light reflections and paper texture shift. Warm domestic light changes subtly. The mood remains calm, warm, and reassuring. (Silent video, no audio). No erratic movement, no character action, no dialogue, no generated text."
歩く前に足元を見ることも、恥ずかしいことではありません。,"kamishibai paper theater illustration, hand-painted gouache and watercolor on warm textured paper, soft pencil contour, muted warm colors, simple stage-like framed composition, Japanese domestic setting, gentle expressions, visible paper grain, no photorealism, no glossy CG, no digital anime rendering, no readable text. Scene locked to narration line: '歩く前に足元を見ることも、恥ずかしいことではありません。'. The kamishibai card closes on a warm morning hallway with safe slippers, soft light, clear walking path, and a quiet reassuring mood. Composition should express this exact moment only, with one clear focal point and calm senior-friendly readability. Avoid dramatic falling, panic, hospital emergency imagery, red warning graphics, speech bubbles, lip-sync pose, mouth-open acting, clutter, photorealism, glossy CG.","Slow atmospheric pan across the quiet kamishibai card. The paper-theater scene remains still and composed. Paper grain, soft light, and faint curtain movement create gentle breathing motion. The mood remains calm, warm, and reassuring. (Silent video, no audio). No fast pans, no sudden changes, no character action, no dialogue."
立つ前にひと呼吸置くことも、弱さのしるしではありません。,"kamishibai paper theater illustration, hand-painted gouache and watercolor on warm textured paper, soft pencil contour, muted warm colors, simple stage-like framed composition, Japanese domestic setting, gentle expressions, visible paper grain, no photorealism, no glossy CG, no digital anime rendering, no readable text. Scene locked to narration line: '立つ前にひと呼吸置くことも、弱さのしるしではありません。'. The kamishibai card closes on a warm morning hallway with safe slippers, soft light, clear walking path, and a quiet reassuring mood. Composition should express this exact moment only, with one clear focal point and calm senior-friendly readability. Avoid dramatic falling, panic, hospital emergency imagery, red warning graphics, speech bubbles, lip-sync pose, mouth-open acting, clutter, photorealism, glossy CG.","Slow atmospheric pan across the quiet kamishibai card. The paper-theater scene remains still and composed. Paper grain, soft light, and faint curtain movement create gentle breathing motion. The mood remains calm, warm, and reassuring. (Silent video, no audio). No fast pans, no sudden changes, no character action, no dialogue."
これからの暮らしを、少し安全に整えるための手がかりです。,"kamishibai paper theater illustration, hand-painted gouache and watercolor on warm textured paper, soft pencil contour, muted warm colors, simple stage-like framed composition, Japanese domestic setting, gentle expressions, visible paper grain, no photorealism, no glossy CG, no digital anime rendering, no readable text. Scene locked to narration line: 'これからの暮らしを、少し安全に整えるための手がかりです。'. The kamishibai card closes on a warm morning hallway with safe slippers, soft light, clear walking path, and a quiet reassuring mood. Composition should express this exact moment only, with one clear focal point and calm senior-friendly readability. Avoid dramatic falling, panic, hospital emergency imagery, red warning graphics, speech bubbles, lip-sync pose, mouth-open acting, clutter, photorealism, glossy CG.","Slow atmospheric pan across the quiet kamishibai card. The paper-theater scene remains still and composed. Paper grain, soft light, and faint curtain movement create gentle breathing motion. The mood remains calm, warm, and reassuring. (Silent video, no audio). No fast pans, no sudden changes, no character action, no dialogue."
もし最近、足元を見る時間が増えたと感じたら、今日の美智子さんを思い出してみてください。,"kamishibai paper theater illustration, hand-painted gouache and watercolor on warm textured paper, soft pencil contour, muted warm colors, simple stage-like framed composition, Japanese domestic setting, gentle expressions, visible paper grain, no photorealism, no glossy CG, no digital anime rendering, no readable text. Scene locked to narration line: 'もし最近、足元を見る時間が増えたと感じたら、今日の美智子さんを思い出してみてください。'. The kamishibai card closes on a warm morning hallway with safe slippers, soft light, clear walking path, and a quiet reassuring mood. Composition should express this exact moment only, with one clear focal point and calm senior-friendly readability. Avoid dramatic falling, panic, hospital emergency imagery, red warning graphics, speech bubbles, lip-sync pose, mouth-open acting, clutter, photorealism, glossy CG.","Slow atmospheric pan across the quiet kamishibai card. The paper-theater scene remains still and composed. Paper grain, soft light, and faint curtain movement create gentle breathing motion. The mood remains calm, warm, and reassuring. (Silent video, no audio). No fast pans, no sudden changes, no character action, no dialogue."
布団から起きるとき、いきなり立たずに一度座る。,"kamishibai paper theater illustration, hand-painted gouache and watercolor on warm textured paper, soft pencil contour, muted warm colors, simple stage-like framed composition, Japanese domestic setting, gentle expressions, visible paper grain, no photorealism, no glossy CG, no digital anime rendering, no readable text. Scene locked to narration line: '布団から起きるとき、いきなり立たずに一度座る。'. The kamishibai card closes on a warm morning hallway with safe slippers, soft light, clear walking path, and a quiet reassuring mood. Composition should express this exact moment only, with one clear focal point and calm senior-friendly readability. Avoid dramatic falling, panic, hospital emergency imagery, red warning graphics, speech bubbles, lip-sync pose, mouth-open acting, clutter, photorealism, glossy CG.","Slow atmospheric pan across the quiet kamishibai card. The paper-theater scene remains still and composed. Paper grain, soft light, and faint curtain movement create gentle breathing motion. The mood remains calm, warm, and reassuring. (Silent video, no audio). No fast pans, no sudden changes, no character action, no dialogue."
歩き始める前に、足の裏と床の感覚を確かめる。,"kamishibai paper theater illustration, hand-painted gouache and watercolor on warm textured paper, soft pencil contour, muted warm colors, simple stage-like framed composition, Japanese domestic setting, gentle expressions, visible paper grain, no photorealism, no glossy CG, no digital anime rendering, no readable text. Scene locked to narration line: '歩き始める前に、足の裏と床の感覚を確かめる。'. The kamishibai card closes on a warm morning hallway with safe slippers, soft light, clear walking path, and a quiet reassuring mood. Composition should express this exact moment only, with one clear focal point and calm senior-friendly readability. Avoid dramatic falling, panic, hospital emergency imagery, red warning graphics, speech bubbles, lip-sync pose, mouth-open acting, clutter, photorealism, glossy CG.","Slow atmospheric pan across the quiet kamishibai card. The paper-theater scene remains still and composed. Paper grain, soft light, and faint curtain movement create gentle breathing motion. The mood remains calm, warm, and reassuring. (Silent video, no audio). No fast pans, no sudden changes, no character action, no dialogue."
廊下の明かり、通り道、履き物を見直してみる。,"kamishibai paper theater illustration, hand-painted gouache and watercolor on warm textured paper, soft pencil contour, muted warm colors, simple stage-like framed composition, Japanese domestic setting, gentle expressions, visible paper grain, no photorealism, no glossy CG, no digital anime rendering, no readable text. Scene locked to narration line: '廊下の明かり、通り道、履き物を見直してみる。'. The kamishibai card closes on a warm morning hallway with safe slippers, soft light, clear walking path, and a quiet reassuring mood. Composition should express this exact moment only, with one clear focal point and calm senior-friendly readability. Avoid dramatic falling, panic, hospital emergency imagery, red warning graphics, speech bubbles, lip-sync pose, mouth-open acting, clutter, photorealism, glossy CG.","Slow atmospheric pan across the quiet kamishibai card. The paper-theater scene remains still and composed. Paper grain, soft light, and faint curtain movement create gentle breathing motion. The mood remains calm, warm, and reassuring. (Silent video, no audio). No fast pans, no sudden changes, no character action, no dialogue."
気になることが続くなら、短くメモして相談する。,"kamishibai paper theater illustration, hand-painted gouache and watercolor on warm textured paper, soft pencil contour, muted warm colors, simple stage-like framed composition, Japanese domestic setting, gentle expressions, visible paper grain, no photorealism, no glossy CG, no digital anime rendering, no readable text. Scene locked to narration line: '気になることが続くなら、短くメモして相談する。'. The kamishibai card closes on a warm morning hallway with safe slippers, soft light, clear walking path, and a quiet reassuring mood. Composition should express this exact moment only, with one clear focal point and calm senior-friendly readability. Avoid dramatic falling, panic, hospital emergency imagery, red warning graphics, speech bubbles, lip-sync pose, mouth-open acting, clutter, photorealism, glossy CG.","Slow atmospheric pan across the quiet kamishibai card. The paper-theater scene remains still and composed. Paper grain, soft light, and faint curtain movement create gentle breathing motion. The mood remains calm, warm, and reassuring. (Silent video, no audio). No fast pans, no sudden changes, no character action, no dialogue."
たったひとつでも、明日の一歩を少し落ち着いたものにしてくれるかもしれません。,"kamishibai paper theater illustration, hand-painted gouache and watercolor on warm textured paper, soft pencil contour, muted warm colors, simple stage-like framed composition, Japanese domestic setting, gentle expressions, visible paper grain, no photorealism, no glossy CG, no digital anime rendering, no readable text. Scene locked to narration line: 'たったひとつでも、明日の一歩を少し落ち着いたものにしてくれるかもしれません。'. The kamishibai card closes on a warm morning hallway with safe slippers, soft light, clear walking path, and a quiet reassuring mood. Composition should express this exact moment only, with one clear focal point and calm senior-friendly readability. Avoid dramatic falling, panic, hospital emergency imagery, red warning graphics, speech bubbles, lip-sync pose, mouth-open acting, clutter, photorealism, glossy CG.","Slow atmospheric pan across the quiet kamishibai card. The paper-theater scene remains still and composed. Paper grain, soft light, and faint curtain movement create gentle breathing motion. The mood remains calm, warm, and reassuring. (Silent video, no audio). No fast pans, no sudden changes, no character action, no dialogue."
今日のおはなしは、ここまでです。,"kamishibai paper theater illustration, hand-painted gouache and watercolor on warm textured paper, soft pencil contour, muted warm colors, simple stage-like framed composition, Japanese domestic setting, gentle expressions, visible paper grain, no photorealism, no glossy CG, no digital anime rendering, no readable text. Scene locked to narration line: '今日のおはなしは、ここまでです。'. The kamishibai card closes on a warm morning hallway with safe slippers, soft light, clear walking path, and a quiet reassuring mood. Composition should express this exact moment only, with one clear focal point and calm senior-friendly readability. Avoid dramatic falling, panic, hospital emergency imagery, red warning graphics, speech bubbles, lip-sync pose, mouth-open acting, clutter, photorealism, glossy CG.","Slow atmospheric pan across the quiet kamishibai card. The paper-theater scene remains still and composed. Paper grain, soft light, and faint curtain movement create gentle breathing motion. The mood remains calm, warm, and reassuring. (Silent video, no audio). No fast pans, no sudden changes, no character action, no dialogue."
どうぞ無理のない範囲で、ご自分の朝と足元を見直してみてください。,"kamishibai paper theater illustration, hand-painted gouache and watercolor on warm textured paper, soft pencil contour, muted warm colors, simple stage-like framed composition, Japanese domestic setting, gentle expressions, visible paper grain, no photorealism, no glossy CG, no digital anime rendering, no readable text. Scene locked to narration line: 'どうぞ無理のない範囲で、ご自分の朝と足元を見直してみてください。'. The kamishibai card closes on a warm morning hallway with safe slippers, soft light, clear walking path, and a quiet reassuring mood. Composition should express this exact moment only, with one clear focal point and calm senior-friendly readability. Avoid dramatic falling, panic, hospital emergency imagery, red warning graphics, speech bubbles, lip-sync pose, mouth-open acting, clutter, photorealism, glossy CG.","Slow atmospheric pan across the quiet kamishibai card. The paper-theater scene remains still and composed. Paper grain, soft light, and faint curtain movement create gentle breathing motion. The mood remains calm, warm, and reassuring. (Silent video, no audio). No fast pans, no sudden changes, no character action, no dialogue."
